program_abbr,catalog_program_id,requirement_id,requirement_type,label,year,semester_index,semester_label,option_min_count,option_index,course_code,numeric_code,course_title,metu_credit,contact_hours,lab_hours,ects,source_url,review_status
CENG,571,REQ-0001,required_course,PHYS 105,1,1,First Semester,1,1,PHYS 105,2300105,GENERAL PHYSICS I,4,3,2,6.0,https://catalog.metu.edu.tr/program.php?fac_prog=571,scraped
CENG,571,REQ-0002,required_course,MATH 119,1,1,First Semester,1,1,MATH 119,2360119,CALCULUS WITH ANALYTIC GEOMETRY,5,4,2,7.0,https://catalog.metu.edu.tr/program.php?fac_prog=571,scraped
CENG,571,REQ-0003,required_course,BIOL 109,1,1,First Semester,1,1,BIOL 109,2380109,INTRODUCTION TO MOLECULAR BIOLOGY,3,3,0,5.0,https://catalog.metu.edu.tr/program.php?fac_prog=571,scraped
CENG,571,REQ-0004,required_course,CENG 100,1,1,First Semester,1,1,CENG 100,5710100,COMPUTER ENGINEERING ORIENTATION,0,2,0,1.0,https://catalog.metu.edu.tr/program.php?fac_prog=571,scraped
CENG,571,REQ-0005,required_course,CENG 111,1,1,First Semester,1,1,CENG 111,5710111,INTRODUCTION TO COMPUTER ENG. CONCEPTS,4,3,2,4.0,https://catalog.metu.edu.tr/program.php?fac_prog=571,scraped
CENG,571,REQ-0006,required_course,ENG 101,1,1,First Semester,1,1,ENG 101,6390101,ENGLISH FOR ACADEMIC PURPOSES I,4,4,1,6.0,https://catalog.metu.edu.tr/program.php?fac_prog=571,scraped
CENG,571,REQ-0007,required_course,OHS 101,1,1,First Semester,1,1,OHS 101,8770101,OCCUPATIONAL HEALTH AND SAFETY-I,0,0,0,2.0,https://catalog.metu.edu.tr/program.php?fac_prog=571,scraped
CENG,571,REQ-0008,required_course,IS 100,1,1,First Semester,1,1,IS 100,9010100,INTRODUCTION TO INFORMATION TECHNOLOGIES AND APPLICATIONS,0,0,2,1.0,https://catalog.metu.edu.tr/program.php?fac_prog=571,scraped
CENG,571,REQ-0009,required_course,PHYS 106,1,2,Second Semester,1,1,PHYS 106,2300106,GENERAL PHYSICS II,4,3,2,6.0,https://catalog.metu.edu.tr/program.php?fac_prog=571,scraped
CENG,571,REQ-0010,required_course,MATH 120,1,2,Second Semester,1,1,MATH 120,2360120,CALCULUS OF FUNCTIONS OF SEVERAL VARIABLES,5,4,2,7.5,https://catalog.metu.edu.tr/program.php?fac_prog=571,scraped
CENG,571,REQ-0011,required_course,MATH 260,1,2,Second Semester,1,1,MATH 260,2360260,BASIC LINEAR ALGEBRA,3,3,0,5.0,https://catalog.metu.edu.tr/program.php?fac_prog=571,scraped
CENG,571,REQ-0012,required_course,BA 100,1,2,Second Semester,1,1,BA 100,3120100,CAREER PLANNING,0,1,0,2.0,https://catalog.metu.edu.tr/program.php?fac_prog=571,scraped
CENG,571,REQ-0013,required_course,CENG 140,1,2,Second Semester,1,1,CENG 140,5710140,C PROGRAMMING,4,3,2,4.0,https://catalog.metu.edu.tr/program.php?fac_prog=571,scraped
CENG,571,REQ-0014,required_course,ENG 102,1,2,Second Semester,1,1,ENG 102,6390102,ENGLISH FOR ACADEMIC PURPOSES II,4,4,1,6.0,https://catalog.metu.edu.tr/program.php?fac_prog=571,scraped
CENG,571,REQ-0015,required_course,MATH 219,2,3,Third Semester,1,1,MATH 219,2360219,INTRODUCTION TO DIFFERENTIAL EQUATIONS,4,4,0,7.0,https://catalog.metu.edu.tr/program.php?fac_prog=571,scraped
CENG,571,REQ-0016,required_course,EE 281,2,3,Third Semester,1,1,EE 281,5670281,ELECTRICAL CIRCUITS,4,3,2,6.0,https://catalog.metu.edu.tr/program.php?fac_prog=571,scraped
CENG,571,REQ-0017,required_course,CENG 213,2,3,Third Semester,1,1,CENG 213,5710213,DATA STRUCTURES,4,3,2,7.0,https://catalog.metu.edu.tr/program.php?fac_prog=571,scraped
CENG,571,REQ-0018,required_course,CENG 223,2,3,Third Semester,1,1,CENG 223,5710223,DISCRETE COMPUTATIONAL STRUCTURES,3,3,0,6.0,https://catalog.metu.edu.tr/program.php?fac_prog=571,scraped
CENG,571,REQ-0019,required_course,ENG 211,2,3,Third Semester,1,1,ENG 211,6390211,ACADEMIC SPEAKING SKILLS,3,3,1,4.0,https://catalog.metu.edu.tr/program.php?fac_prog=571,scraped
CENG,571,REQ-0020,course_choice,Any 1 of the following set ..,2,3,Third Semester,1,1,HIST 2201,2402201,,0,2,0,2.0,https://catalog.metu.edu.tr/program.php?fac_prog=571,scraped
CENG,571,REQ-0020,course_choice,Any 1 of the following set ..,2,3,Third Semester,1,2,HIST 2205,2402205,HISTORY OF THE TURKISH REVOLUTION I,0,2,0,2.0,https://catalog.metu.edu.tr/program.php?fac_prog=571,scraped
CENG,571,REQ-0021,required_course,CENG 222,2,4,Fourth Semester,1,1,CENG 222,5710222,STATISTICAL METHODS FOR COMPUTER ENGINEERING,3,3,0,5.0,https://catalog.metu.edu.tr/program.php?fac_prog=571,scraped
CENG,571,REQ-0022,required_course,CENG 232,2,4,Fourth Semester,1,1,CENG 232,5710232,LOGIC DESIGN,4,3,2,7.0,https://catalog.metu.edu.tr/program.php?fac_prog=571,scraped
CENG,571,REQ-0023,required_course,CENG 242,2,4,Fourth Semester,1,1,CENG 242,5710242,PROGRAMMING LANGUAGE CONCEPTS,4,3,2,7.0,https://catalog.metu.edu.tr/program.php?fac_prog=571,scraped
CENG,571,REQ-0024,required_course,CENG 280,2,4,Fourth Semester,1,1,CENG 280,5710280,FORMAL LANGU.AND ABSTRACT MACHINES,3,3,0,6.0,https://catalog.metu.edu.tr/program.php?fac_prog=571,scraped
CENG,571,REQ-0025,course_choice,Any 1 of the following set ..,2,4,Fourth Semester,1,1,HIST 2202,2402202,,0,2,0,2.0,https://catalog.metu.edu.tr/program.php?fac_prog=571,scraped
CENG,571,REQ-0025,course_choice,Any 1 of the following set ..,2,4,Fourth Semester,1,2,HIST 2206,2402206,HISTORY OF THE TURKISH REVOLUTION II,0,2,0,2.0,https://catalog.metu.edu.tr/program.php?fac_prog=571,scraped
CENG,571,REQ-0026,nontechnical_elective_pool,NONTECHNICAL ELECTIVE,2,4,Fourth Semester,1,,,,,,,,5.0,https://catalog.metu.edu.tr/program.php?fac_prog=571,scraped
CENG,571,REQ-0027,summer_practice,CENG 300,3,5,Fifth Semester,1,1,CENG 300,5710300,SUMMER PRACTICE I,0,0,0,5.0,https://catalog.metu.edu.tr/program.php?fac_prog=571,scraped
CENG,571,REQ-0028,required_course,CENG 315,3,5,Fifth Semester,1,1,CENG 315,5710315,ALGORITHMS,3,3,0,6.0,https://catalog.metu.edu.tr/program.php?fac_prog=571,scraped
CENG,571,REQ-0029,required_course,CENG 331,3,5,Fifth Semester,1,1,CENG 331,5710331,COMPUTER ORGANIZATION,3,3,0,6.0,https://catalog.metu.edu.tr/program.php?fac_prog=571,scraped
CENG,571,REQ-0030,required_course,CENG 351,3,5,Fifth Semester,1,1,CENG 351,5710351,DATA MANAGEMENT AND FILE STRUCTURES,3,3,0,6.0,https://catalog.metu.edu.tr/program.php?fac_prog=571,scraped
CENG,571,REQ-0031,required_course,OHS 301,3,5,Fifth Semester,1,1,OHS 301,8770301,OCCUPATIONAL HEALTH AND SAFETY - II,0,0,0,2.0,https://catalog.metu.edu.tr/program.php?fac_prog=571,scraped
CENG,571,REQ-0032,course_choice,Any 1 of the following set ..,3,5,Fifth Semester,1,1,TURK 105,6420105,TURKISH I,0,4,0,5.0,https://catalog.metu.edu.tr/program.php?fac_prog=571,scraped
CENG,571,REQ-0032,course_choice,Any 1 of the following set ..,3,5,Fifth Semester,1,2,TURK 201,6420201,ELEMENTARY TURKISH I,0,2,0,3.0,https://catalog.metu.edu.tr/program.php?fac_prog=571,scraped
CENG,571,REQ-0032,course_choice,Any 1 of the following set ..,3,5,Fifth Semester,1,3,TURK 303,6420303,TURKISH I,0,2,0,2.0,https://catalog.metu.edu.tr/program.php?fac_prog=571,scraped
CENG,571,REQ-0033,restricted_elective_pool,RESTRICTED ELECTIVE,3,5,Fifth Semester,1,,,,,,,,5.0,https://catalog.metu.edu.tr/program.php?fac_prog=571,scraped
CENG,571,REQ-0034,nontechnical_elective_pool,NONTECHNICAL ELECTIVE,3,5,Fifth Semester,1,,,,,,,,5.0,https://catalog.metu.edu.tr/program.php?fac_prog=571,scraped
CENG,571,REQ-0035,required_course,CENG 334,3,6,Sixth Semester,1,1,CENG 334,5710334,INTRODUCTION TO OPERATING SYSTEMS,3,3,0,5.5,https://catalog.metu.edu.tr/program.php?fac_prog=571,scraped
CENG,571,REQ-0036,required_course,CENG 336,3,6,Sixth Semester,1,1,CENG 336,5710336,INTRO.TO EMBEDDED SYSTEMS DEVELOPMENT,3,2,2,5.5,https://catalog.metu.edu.tr/program.php?fac_prog=571,scraped
CENG,571,REQ-0037,required_course,CENG 350,3,6,Sixth Semester,1,1,CENG 350,5710350,SOFTWARE ENGINEERING,3,3,0,5.5,https://catalog.metu.edu.tr/program.php?fac_prog=571,scraped
CENG,571,REQ-0038,required_course,CENG 384,3,6,Sixth Semester,1,1,CENG 384,5710384,SIGNALS AND SYSTEMS FOR COMPUTER ENGINEERS,3,3,0,5.0,https://catalog.metu.edu.tr/program.php?fac_prog=571,scraped
CENG,571,REQ-0039,course_choice,Any 1 of the following set ..,3,6,Sixth Semester,1,1,TURK 106,6420106,TURKISH II,0,4,0,5.0,https://catalog.metu.edu.tr/program.php?fac_prog=571,scraped
CENG,571,REQ-0039,course_choice,Any 1 of the following set ..,3,6,Sixth Semester,1,2,TURK 202,6420202,INTERMEDIATE TURKISH I,0,2,0,3.0,https://catalog.metu.edu.tr/program.php?fac_prog=571,scraped
CENG,571,REQ-0039,course_choice,Any 1 of the following set ..,3,6,Sixth Semester,1,3,TURK 304,6420304,TURKISH II,0,2,0,2.0,https://catalog.metu.edu.tr/program.php?fac_prog=571,scraped
CENG,571,REQ-0040,nontechnical_elective_pool,NONTECHNICAL ELECTIVE,3,6,Sixth Semester,1,,,,,,,,5.0,https://catalog.metu.edu.tr/program.php?fac_prog=571,scraped
CENG,571,REQ-0041,summer_practice,CENG 400,4,7,Seventh Semester,1,1,CENG 400,5710400,SUMMER PRACTICE II,0,0,0,5.0,https://catalog.metu.edu.tr/program.php?fac_prog=571,scraped
CENG,571,REQ-0042,required_course,CENG 477,4,7,Seventh Semester,1,1,CENG 477,5710477,INTRODUCTION TO COMPUTER GRAPHICS,3,3,0,6.0,https://catalog.metu.edu.tr/program.php?fac_prog=571,scraped
CENG,571,REQ-0043,required_course,CENG 491,4,7,Seventh Semester,1,1,CENG 491,5710491,COMPUTER ENGINEERING DESIGN I,4,2,4,7.0,https://catalog.metu.edu.tr/program.php?fac_prog=571,scraped
CENG,571,REQ-0044,technical_elective_pool,TECHNICAL ELECTIVE,4,7,Seventh Semester,1,,,,,,,,5.0,https://catalog.metu.edu.tr/program.php?fac_prog=571,scraped
CENG,571,REQ-0045,technical_elective_pool,TECHNICAL ELECTIVE,4,7,Seventh Semester,1,,,,,,,,5.0,https://catalog.metu.edu.tr/program.php?fac_prog=571,scraped
CENG,571,REQ-0046,required_course,CENG 492,4,8,Eighth Semester,1,1,CENG 492,5710492,COMPUTER ENGINEERING DESIGN II,4,2,4,7.0,https://catalog.metu.edu.tr/program.php?fac_prog=571,scraped
CENG,571,REQ-0047,free_elective_pool,FREE ELECTIVE,4,8,Eighth Semester,1,,,,,,,,5.0,https://catalog.metu.edu.tr/program.php?fac_prog=571,scraped
CENG,571,REQ-0048,technical_elective_pool,TECHNICAL ELECTIVE,4,8,Eighth Semester,1,,,,,,,,5.0,https://catalog.metu.edu.tr/program.php?fac_prog=571,scraped
CENG,571,REQ-0049,technical_elective_pool,TECHNICAL ELECTIVE,4,8,Eighth Semester,1,,,,,,,,5.0,https://catalog.metu.edu.tr/program.php?fac_prog=571,scraped
CENG,571,REQ-0050,technical_elective_pool,TECHNICAL ELECTIVE,4,8,Eighth Semester,1,,,,,,,,5.0,https://catalog.metu.edu.tr/program.php?fac_prog=571,scraped
ENVE,560,REQ-0001,required_course,PHYS 105,1,1,First Semester,1,1,PHYS 105,2300105,GENERAL PHYSICS I,4,3,2,6.0,https://catalog.metu.edu.tr/program.php?fac_prog=560,scraped
ENVE,560,REQ-0002,required_course,CHEM 107,1,1,First Semester,1,1,CHEM 107,2340107,GENERAL CHEMISTRY,4,3,2,6.0,https://catalog.metu.edu.tr/program.php?fac_prog=560,scraped
ENVE,560,REQ-0003,required_course,MATH 119,1,1,First Semester,1,1,MATH 119,2360119,CALCULUS WITH ANALYTIC GEOMETRY,5,4,2,7.0,https://catalog.metu.edu.tr/program.php?fac_prog=560,scraped
ENVE,560,REQ-0004,required_course,ENVE 101,1,1,First Semester,1,1,ENVE 101,5600101,INTRODUCTION TO ENVIRONMENTAL ENG.,2,2,0,3.0,https://catalog.metu.edu.tr/program.php?fac_prog=560,scraped
ENVE,560,REQ-0005,required_course,ENG 101,1,1,First Semester,1,1,ENG 101,6390101,ENGLISH FOR ACADEMIC PURPOSES I,4,4,1,6.0,https://catalog.metu.edu.tr/program.php?fac_prog=560,scraped
ENVE,560,REQ-0006,required_course,OHS 101,1,1,First Semester,1,1,OHS 101,8770101,OCCUPATIONAL HEALTH AND SAFETY-I,0,0,0,2.0,https://catalog.metu.edu.tr/program.php?fac_prog=560,scraped
ENVE,560,REQ-0007,required_course,IS 100,1,1,First Semester,1,1,IS 100,9010100,INTRODUCTION TO INFORMATION TECHNOLOGIES AND APPLICATIONS,0,0,2,1.0,https://catalog.metu.edu.tr/program.php?fac_prog=560,scraped
ENVE,560,REQ-0008,required_course,PHYS 106,1,2,Second Semester,1,1,PHYS 106,2300106,GENERAL PHYSICS II,4,3,2,6.0,https://catalog.metu.edu.tr/program.php?fac_prog=560,scraped
ENVE,560,REQ-0009,required_course,MATH 120,1,2,Second Semester,1,1,MATH 120,2360120,CALCULUS OF FUNCTIONS OF SEVERAL VARIABLES,5,4,2,7.5,https://catalog.metu.edu.tr/program.php?fac_prog=560,scraped
ENVE,560,REQ-0010,required_course,BA 100,1,2,Second Semester,1,1,BA 100,3120100,CAREER PLANNING,0,1,0,2.0,https://catalog.metu.edu.tr/program.php?fac_prog=560,scraped
ENVE,560,REQ-0011,required_course,ENVE 102,1,2,Second Semester,1,1,ENVE 102,5600102,ENVIRONMENTAL CHEMISTRY I,3,3,0,5.0,https://catalog.metu.edu.tr/program.php?fac_prog=560,scraped
ENVE,560,REQ-0012,required_course,CE 101,1,2,Second Semester,1,1,CE 101,5620101,CIVIL ENGINEERING DRAWING,3,2,2,4.0,https://catalog.metu.edu.tr/program.php?fac_prog=560,scraped
ENVE,560,REQ-0013,required_course,CENG 240,1,2,Second Semester,1,1,CENG 240,5710240,PROGRAMMING WITH PYTHON FOR ENGINEERS,3,2,2,4.0,https://catalog.metu.edu.tr/program.php?fac_prog=560,scraped
ENVE,560,REQ-0014,required_course,ENG 102,1,2,Second Semester,1,1,ENG 102,6390102,ENGLISH FOR ACADEMIC PURPOSES II,4,4,1,6.0,https://catalog.metu.edu.tr/program.php?fac_prog=560,scraped
ENVE,560,REQ-0015,required_course,CHEM 229,2,3,Third Semester,1,1,CHEM 229,2340229,ORGANIC CHEMISTRY FOR ENGINEERS,4,3,2,6.0,https://catalog.metu.edu.tr/program.php?fac_prog=560,scraped
ENVE,560,REQ-0016,required_course,MATH 219,2,3,Third Semester,1,1,MATH 219,2360219,INTRODUCTION TO DIFFERENTIAL EQUATIONS,4,4,0,7.0,https://catalog.metu.edu.tr/program.php?fac_prog=560,scraped
ENVE,560,REQ-0017,required_course,ENVE 201,2,3,Third Semester,1,1,ENVE 201,5600201,FUNDAMENTALS OF ENVIRONMENTAL ENG.PRO.,3,3,0,5.0,https://catalog.metu.edu.tr/program.php?fac_prog=560,scraped
ENVE,560,REQ-0018,required_course,ENVE 208,2,3,Third Semester,1,1,ENVE 208,5600208,ENVIRONMENTAL CHEMISTRY LABORATORY,3,1,4,3.0,https://catalog.metu.edu.tr/program.php?fac_prog=560,scraped
ENVE,560,REQ-0019,required_course,ES 223,2,3,Third Semester,1,1,ES 223,5610223,STATICS AND STRENGTH OF MATERIALS,4,4,0,5.0,https://catalog.metu.edu.tr/program.php?fac_prog=560,scraped
ENVE,560,REQ-0020,required_course,ENG 211,2,3,Third Semester,1,1,ENG 211,6390211,ACADEMIC SPEAKING SKILLS,3,3,1,4.0,https://catalog.metu.edu.tr/program.php?fac_prog=560,scraped
ENVE,560,REQ-0021,course_choice,Any 1 of the following set ..,2,3,Third Semester,1,1,HIST 2201,2402201,,0,2,0,2.0,https://catalog.metu.edu.tr/program.php?fac_prog=560,scraped
ENVE,560,REQ-0021,course_choice,Any 1 of the following set ..,2,3,Third Semester,1,2,HIST 2205,2402205,HISTORY OF THE TURKISH REVOLUTION I,0,2,0,2.0,https://catalog.metu.edu.tr/program.php?fac_prog=560,scraped
ENVE,560,REQ-0022,required_course,ENVE 202,2,4,Fourth Semester,1,1,ENVE 202,5600202,ENVIRONMENTAL MICROBIOLOGY,4,3,2,6.0,https://catalog.metu.edu.tr/program.php?fac_prog=560,scraped
ENVE,560,REQ-0023,required_course,ENVE 206,2,4,Fourth Semester,1,1,ENVE 206,5600206,PHYSICO-CHEMICAL PRIN.OF ENVIRON.ENG.,3,3,0,5.0,https://catalog.metu.edu.tr/program.php?fac_prog=560,scraped
ENVE,560,REQ-0024,required_course,ENVE 307,2,4,Fourth Semester,1,1,ENVE 307,5600307,AIR POLLUTION,3,3,0,5.0,https://catalog.metu.edu.tr/program.php?fac_prog=560,scraped
ENVE,560,REQ-0025,required_course,ES 303,2,4,Fourth Semester,1,1,ES 303,5610303,STATISTICAL METHODS FOR ENGINEERS,3,3,0,5.0,https://catalog.metu.edu.tr/program.php?fac_prog=560,scraped
ENVE,560,REQ-0026,required_course,CHE 204,2,4,Fourth Semester,1,1,CHE 204,5630204,THERMODYNAMICS I,4,4,0,7.0,https://catalog.metu.edu.tr/program.php?fac_prog=560,scraped
ENVE,560,REQ-0027,course_choice,Any 1 of the following set ..,2,4,Fourth Semester,1,1,HIST 2202,2402202,,0,2,0,2.0,https://catalog.metu.edu.tr/program.php?fac_prog=560,scraped
ENVE,560,REQ-0027,course_choice,Any 1 of the following set ..,2,4,Fourth Semester,1,2,HIST 2206,2402206,HISTORY OF THE TURKISH REVOLUTION II,0,2,0,2.0,https://catalog.metu.edu.tr/program.php?fac_prog=560,scraped
ENVE,560,REQ-0028,summer_practice,ENVE 300,3,5,Fifth Semester,1,1,ENVE 300,5600300,SUMMER PRACTICE I,0,0,0,5.0,https://catalog.metu.edu.tr/program.php?fac_prog=560,scraped
ENVE,560,REQ-0029,required_course,ENVE 303,3,5,Fifth Semester,1,1,ENVE 303,5600303,UNIT OP. & PROCES. OF WATER TREAT.,3,3,0,6.0,https://catalog.metu.edu.tr/program.php?fac_prog=560,scraped
ENVE,560,REQ-0030,required_course,ENVE 309,3,5,Fifth Semester,1,1,ENVE 309,5600309,FUNDAMENTALS OF BIOLOGICAL TREATMENT,3,3,0,6.0,https://catalog.metu.edu.tr/program.php?fac_prog=560,scraped
ENVE,560,REQ-0031,required_course,CE 374,3,5,Fifth Semester,1,1,CE 374,5620374,FLUID MECHANICS,3,3,0,5.0,https://catalog.metu.edu.tr/program.php?fac_prog=560,scraped
ENVE,560,REQ-0032,required_course,CE 375,3,5,Fifth Semester,1,1,CE 375,5620375,ENVIRONMENTAL ENGINEERING HYDROLOGY,3,3,0,5.0,https://catalog.metu.edu.tr/program.php?fac_prog=560,scraped
ENVE,560,REQ-0033,required_course,OHS 301,3,5,Fifth Semester,1,1,OHS 301,8770301,OCCUPATIONAL HEALTH AND SAFETY - II,0,0,0,2.0,https://catalog.metu.edu.tr/program.php?fac_prog=560,scraped
ENVE,560,REQ-0034,course_choice,Any 1 of the following set ..,3,5,Fifth Semester,1,1,TURK 105,6420105,TURKISH I,0,4,0,5.0,https://catalog.metu.edu.tr/program.php?fac_prog=560,scraped
ENVE,560,REQ-0034,course_choice,Any 1 of the following set ..,3,5,Fifth Semester,1,2,TURK 201,6420201,ELEMENTARY TURKISH I,0,2,0,3.0,https://catalog.metu.edu.tr/program.php?fac_prog=560,scraped
ENVE,560,REQ-0034,course_choice,Any 1 of the following set ..,3,5,Fifth Semester,1,3,TURK 303,6420303,TURKISH I,0,2,0,2.0,https://catalog.metu.edu.tr/program.php?fac_prog=560,scraped
ENVE,560,REQ-0035,nontechnical_elective_pool,NONTECHNICAL ELECTIVE,3,5,Fifth Semester,1,,,,,,,,5.0,https://catalog.metu.edu.tr/program.php?fac_prog=560,scraped
ENVE,560,REQ-0036,required_course,ENVE 304,3,6,Sixth Semester,1,1,ENVE 304,5600304,UNIT OP. & PROCES.OF WASTEWATER TREAT.,3,3,0,6.0,https://catalog.metu.edu.tr/program.php?fac_prog=560,scraped
ENVE,560,REQ-0037,required_course,ENVE 312,3,6,Sixth Semester,1,1,ENVE 312,5600312,WATER SUPPLY AND URBAN DRAINAGE,3,3,0,6.0,https://catalog.metu.edu.tr/program.php?fac_prog=560,scraped
ENVE,560,REQ-0038,required_course,ENVE 322,3,6,Sixth Semester,1,1,ENVE 322,5600322,TRANSPORT PROCESSES IN ENVIRONMENTAL ENGINEERING,3,3,0,6.0,https://catalog.metu.edu.tr/program.php?fac_prog=560,scraped
ENVE,560,REQ-0039,required_course,ES 361,3,6,Sixth Semester,1,1,ES 361,5610361,COMPUTING METHODS IN ENGINEERING,3,3,0,5.0,https://catalog.metu.edu.tr/program.php?fac_prog=560,scraped
ENVE,560,REQ-0040,course_choice,Any 1 of the following set ..,3,6,Sixth Semester,1,1,TURK 106,6420106,TURKISH II,0,4,0,5.0,https://catalog.metu.edu.tr/program.php?fac_prog=560,scraped
ENVE,560,REQ-0040,course_choice,Any 1 of the following set ..,3,6,Sixth Semester,1,2,TURK 202,6420202,INTERMEDIATE TURKISH I,0,2,0,3.0,https://catalog.metu.edu.tr/program.php?fac_prog=560,scraped
ENVE,560,REQ-0040,course_choice,Any 1 of the following set ..,3,6,Sixth Semester,1,3,TURK 304,6420304,TURKISH II,0,2,0,2.0,https://catalog.metu.edu.tr/program.php?fac_prog=560,scraped
ENVE,560,REQ-0041,restricted_elective_pool,RESTRICTED ELECTIVE,3,6,Sixth Semester,1,,,,,,,,5.0,https://catalog.metu.edu.tr/program.php?fac_prog=560,scraped
ENVE,560,REQ-0042,nontechnical_elective_pool,NONTECHNICAL ELECTIVE,3,6,Sixth Semester,1,,,,,,,,5.0,https://catalog.metu.edu.tr/program.php?fac_prog=560,scraped
ENVE,560,REQ-0043,summer_practice,ENVE 400,4,7,Seventh Semester,1,1,ENVE 400,5600400,SUMMER PRACTICE II,0,0,0,5.0,https://catalog.metu.edu.tr/program.php?fac_prog=560,scraped
ENVE,560,REQ-0044,required_course,ENVE 404,4,7,Seventh Semester,1,1,ENVE 404,5600404,ENVIRONMENTAL MODELING,3,3,0,6.0,https://catalog.metu.edu.tr/program.php?fac_prog=560,scraped
ENVE,560,REQ-0045,required_course,ENVE 407,4,7,Seventh Semester,1,1,ENVE 407,5600407,ENVIRONMENTAL ENGINEERING DESIGN I,3,2,2,7.0,https://catalog.metu.edu.tr/program.php?fac_prog=560,scraped
ENVE,560,REQ-0046,required_course,ENVE 412,4,7,Seventh Semester,1,1,ENVE 412,5600412,SOLID WASTE MANAGEMENT,3,3,0,5.0,https://catalog.metu.edu.tr/program.php?fac_prog=560,scraped
ENVE,560,REQ-0047,technical_elective_pool,TECHNICAL ELECTIVE,4,7,Seventh Semester,1,,,,,,,,5.0,https://catalog.metu.edu.tr/program.php?fac_prog=560,scraped
ENVE,560,REQ-0048,technical_elective_pool,TECHNICAL ELECTIVE,4,7,Seventh Semester,1,,,,,,,,5.0,https://catalog.metu.edu.tr/program.php?fac_prog=560,scraped
ENVE,560,REQ-0049,required_course,ENVE 408,4,8,Eighth Semester,1,1,ENVE 408,5600408,ENVIRONMENTAL ENGINEERING DESIGN II,3,2,2,7.0,https://catalog.metu.edu.tr/program.php?fac_prog=560,scraped
ENVE,560,REQ-0050,free_elective_pool,FREE ELECTIVE,4,8,Eighth Semester,1,,,,,,,,5.0,https://catalog.metu.edu.tr/program.php?fac_prog=560,scraped
ENVE,560,REQ-0051,technical_elective_pool,TECHNICAL ELECTIVE,4,8,Eighth Semester,1,,,,,,,,5.0,https://catalog.metu.edu.tr/program.php?fac_prog=560,scraped
ENVE,560,REQ-0052,technical_elective_pool,TECHNICAL ELECTIVE,4,8,Eighth Semester,1,,,,,,,,5.0,https://catalog.metu.edu.tr/program.php?fac_prog=560,scraped
ENVE,560,REQ-0053,technical_elective_pool,TECHNICAL ELECTIVE,4,8,Eighth Semester,1,,,,,,,,5.0,https://catalog.metu.edu.tr/program.php?fac_prog=560,scraped
EEE,567,REQ-0001,required_course,PHYS 105,1,1,First Semester,1,1,PHYS 105,2300105,GENERAL PHYSICS I,4,3,2,6.0,https://catalog.metu.edu.tr/program.php?fac_prog=567,scraped
EEE,567,REQ-0002,required_course,CHEM 107,1,1,First Semester,1,1,CHEM 107,2340107,GENERAL CHEMISTRY,4,3,2,6.0,https://catalog.metu.edu.tr/program.php?fac_prog=567,scraped
EEE,567,REQ-0003,required_course,MATH 129,1,1,First Semester,1,1,MATH 129,2360129,SINGLE VARIABLE CALCULUS,5,4,2,7.0,https://catalog.metu.edu.tr/program.php?fac_prog=567,scraped
EEE,567,REQ-0004,required_course,CENG 240,1,1,First Semester,1,1,CENG 240,5710240,PROGRAMMING WITH PYTHON FOR ENGINEERS,3,2,2,4.0,https://catalog.metu.edu.tr/program.php?fac_prog=567,scraped
EEE,567,REQ-0005,required_course,ENG 101,1,1,First Semester,1,1,ENG 101,6390101,ENGLISH FOR ACADEMIC PURPOSES I,4,4,1,6.0,https://catalog.metu.edu.tr/program.php?fac_prog=567,scraped
EEE,567,REQ-0006,required_course,OHS 101,1,1,First Semester,1,1,OHS 101,8770101,OCCUPATIONAL HEALTH AND SAFETY-I,0,0,0,2.0,https://catalog.metu.edu.tr/program.php?fac_prog=567,scraped
EEE,567,REQ-0007,required_course,IS 100,1,1,First Semester,1,1,IS 100,9010100,INTRODUCTION TO INFORMATION TECHNOLOGIES AND APPLICATIONS,0,0,2,1.0,https://catalog.metu.edu.tr/program.php?fac_prog=567,scraped
EEE,567,REQ-0008,required_course,PHYS 106,1,2,Second Semester,1,1,PHYS 106,2300106,GENERAL PHYSICS II,4,3,2,6.0,https://catalog.metu.edu.tr/program.php?fac_prog=567,scraped
EEE,567,REQ-0009,required_course,MATH 130,1,2,Second Semester,1,1,MATH 130,2360130,MULTIVARIABLE AND VECTOR CALCULUS,5,4,2,7.5,https://catalog.metu.edu.tr/program.php?fac_prog=567,scraped
EEE,567,REQ-0010,required_course,MATH 260,1,2,Second Semester,1,1,MATH 260,2360260,BASIC LINEAR ALGEBRA,3,3,0,5.0,https://catalog.metu.edu.tr/program.php?fac_prog=567,scraped
EEE,567,REQ-0011,required_course,BA 100,1,2,Second Semester,1,1,BA 100,3120100,CAREER PLANNING,0,1,0,2.0,https://catalog.metu.edu.tr/program.php?fac_prog=567,scraped
EEE,567,REQ-0012,required_course,EE 101,1,2,Second Semester,1,1,EE 101,5670101,INTRODUCTION TO ELECTRICAL AND ELECTRONICS ENGINEERING,2,1,2,3.0,https://catalog.metu.edu.tr/program.php?fac_prog=567,scraped
EEE,567,REQ-0013,required_course,ME 105,1,2,Second Semester,1,1,ME 105,5690105,COMPUTER AIDED ENGINEERING GRAPHICS,3,2,2,5.0,https://catalog.metu.edu.tr/program.php?fac_prog=567,scraped
EEE,567,REQ-0014,required_course,ENG 102,1,2,Second Semester,1,1,ENG 102,6390102,ENGLISH FOR ACADEMIC PURPOSES II,4,4,1,6.0,https://catalog.metu.edu.tr/program.php?fac_prog=567,scraped
EEE,567,REQ-0015,required_course,PHYS 213,2,3,Third Semester,1,1,PHYS 213,2300213,GENERAL PHYSICS III,3,3,0,5.0,https://catalog.metu.edu.tr/program.php?fac_prog=567,scraped
EEE,567,REQ-0016,required_course,MATH 219,2,3,Third Semester,1,1,MATH 219,2360219,INTRODUCTION TO DIFFERENTIAL EQUATIONS,4,4,0,7.0,https://catalog.metu.edu.tr/program.php?fac_prog=567,scraped
EEE,567,REQ-0017,required_course,EE 201,2,3,Third Semester,1,1,EE 201,5670201,CIRCUIT THEORY I,4,4,0,6.0,https://catalog.metu.edu.tr/program.php?fac_prog=567,scraped
EEE,567,REQ-0018,required_course,EE 213,2,3,Third Semester,1,1,EE 213,5670213,ELECTRICAL CIRCUITS LABORATORY,2,0,4,3.0,https://catalog.metu.edu.tr/program.php?fac_prog=567,scraped
EEE,567,REQ-0019,required_course,ENG 211,2,3,Third Semester,1,1,ENG 211,6390211,ACADEMIC SPEAKING SKILLS,3,3,1,4.0,https://catalog.metu.edu.tr/program.php?fac_prog=567,scraped
EEE,567,REQ-0020,required_course,OHS 301,2,3,Third Semester,1,1,OHS 301,8770301,OCCUPATIONAL HEALTH AND SAFETY - II,0,0,0,2.0,https://catalog.metu.edu.tr/program.php?fac_prog=567,scraped
EEE,567,REQ-0021,course_choice,Any 1 of the following set ..,2,3,Third Semester,1,1,HIST 2201,2402201,,0,2,0,2.0,https://catalog.metu.edu.tr/program.php?fac_prog=567,scraped
EEE,567,REQ-0021,course_choice,Any 1 of the following set ..,2,3,Third Semester,1,2,HIST 2205,2402205,HISTORY OF THE TURKISH REVOLUTION I,0,2,0,2.0,https://catalog.metu.edu.tr/program.php?fac_prog=567,scraped
EEE,567,REQ-0022,required_course,EE 202,2,4,Fourth Semester,1,1,EE 202,5670202,CIRCUIT THEORY II,4,4,0,6.0,https://catalog.metu.edu.tr/program.php?fac_prog=567,scraped
EEE,567,REQ-0023,required_course,EE 212,2,4,Fourth Semester,1,1,EE 212,5670212,SEMICONDUCTOR DEVICES& MODELING,3,3,0,5.0,https://catalog.metu.edu.tr/program.php?fac_prog=567,scraped
EEE,567,REQ-0024,required_course,EE 214,2,4,Fourth Semester,1,1,EE 214,5670214,ELECTRONIC CIRCUITS LABORATORY,2,0,4,3.0,https://catalog.metu.edu.tr/program.php?fac_prog=567,scraped
EEE,567,REQ-0025,required_course,EE 224,2,4,Fourth Semester,1,1,EE 224,5670224,ELECTROMAGNETIC THEORY,4,4,0,6.0,https://catalog.metu.edu.tr/program.php?fac_prog=567,scraped
EEE,567,REQ-0026,required_course,EE 230,2,4,Fourth Semester,1,1,EE 230,5670230,PROBABILITY AND RANDOM VARIABLES,3,3,0,5.0,https://catalog.metu.edu.tr/program.php?fac_prog=567,scraped
EEE,567,REQ-0027,course_choice,Any 1 of the following set ..,2,4,Fourth Semester,1,1,HIST 2202,2402202,,0,2,0,2.0,https://catalog.metu.edu.tr/program.php?fac_prog=567,scraped
EEE,567,REQ-0027,course_choice,Any 1 of the following set ..,2,4,Fourth Semester,1,2,HIST 2206,2402206,HISTORY OF THE TURKISH REVOLUTION II,0,2,0,2.0,https://catalog.metu.edu.tr/program.php?fac_prog=567,scraped
EEE,567,REQ-0028,nontechnical_elective_pool,NONTECHNICAL ELECTIVE,2,4,Fourth Semester,1,,,,,,,,5.0,https://catalog.metu.edu.tr/program.php?fac_prog=567,scraped
EEE,567,REQ-0029,summer_practice,EE 300,3,5,Fifth Semester,1,1,EE 300,5670300,SUMMER PRACTICE I,0,0,0,5.0,https://catalog.metu.edu.tr/program.php?fac_prog=567,scraped
EEE,567,REQ-0030,required_course,EE 301,3,5,Fifth Semester,1,1,EE 301,5670301,SIGNALS AND SYSTEMS I,3,3,0,5.0,https://catalog.metu.edu.tr/program.php?fac_prog=567,scraped
EEE,567,REQ-0031,required_course,EE 303,3,5,Fifth Semester,1,1,EE 303,5670303,ELECTROMAGNETIC WAVES,3,3,0,5.0,https://catalog.metu.edu.tr/program.php?fac_prog=567,scraped
EEE,567,REQ-0032,required_course,EE 311,3,5,Fifth Semester,1,1,EE 311,5670311,ANALOG ELECTRONICS,3,3,0,5.0,https://catalog.metu.edu.tr/program.php?fac_prog=567,scraped
EEE,567,REQ-0033,required_course,EE 313,3,5,Fifth Semester,1,1,EE 313,5670313,ANALOG ELECTRONICS LABORATORY,2,0,4,3.0,https://catalog.metu.edu.tr/program.php?fac_prog=567,scraped
EEE,567,REQ-0034,required_course,EE 361,3,5,Fifth Semester,1,1,EE 361,5670361,ELECTROMECHANICAL ENERGY CONVERSION I,4,3,2,7.0,https://catalog.metu.edu.tr/program.php?fac_prog=567,scraped
EEE,567,REQ-0035,course_choice,Any 1 of the following set ..,3,5,Fifth Semester,1,1,TURK 105,6420105,TURKISH I,0,4,0,5.0,https://catalog.metu.edu.tr/program.php?fac_prog=567,scraped
EEE,567,REQ-0035,course_choice,Any 1 of the following set ..,3,5,Fifth Semester,1,2,TURK 201,6420201,ELEMENTARY TURKISH I,0,2,0,3.0,https://catalog.metu.edu.tr/program.php?fac_prog=567,scraped
EEE,567,REQ-0035,course_choice,Any 1 of the following set ..,3,5,Fifth Semester,1,3,TURK 303,6420303,TURKISH I,0,2,0,2.0,https://catalog.metu.edu.tr/program.php?fac_prog=567,scraped
EEE,567,REQ-0036,nontechnical_elective_pool,NONTECHNICAL ELECTIVE,3,5,Fifth Semester,1,,,,,,,,5.0,https://catalog.metu.edu.tr/program.php?fac_prog=567,scraped
EEE,567,REQ-0037,required_course,EE 302,3,6,Sixth Semester,1,1,EE 302,5670302,FEEDBACK SYSTEMS,3,3,0,5.0,https://catalog.metu.edu.tr/program.php?fac_prog=567,scraped
EEE,567,REQ-0038,required_course,EE 314,3,6,Sixth Semester,1,1,EE 314,5670314,DIGITAL CIRCUITS LABORATORY,2,0,4,3.0,https://catalog.metu.edu.tr/program.php?fac_prog=567,scraped
EEE,567,REQ-0039,required_course,EE 348,3,6,Sixth Semester,1,1,EE 348,5670348,INTRODUCTION TO LOGIC DESIGN,3,3,0,5.0,https://catalog.metu.edu.tr/program.php?fac_prog=567,scraped
EEE,567,REQ-0040,course_choice,Any 1 of the following set ..,3,6,Sixth Semester,1,1,TURK 106,6420106,TURKISH II,0,4,0,5.0,https://catalog.metu.edu.tr/program.php?fac_prog=567,scraped
EEE,567,REQ-0040,course_choice,Any 1 of the following set ..,3,6,Sixth Semester,1,2,TURK 202,6420202,INTERMEDIATE TURKISH I,0,2,0,3.0,https://catalog.metu.edu.tr/program.php?fac_prog=567,scraped
EEE,567,REQ-0040,course_choice,Any 1 of the following set ..,3,6,Sixth Semester,1,3,TURK 304,6420304,TURKISH II,0,2,0,2.0,https://catalog.metu.edu.tr/program.php?fac_prog=567,scraped
EEE,567,REQ-0041,restricted_elective_pool,RESTRICTED ELECTIVE,3,6,Sixth Semester,1,,,,,,,,5.0,https://catalog.metu.edu.tr/program.php?fac_prog=567,scraped
EEE,567,REQ-0042,restricted_elective_pool,RESTRICTED ELECTIVE,3,6,Sixth Semester,1,,,,,,,,5.0,https://catalog.metu.edu.tr/program.php?fac_prog=567,scraped
EEE,567,REQ-0043,nontechnical_elective_pool,NONTECHNICAL ELECTIVE,3,6,Sixth Semester,1,,,,,,,,5.0,https://catalog.metu.edu.tr/program.php?fac_prog=567,scraped
EEE,567,REQ-0044,summer_practice,EE 400,4,7,Seventh Semester,1,1,EE 400,5670400,SUMMER PRACTICE II,0,0,0,5.0,https://catalog.metu.edu.tr/program.php?fac_prog=567,scraped
EEE,567,REQ-0045,required_course,EE 493,4,7,Seventh Semester,1,1,EE 493,5670493,ENGINEERING DESIGN I,3,2,2,6.0,https://catalog.metu.edu.tr/program.php?fac_prog=567,scraped
EEE,567,REQ-0046,free_elective_pool,FREE ELECTIVE,4,7,Seventh Semester,1,,,,,,,,5.0,https://catalog.metu.edu.tr/program.php?fac_prog=567,scraped
EEE,567,REQ-0047,technical_elective_pool,TECHNICAL ELECTIVE,4,7,Seventh Semester,1,,,,,,,,5.0,https://catalog.metu.edu.tr/program.php?fac_prog=567,scraped
EEE,567,REQ-0048,technical_elective_pool,TECHNICAL ELECTIVE,4,7,Seventh Semester,1,,,,,,,,5.0,https://catalog.metu.edu.tr/program.php?fac_prog=567,scraped
EEE,567,REQ-0049,technical_elective_pool,TECHNICAL ELECTIVE,4,7,Seventh Semester,1,,,,,,,,5.0,https://catalog.metu.edu.tr/program.php?fac_prog=567,scraped
EEE,567,REQ-0050,required_course,EE 494,4,8,Eighth Semester,1,1,EE 494,5670494,ENGINEERING DESIGN II,3,2,2,7.0,https://catalog.metu.edu.tr/program.php?fac_prog=567,scraped
EEE,567,REQ-0051,technical_elective_pool,TECHNICAL ELECTIVE,4,8,Eighth Semester,1,,,,,,,,5.0,https://catalog.metu.edu.tr/program.php?fac_prog=567,scraped
EEE,567,REQ-0052,technical_elective_pool,TECHNICAL ELECTIVE,4,8,Eighth Semester,1,,,,,,,,5.0,https://catalog.metu.edu.tr/program.php?fac_prog=567,scraped
EEE,567,REQ-0053,technical_elective_pool,TECHNICAL ELECTIVE,4,8,Eighth Semester,1,,,,,,,,5.0,https://catalog.metu.edu.tr/program.php?fac_prog=567,scraped
EEE,567,REQ-0054,technical_elective_pool,TECHNICAL ELECTIVE,4,8,Eighth Semester,1,,,,,,,,5.0,https://catalog.metu.edu.tr/program.php?fac_prog=567,scraped
IE,568,REQ-0001,required_course,PHYS 105,1,1,First Semester,1,1,PHYS 105,2300105,GENERAL PHYSICS I,4,3,2,6.0,https://catalog.metu.edu.tr/program.php?fac_prog=568,scraped
IE,568,REQ-0002,required_course,CHEM 107,1,1,First Semester,1,1,CHEM 107,2340107,GENERAL CHEMISTRY,4,3,2,6.0,https://catalog.metu.edu.tr/program.php?fac_prog=568,scraped
IE,568,REQ-0003,required_course,MATH 119,1,1,First Semester,1,1,MATH 119,2360119,CALCULUS WITH ANALYTIC GEOMETRY,5,4,2,7.0,https://catalog.metu.edu.tr/program.php?fac_prog=568,scraped
IE,568,REQ-0004,required_course,CENG 240,1,1,First Semester,1,1,CENG 240,5710240,PROGRAMMING WITH PYTHON FOR ENGINEERS,3,2,2,4.0,https://catalog.metu.edu.tr/program.php?fac_prog=568,scraped
IE,568,REQ-0005,required_course,ENG 101,1,1,First Semester,1,1,ENG 101,6390101,ENGLISH FOR ACADEMIC PURPOSES I,4,4,1,6.0,https://catalog.metu.edu.tr/program.php?fac_prog=568,scraped
IE,568,REQ-0006,required_course,OHS 101,1,1,First Semester,1,1,OHS 101,8770101,OCCUPATIONAL HEALTH AND SAFETY-I,0,0,0,2.0,https://catalog.metu.edu.tr/program.php?fac_prog=568,scraped
IE,568,REQ-0007,required_course,IS 100,1,1,First Semester,1,1,IS 100,9010100,INTRODUCTION TO INFORMATION TECHNOLOGIES AND APPLICATIONS,0,0,2,1.0,https://catalog.metu.edu.tr/program.php?fac_prog=568,scraped
IE,568,REQ-0008,required_course,PHYS 106,1,2,Second Semester,1,1,PHYS 106,2300106,GENERAL PHYSICS II,4,3,2,6.0,https://catalog.metu.edu.tr/program.php?fac_prog=568,scraped
IE,568,REQ-0009,required_course,MATH 120,1,2,Second Semester,1,1,MATH 120,2360120,CALCULUS OF FUNCTIONS OF SEVERAL VARIABLES,5,4,2,7.5,https://catalog.metu.edu.tr/program.php?fac_prog=568,scraped
IE,568,REQ-0010,required_course,MATH 260,1,2,Second Semester,1,1,MATH 260,2360260,BASIC LINEAR ALGEBRA,3,3,0,5.0,https://catalog.metu.edu.tr/program.php?fac_prog=568,scraped
IE,568,REQ-0011,required_course,BA 100,1,2,Second Semester,1,1,BA 100,3120100,CAREER PLANNING,0,1,0,2.0,https://catalog.metu.edu.tr/program.php?fac_prog=568,scraped
IE,568,REQ-0012,required_course,IE 102,1,2,Second Semester,1,1,IE 102,5680102,INDUSTRIAL ENGINEERING ORIENTATION,2,2,0,2.0,https://catalog.metu.edu.tr/program.php?fac_prog=568,scraped
IE,568,REQ-0013,required_course,ME 105,1,2,Second Semester,1,1,ME 105,5690105,COMPUTER AIDED ENGINEERING GRAPHICS,3,2,2,5.0,https://catalog.metu.edu.tr/program.php?fac_prog=568,scraped
IE,568,REQ-0014,required_course,ENG 102,1,2,Second Semester,1,1,ENG 102,6390102,ENGLISH FOR ACADEMIC PURPOSES II,4,4,1,6.0,https://catalog.metu.edu.tr/program.php?fac_prog=568,scraped
IE,568,REQ-0015,required_course,MATH 219,2,3,Third Semester,1,1,MATH 219,2360219,INTRODUCTION TO DIFFERENTIAL EQUATIONS,4,4,0,7.0,https://catalog.metu.edu.tr/program.php?fac_prog=568,scraped
IE,568,REQ-0016,required_course,ECON 211,2,3,Third Semester,1,1,ECON 211,3110211,PRIN OF.ECONOMICS I,3,3,0,6.0,https://catalog.metu.edu.tr/program.php?fac_prog=568,scraped
IE,568,REQ-0017,required_course,IE 241,2,3,Third Semester,1,1,IE 241,5680241,FINANCIAL AND MANAGERIAL ACCOUNTING FOR ENGINEERS,3,3,0,5.0,https://catalog.metu.edu.tr/program.php?fac_prog=568,scraped
IE,568,REQ-0018,required_course,IE 251,2,3,Third Semester,1,1,IE 251,5680251,LINEAR PROGRAMMING,3,3,0,5.0,https://catalog.metu.edu.tr/program.php?fac_prog=568,scraped
IE,568,REQ-0019,required_course,IE 265,2,3,Third Semester,1,1,IE 265,5680265,INTRODUCTION TO PROBABILITY,3,3,0,5.0,https://catalog.metu.edu.tr/program.php?fac_prog=568,scraped
IE,568,REQ-0020,required_course,ME 212,2,3,Third Semester,1,1,ME 212,5690212,PRINCIPLES OF PRODUCTION ENGINEERING,3,3,0,5.0,https://catalog.metu.edu.tr/program.php?fac_prog=568,scraped
IE,568,REQ-0021,course_choice,Any 1 of the following set ..,2,3,Third Semester,1,1,HIST 2201,2402201,,0,2,0,2.0,https://catalog.metu.edu.tr/program.php?fac_prog=568,scraped
IE,568,REQ-0021,course_choice,Any 1 of the following set ..,2,3,Third Semester,1,2,HIST 2205,2402205,HISTORY OF THE TURKISH REVOLUTION I,0,2,0,2.0,https://catalog.metu.edu.tr/program.php?fac_prog=568,scraped
IE,568,REQ-0022,required_course,ECON 212,2,4,Fourth Semester,1,1,ECON 212,3110212,PRINCIPLES OF ECONOMICS II,3,3,0,6.0,https://catalog.metu.edu.tr/program.php?fac_prog=568,scraped
IE,568,REQ-0023,required_course,IE 252,2,4,Fourth Semester,1,1,IE 252,5680252,NETWORK FLOWS AND INTEGER PROGRAMMING,3,3,0,5.0,https://catalog.metu.edu.tr/program.php?fac_prog=568,scraped
IE,568,REQ-0024,required_course,IE 266,2,4,Fourth Semester,1,1,IE 266,5680266,ENGINEERING STATISTICS,4,4,0,5.0,https://catalog.metu.edu.tr/program.php?fac_prog=568,scraped
IE,568,REQ-0025,required_course,METE 230,2,4,Fourth Semester,1,1,METE 230,5700230,FUNDAMENTALS OF MATERIALS SCIENCE AND ENGINEERING,3,3,0,5.0,https://catalog.metu.edu.tr/program.php?fac_prog=568,scraped
IE,568,REQ-0026,required_course,ENG 211,2,4,Fourth Semester,1,1,ENG 211,6390211,ACADEMIC SPEAKING SKILLS,3,3,1,4.0,https://catalog.metu.edu.tr/program.php?fac_prog=568,scraped
IE,568,REQ-0027,required_course,OHS 301,2,4,Fourth Semester,1,1,OHS 301,8770301,OCCUPATIONAL HEALTH AND SAFETY - II,0,0,0,2.0,https://catalog.metu.edu.tr/program.php?fac_prog=568,scraped
IE,568,REQ-0028,course_choice,Any 1 of the following set ..,2,4,Fourth Semester,1,1,HIST 2202,2402202,,0,2,0,2.0,https://catalog.metu.edu.tr/program.php?fac_prog=568,scraped
IE,568,REQ-0028,course_choice,Any 1 of the following set ..,2,4,Fourth Semester,1,2,HIST 2206,2402206,HISTORY OF THE TURKISH REVOLUTION II,0,2,0,2.0,https://catalog.metu.edu.tr/program.php?fac_prog=568,scraped
IE,568,REQ-0029,restricted_elective_pool,RESTRICTED ELECTIVE,2,4,Fourth Semester,1,,,,,,,,5.0,https://catalog.metu.edu.tr/program.php?fac_prog=568,scraped
IE,568,REQ-0030,required_course,EE 381,3,5,Fifth Semester,1,1,EE 381,5670381,SYSTEMS AND CONTROL,3,3,0,5.0,https://catalog.metu.edu.tr/program.php?fac_prog=568,scraped
IE,568,REQ-0031,summer_practice,IE 300,3,5,Fifth Semester,1,1,IE 300,5680300,SUMMER PRACTICE I,0,0,0,5.0,https://catalog.metu.edu.tr/program.php?fac_prog=568,scraped
IE,568,REQ-0032,required_course,IE 323,3,5,Fifth Semester,1,1,IE 323,5680323,PRODUCTION AND SERVICE OPERATIONS PLANNING I,3,3,0,5.0,https://catalog.metu.edu.tr/program.php?fac_prog=568,scraped
IE,568,REQ-0033,required_course,IE 333,3,5,Fifth Semester,1,1,IE 333,5680333,WORK SYSTEMS ANALYSIS AND DESIGN,3,3,0,5.0,https://catalog.metu.edu.tr/program.php?fac_prog=568,scraped
IE,568,REQ-0034,required_course,IE 347,3,5,Fifth Semester,1,1,IE 347,5680347,ENGINEERING ECONOMY,3,3,0,5.0,https://catalog.metu.edu.tr/program.php?fac_prog=568,scraped
IE,568,REQ-0035,required_course,IE 361,3,5,Fifth Semester,1,1,IE 361,5680361,STOCHASTIC MODELS IN OPERATIONS RESEARCH,3,3,0,5.0,https://catalog.metu.edu.tr/program.php?fac_prog=568,scraped
IE,568,REQ-0036,course_choice,Any 1 of the following set ..,3,5,Fifth Semester,1,1,TURK 105,6420105,TURKISH I,0,4,0,5.0,https://catalog.metu.edu.tr/program.php?fac_prog=568,scraped
IE,568,REQ-0036,course_choice,Any 1 of the following set ..,3,5,Fifth Semester,1,2,TURK 201,6420201,ELEMENTARY TURKISH I,0,2,0,3.0,https://catalog.metu.edu.tr/program.php?fac_prog=568,scraped
IE,568,REQ-0036,course_choice,Any 1 of the following set ..,3,5,Fifth Semester,1,3,TURK 303,6420303,TURKISH I,0,2,0,2.0,https://catalog.metu.edu.tr/program.php?fac_prog=568,scraped
IE,568,REQ-0037,nontechnical_elective_pool,NONTECHNICAL ELECTIVE,3,5,Fifth Semester,1,,,,,,,,5.0,https://catalog.metu.edu.tr/program.php?fac_prog=568,scraped
IE,568,REQ-0038,required_course,IE 304,3,6,Sixth Semester,1,1,IE 304,5680304,PRODUCTION AND SERVICE INFORMATION SYSTEMS,3,3,0,5.0,https://catalog.metu.edu.tr/program.php?fac_prog=568,scraped
IE,568,REQ-0039,required_course,IE 324,3,6,Sixth Semester,1,1,IE 324,5680324,PRODUCTION AND SERVICE OPERATIONS PLANNING II,3,3,0,5.0,https://catalog.metu.edu.tr/program.php?fac_prog=568,scraped
IE,568,REQ-0040,required_course,IE 368,3,6,Sixth Semester,1,1,IE 368,5680368,QUALITY PLANNING AND CONTROL,3,3,0,5.0,https://catalog.metu.edu.tr/program.php?fac_prog=568,scraped
IE,568,REQ-0041,required_course,IE 372,3,6,Sixth Semester,1,1,IE 372,5680372,SIMULATION,3,3,0,5.0,https://catalog.metu.edu.tr/program.php?fac_prog=568,scraped
IE,568,REQ-0042,required_course,ME 351,3,6,Sixth Semester,1,1,ME 351,5690351,THERMODYNAMICS OF HEAT POWER,3,3,0,5.0,https://catalog.metu.edu.tr/program.php?fac_prog=568,scraped
IE,568,REQ-0043,course_choice,Any 1 of the following set ..,3,6,Sixth Semester,1,1,TURK 106,6420106,TURKISH II,0,4,0,5.0,https://catalog.metu.edu.tr/program.php?fac_prog=568,scraped
IE,568,REQ-0043,course_choice,Any 1 of the following set ..,3,6,Sixth Semester,1,2,TURK 202,6420202,INTERMEDIATE TURKISH I,0,2,0,3.0,https://catalog.metu.edu.tr/program.php?fac_prog=568,scraped
IE,568,REQ-0043,course_choice,Any 1 of the following set ..,3,6,Sixth Semester,1,3,TURK 304,6420304,TURKISH II,0,2,0,2.0,https://catalog.metu.edu.tr/program.php?fac_prog=568,scraped
IE,568,REQ-0044,summer_practice,IE 400,4,7,Seventh Semester,1,1,IE 400,5680400,SUMMER PRACTICE II,0,0,0,5.0,https://catalog.metu.edu.tr/program.php?fac_prog=568,scraped
IE,568,REQ-0045,required_course,IE 404,4,7,Seventh Semester,1,1,IE 404,5680404,MANAGEMENT FOR ENGINEERS,3,3,0,5.0,https://catalog.metu.edu.tr/program.php?fac_prog=568,scraped
IE,568,REQ-0046,required_course,IE 422,4,7,Seventh Semester,1,1,IE 422,5680422,SEMINAR IN INDUSTRIAL ENGINEERING,0,2,0,1.0,https://catalog.metu.edu.tr/program.php?fac_prog=568,scraped
IE,568,REQ-0047,required_course,IE 489,4,7,Seventh Semester,1,1,IE 489,5680489,SYSTEMS THINKING,3,3,0,5.0,https://catalog.metu.edu.tr/program.php?fac_prog=568,scraped
IE,568,REQ-0048,required_course,IE 497,4,7,Seventh Semester,1,1,IE 497,5680497,SYSTEMS DESIGN I,3,1,4,5.0,https://catalog.metu.edu.tr/program.php?fac_prog=568,scraped
IE,568,REQ-0049,technical_elective_pool,TECHNICAL ELECTIVE,4,7,Seventh Semester,1,,,,,,,,5.0,https://catalog.metu.edu.tr/program.php?fac_prog=568,scraped
IE,568,REQ-0050,technical_elective_pool,TECHNICAL ELECTIVE,4,7,Seventh Semester,1,,,,,,,,5.0,https://catalog.metu.edu.tr/program.php?fac_prog=568,scraped
IE,568,REQ-0051,nontechnical_elective_pool,NONTECHNICAL ELECTIVE,4,7,Seventh Semester,1,,,,,,,,5.0,https://catalog.metu.edu.tr/program.php?fac_prog=568,scraped
IE,568,REQ-0052,required_course,IE 498,4,8,Eighth Semester,1,1,IE 498,5680498,SYSTEMS DESIGN II,3,1,4,5.0,https://catalog.metu.edu.tr/program.php?fac_prog=568,scraped
IE,568,REQ-0053,free_elective_pool,FREE ELECTIVE,4,8,Eighth Semester,1,,,,,,,,5.0,https://catalog.metu.edu.tr/program.php?fac_prog=568,scraped
IE,568,REQ-0054,technical_elective_pool,TECHNICAL ELECTIVE,4,8,Eighth Semester,1,,,,,,,,5.0,https://catalog.metu.edu.tr/program.php?fac_prog=568,scraped
IE,568,REQ-0055,technical_elective_pool,TECHNICAL ELECTIVE,4,8,Eighth Semester,1,,,,,,,,5.0,https://catalog.metu.edu.tr/program.php?fac_prog=568,scraped
IE,568,REQ-0056,nontechnical_elective_pool,NONTECHNICAL ELECTIVE,4,8,Eighth Semester,1,,,,,,,,5.0,https://catalog.metu.edu.tr/program.php?fac_prog=568,scraped
FDE,573,REQ-0001,required_course,PHYS 105,1,1,First Semester,1,1,PHYS 105,2300105,GENERAL PHYSICS I,4,3,2,6.0,https://catalog.metu.edu.tr/program.php?fac_prog=573,scraped
FDE,573,REQ-0002,required_course,MATH 119,1,1,First Semester,1,1,MATH 119,2360119,CALCULUS WITH ANALYTIC GEOMETRY,5,4,2,7.0,https://catalog.metu.edu.tr/program.php?fac_prog=573,scraped
FDE,573,REQ-0003,required_course,BIOL 107,1,1,First Semester,1,1,BIOL 107,2380107,CONCEPTS IN BIOLOGY,3,3,0,5.0,https://catalog.metu.edu.tr/program.php?fac_prog=573,scraped
FDE,573,REQ-0004,required_course,CENG 240,1,1,First Semester,1,1,CENG 240,5710240,PROGRAMMING WITH PYTHON FOR ENGINEERS,3,2,2,4.0,https://catalog.metu.edu.tr/program.php?fac_prog=573,scraped
FDE,573,REQ-0005,required_course,FDE 101,1,1,First Semester,1,1,FDE 101,5730101,INTRODUCTION TO FOOD ENGINEERING,1,1,0,2.0,https://catalog.metu.edu.tr/program.php?fac_prog=573,scraped
FDE,573,REQ-0006,required_course,ENG 101,1,1,First Semester,1,1,ENG 101,6390101,ENGLISH FOR ACADEMIC PURPOSES I,4,4,1,6.0,https://catalog.metu.edu.tr/program.php?fac_prog=573,scraped
FDE,573,REQ-0007,required_course,OHS 101,1,1,First Semester,1,1,OHS 101,8770101,OCCUPATIONAL HEALTH AND SAFETY-I,0,0,0,2.0,https://catalog.metu.edu.tr/program.php?fac_prog=573,scraped
FDE,573,REQ-0008,required_course,IS 100,1,1,First Semester,1,1,IS 100,9010100,INTRODUCTION TO INFORMATION TECHNOLOGIES AND APPLICATIONS,0,0,2,1.0,https://catalog.metu.edu.tr/program.php?fac_prog=573,scraped
FDE,573,REQ-0009,required_course,PHYS 106,1,2,Second Semester,1,1,PHYS 106,2300106,GENERAL PHYSICS II,4,3,2,6.0,https://catalog.metu.edu.tr/program.php?fac_prog=573,scraped
FDE,573,REQ-0010,required_course,CHEM 107,1,2,Second Semester,1,1,CHEM 107,2340107,GENERAL CHEMISTRY,4,3,2,6.0,https://catalog.metu.edu.tr/program.php?fac_prog=573,scraped
FDE,573,REQ-0011,required_course,MATH 120,1,2,Second Semester,1,1,MATH 120,2360120,CALCULUS OF FUNCTIONS OF SEVERAL VARIABLES,5,4,2,7.5,https://catalog.metu.edu.tr/program.php?fac_prog=573,scraped
FDE,573,REQ-0012,required_course,BA 100,1,2,Second Semester,1,1,BA 100,3120100,CAREER PLANNING,0,1,0,2.0,https://catalog.metu.edu.tr/program.php?fac_prog=573,scraped
FDE,573,REQ-0013,required_course,ME 105,1,2,Second Semester,1,1,ME 105,5690105,COMPUTER AIDED ENGINEERING GRAPHICS,3,2,2,5.0,https://catalog.metu.edu.tr/program.php?fac_prog=573,scraped
FDE,573,REQ-0014,required_course,ENG 102,1,2,Second Semester,1,1,ENG 102,6390102,ENGLISH FOR ACADEMIC PURPOSES II,4,4,1,6.0,https://catalog.metu.edu.tr/program.php?fac_prog=573,scraped
FDE,573,REQ-0015,required_course,CHEM 229,2,3,Third Semester,1,1,CHEM 229,2340229,ORGANIC CHEMISTRY FOR ENGINEERS,4,3,2,6.0,https://catalog.metu.edu.tr/program.php?fac_prog=573,scraped
FDE,573,REQ-0016,required_course,MATH 219,2,3,Third Semester,1,1,MATH 219,2360219,INTRODUCTION TO DIFFERENTIAL EQUATIONS,4,4,0,7.0,https://catalog.metu.edu.tr/program.php?fac_prog=573,scraped
FDE,573,REQ-0017,required_course,FDE 201,2,3,Third Semester,1,1,FDE 201,5730201,MATERIAL AND ENERGY BALANCES,4,4,0,7.0,https://catalog.metu.edu.tr/program.php?fac_prog=573,scraped
FDE,573,REQ-0018,required_course,ENG 211,2,3,Third Semester,1,1,ENG 211,6390211,ACADEMIC SPEAKING SKILLS,3,3,1,4.0,https://catalog.metu.edu.tr/program.php?fac_prog=573,scraped
FDE,573,REQ-0019,course_choice,Any 1 of the following set ..,2,3,Third Semester,1,1,HIST 2201,2402201,,0,2,0,2.0,https://catalog.metu.edu.tr/program.php?fac_prog=573,scraped
FDE,573,REQ-0019,course_choice,Any 1 of the following set ..,2,3,Third Semester,1,2,HIST 2205,2402205,HISTORY OF THE TURKISH REVOLUTION I,0,2,0,2.0,https://catalog.metu.edu.tr/program.php?fac_prog=573,scraped
FDE,573,REQ-0020,free_elective_pool,FREE ELECTIVE,2,3,Third Semester,1,,,,,,,,5.0,https://catalog.metu.edu.tr/program.php?fac_prog=573,scraped
FDE,573,REQ-0021,required_course,CHEM 230,2,4,Fourth Semester,1,1,CHEM 230,2340230,ANALYTICAL CHEMISTRY FOR ENGINEERS,4,3,2,6.0,https://catalog.metu.edu.tr/program.php?fac_prog=573,scraped
FDE,573,REQ-0022,required_course,ECON 210,2,4,Fourth Semester,1,1,ECON 210,3110210,PRINCIPLES OF ECONOMICS,3,3,0,5.0,https://catalog.metu.edu.tr/program.php?fac_prog=573,scraped
FDE,573,REQ-0023,required_course,CHE 204,2,4,Fourth Semester,1,1,CHE 204,5630204,THERMODYNAMICS I,4,4,0,7.0,https://catalog.metu.edu.tr/program.php?fac_prog=573,scraped
FDE,573,REQ-0024,required_course,FDE 224,2,4,Fourth Semester,1,1,FDE 224,5730224,FOOD ENGINEERING OPERATIONS I,4,4,0,7.0,https://catalog.metu.edu.tr/program.php?fac_prog=573,scraped
FDE,573,REQ-0025,course_choice,Any 1 of the following set ..,2,4,Fourth Semester,1,1,HIST 2202,2402202,,0,2,0,2.0,https://catalog.metu.edu.tr/program.php?fac_prog=573,scraped
FDE,573,REQ-0025,course_choice,Any 1 of the following set ..,2,4,Fourth Semester,1,2,HIST 2206,2402206,HISTORY OF THE TURKISH REVOLUTION II,0,2,0,2.0,https://catalog.metu.edu.tr/program.php?fac_prog=573,scraped
FDE,573,REQ-0026,restricted_elective_pool,RESTRICTED ELECTIVE,2,4,Fourth Semester,1,,,,,,,,5.0,https://catalog.metu.edu.tr/program.php?fac_prog=573,scraped
FDE,573,REQ-0027,required_course,ES 303,3,5,Fifth Semester,1,1,ES 303,5610303,STATISTICAL METHODS FOR ENGINEERS,3,3,0,5.0,https://catalog.metu.edu.tr/program.php?fac_prog=573,scraped
FDE,573,REQ-0028,summer_practice,FDE 300,3,5,Fifth Semester,1,1,FDE 300,5730300,SUMMER PRACTICE I,0,0,0,5.0,https://catalog.metu.edu.tr/program.php?fac_prog=573,scraped
FDE,573,REQ-0029,required_course,FDE 305,3,5,Fifth Semester,1,1,FDE 305,5730305,FOOD MICROBIOLOGY LAB.,1,0,2,1.0,https://catalog.metu.edu.tr/program.php?fac_prog=573,scraped
FDE,573,REQ-0030,required_course,FDE 311,3,5,Fifth Semester,1,1,FDE 311,5730311,FOOD MICROBIOLOGY,3,3,0,5.0,https://catalog.metu.edu.tr/program.php?fac_prog=573,scraped
FDE,573,REQ-0031,required_course,FDE 313,3,5,Fifth Semester,1,1,FDE 313,5730313,FOOD CHEMISTRY,4,4,0,7.0,https://catalog.metu.edu.tr/program.php?fac_prog=573,scraped
FDE,573,REQ-0032,required_course,FDE 321,3,5,Fifth Semester,1,1,FDE 321,5730321,FOOD ENGINEERING OPERATIONS II,4,4,0,7.0,https://catalog.metu.edu.tr/program.php?fac_prog=573,scraped
FDE,573,REQ-0033,required_course,OHS 301,3,5,Fifth Semester,1,1,OHS 301,8770301,OCCUPATIONAL HEALTH AND SAFETY - II,0,0,0,2.0,https://catalog.metu.edu.tr/program.php?fac_prog=573,scraped
FDE,573,REQ-0034,course_choice,Any 1 of the following set ..,3,5,Fifth Semester,1,1,TURK 105,6420105,TURKISH I,0,4,0,5.0,https://catalog.metu.edu.tr/program.php?fac_prog=573,scraped
FDE,573,REQ-0034,course_choice,Any 1 of the following set ..,3,5,Fifth Semester,1,2,TURK 201,6420201,ELEMENTARY TURKISH I,0,2,0,3.0,https://catalog.metu.edu.tr/program.php?fac_prog=573,scraped
FDE,573,REQ-0034,course_choice,Any 1 of the following set ..,3,5,Fifth Semester,1,3,TURK 303,6420303,TURKISH I,0,2,0,2.0,https://catalog.metu.edu.tr/program.php?fac_prog=573,scraped
FDE,573,REQ-0035,required_course,CHE 423,3,6,Sixth Semester,1,1,CHE 423,5630423,CHEMICAL ENGINEERING ECONOMICS,3,3,0,3.5,https://catalog.metu.edu.tr/program.php?fac_prog=573,scraped
FDE,573,REQ-0036,required_course,FDE 310,3,6,Sixth Semester,1,1,FDE 310,5730310,FOOD MATERIALS LAB.,1,0,2,1.0,https://catalog.metu.edu.tr/program.php?fac_prog=573,scraped
FDE,573,REQ-0037,required_course,FDE 314,3,6,Sixth Semester,1,1,FDE 314,5730314,PHYSICAL PROPERTIES OF FOOD MATERIALS,3,3,0,5.0,https://catalog.metu.edu.tr/program.php?fac_prog=573,scraped
FDE,573,REQ-0038,required_course,FDE 320,3,6,Sixth Semester,1,1,FDE 320,5730320,APPLIED KINETICS,3,3,0,5.0,https://catalog.metu.edu.tr/program.php?fac_prog=573,scraped
FDE,573,REQ-0039,required_course,FDE 324,3,6,Sixth Semester,1,1,FDE 324,5730324,FOOD ENGINEERING OPERATIONS III,4,4,0,7.0,https://catalog.metu.edu.tr/program.php?fac_prog=573,scraped
FDE,573,REQ-0040,course_choice,Any 1 of the following set ..,3,6,Sixth Semester,1,1,TURK 106,6420106,TURKISH II,0,4,0,5.0,https://catalog.metu.edu.tr/program.php?fac_prog=573,scraped
FDE,573,REQ-0040,course_choice,Any 1 of the following set ..,3,6,Sixth Semester,1,2,TURK 202,6420202,INTERMEDIATE TURKISH I,0,2,0,3.0,https://catalog.metu.edu.tr/program.php?fac_prog=573,scraped
FDE,573,REQ-0040,course_choice,Any 1 of the following set ..,3,6,Sixth Semester,1,3,TURK 304,6420304,TURKISH II,0,2,0,2.0,https://catalog.metu.edu.tr/program.php?fac_prog=573,scraped
FDE,573,REQ-0041,technical_elective_pool,TECHNICAL ELECTIVE,3,6,Sixth Semester,1,,,,,,,,5.0,https://catalog.metu.edu.tr/program.php?fac_prog=573,scraped
FDE,573,REQ-0042,summer_practice,FDE 400,4,7,Seventh Semester,1,1,FDE 400,5730400,SUMMER PRACTICE II,0,0,0,5.0,https://catalog.metu.edu.tr/program.php?fac_prog=573,scraped
FDE,573,REQ-0043,required_course,FDE 413,4,7,Seventh Semester,1,1,FDE 413,5730413,FOOD TECHNOLOGY,3,3,0,5.0,https://catalog.metu.edu.tr/program.php?fac_prog=573,scraped
FDE,573,REQ-0044,required_course,FDE 425,4,7,Seventh Semester,1,1,FDE 425,5730425,FOOD ENGINEERING DESIGN,4,2,4,8.0,https://catalog.metu.edu.tr/program.php?fac_prog=573,scraped
FDE,573,REQ-0045,technical_elective_pool,TECHNICAL ELECTIVE,4,7,Seventh Semester,1,,,,,,,,5.0,https://catalog.metu.edu.tr/program.php?fac_prog=573,scraped
FDE,573,REQ-0046,technical_elective_pool,TECHNICAL ELECTIVE,4,7,Seventh Semester,1,,,,,,,,5.0,https://catalog.metu.edu.tr/program.php?fac_prog=573,scraped
FDE,573,REQ-0047,nontechnical_elective_pool,NONTECHNICAL ELECTIVE,4,7,Seventh Semester,1,,,,,,,,5.0,https://catalog.metu.edu.tr/program.php?fac_prog=573,scraped
FDE,573,REQ-0048,required_course,FDE 416,4,8,Eighth Semester,1,1,FDE 416,5730416,FOOD ENG.OPERATIONS LAB.,3,1,4,8.0,https://catalog.metu.edu.tr/program.php?fac_prog=573,scraped
FDE,573,REQ-0049,required_course,FDE 426,4,8,Eighth Semester,1,1,FDE 426,5730426,FOOD PRODUCT AND PLANT DESIGN,3,1,4,7.0,https://catalog.metu.edu.tr/program.php?fac_prog=573,scraped
FDE,573,REQ-0050,technical_elective_pool,TECHNICAL ELECTIVE,4,8,Eighth Semester,1,,,,,,,,5.0,https://catalog.metu.edu.tr/program.php?fac_prog=573,scraped
FDE,573,REQ-0051,technical_elective_pool,TECHNICAL ELECTIVE,4,8,Eighth Semester,1,,,,,,,,5.0,https://catalog.metu.edu.tr/program.php?fac_prog=573,scraped
FDE,573,REQ-0052,nontechnical_elective_pool,NONTECHNICAL ELECTIVE,4,8,Eighth Semester,1,,,,,,,,5.0,https://catalog.metu.edu.tr/program.php?fac_prog=573,scraped
AE,572,REQ-0001,required_course,PHYS 105,1,1,First Semester,1,1,PHYS 105,2300105,GENERAL PHYSICS I,4,3,2,6.0,https://catalog.metu.edu.tr/program.php?fac_prog=572,scraped
AE,572,REQ-0002,required_course,MATH 119,1,1,First Semester,1,1,MATH 119,2360119,CALCULUS WITH ANALYTIC GEOMETRY,5,4,2,7.0,https://catalog.metu.edu.tr/program.php?fac_prog=572,scraped
AE,572,REQ-0003,required_course,ME 105,1,1,First Semester,1,1,ME 105,5690105,COMPUTER AIDED ENGINEERING GRAPHICS,3,2,2,5.0,https://catalog.metu.edu.tr/program.php?fac_prog=572,scraped
AE,572,REQ-0004,required_course,AEE 101,1,1,First Semester,1,1,AEE 101,5720101,INTRODUCTION TO AEROSPACE ENGINEERING,2,2,0,2.0,https://catalog.metu.edu.tr/program.php?fac_prog=572,scraped
AE,572,REQ-0005,required_course,ENG 101,1,1,First Semester,1,1,ENG 101,6390101,ENGLISH FOR ACADEMIC PURPOSES I,4,4,1,6.0,https://catalog.metu.edu.tr/program.php?fac_prog=572,scraped
AE,572,REQ-0006,required_course,OHS 101,1,1,First Semester,1,1,OHS 101,8770101,OCCUPATIONAL HEALTH AND SAFETY-I,0,0,0,2.0,https://catalog.metu.edu.tr/program.php?fac_prog=572,scraped
AE,572,REQ-0007,required_course,IS 100,1,1,First Semester,1,1,IS 100,9010100,INTRODUCTION TO INFORMATION TECHNOLOGIES AND APPLICATIONS,0,0,2,1.0,https://catalog.metu.edu.tr/program.php?fac_prog=572,scraped
AE,572,REQ-0008,required_course,PHYS 106,1,2,Second Semester,1,1,PHYS 106,2300106,GENERAL PHYSICS II,4,3,2,6.0,https://catalog.metu.edu.tr/program.php?fac_prog=572,scraped
AE,572,REQ-0009,required_course,CHEM 107,1,2,Second Semester,1,1,CHEM 107,2340107,GENERAL CHEMISTRY,4,3,2,6.0,https://catalog.metu.edu.tr/program.php?fac_prog=572,scraped
AE,572,REQ-0010,required_course,MATH 120,1,2,Second Semester,1,1,MATH 120,2360120,CALCULUS OF FUNCTIONS OF SEVERAL VARIABLES,5,4,2,7.5,https://catalog.metu.edu.tr/program.php?fac_prog=572,scraped
AE,572,REQ-0011,required_course,BA 100,1,2,Second Semester,1,1,BA 100,3120100,CAREER PLANNING,0,1,0,2.0,https://catalog.metu.edu.tr/program.php?fac_prog=572,scraped
AE,572,REQ-0012,required_course,CENG 240,1,2,Second Semester,1,1,CENG 240,5710240,PROGRAMMING WITH PYTHON FOR ENGINEERS,3,2,2,4.0,https://catalog.metu.edu.tr/program.php?fac_prog=572,scraped
AE,572,REQ-0013,required_course,ENG 102,1,2,Second Semester,1,1,ENG 102,6390102,ENGLISH FOR ACADEMIC PURPOSES II,4,4,1,6.0,https://catalog.metu.edu.tr/program.php?fac_prog=572,scraped
AE,572,REQ-0014,required_course,MATH 219,2,3,Third Semester,1,1,MATH 219,2360219,INTRODUCTION TO DIFFERENTIAL EQUATIONS,4,4,0,7.0,https://catalog.metu.edu.tr/program.php?fac_prog=572,scraped
AE,572,REQ-0015,required_course,METE 230,2,3,Third Semester,1,1,METE 230,5700230,FUNDAMENTALS OF MATERIALS SCIENCE AND ENGINEERING,3,3,0,5.0,https://catalog.metu.edu.tr/program.php?fac_prog=572,scraped
AE,572,REQ-0016,required_course,AEE 202,2,3,Third Semester,1,1,AEE 202,5720202,MATHEMATICS FOR AEROSPACE ENGINEERS,4,4,0,6.0,https://catalog.metu.edu.tr/program.php?fac_prog=572,scraped
AE,572,REQ-0017,required_course,AEE 231,2,3,Third Semester,1,1,AEE 231,5720231,THERMODYNAMICS,4,4,0,5.5,https://catalog.metu.edu.tr/program.php?fac_prog=572,scraped
AE,572,REQ-0018,required_course,AEE 261,2,3,Third Semester,1,1,AEE 261,5720261,STATICS,3,3,0,4.5,https://catalog.metu.edu.tr/program.php?fac_prog=572,scraped
AE,572,REQ-0019,course_choice,Any 1 of the following set ..,2,3,Third Semester,1,1,HIST 2201,2402201,,0,2,0,2.0,https://catalog.metu.edu.tr/program.php?fac_prog=572,scraped
AE,572,REQ-0019,course_choice,Any 1 of the following set ..,2,3,Third Semester,1,2,HIST 2205,2402205,HISTORY OF THE TURKISH REVOLUTION I,0,2,0,2.0,https://catalog.metu.edu.tr/program.php?fac_prog=572,scraped
AE,572,REQ-0020,nontechnical_elective_pool,NONTECHNICAL ELECTIVE,2,3,Third Semester,1,,,,,,,,5.0,https://catalog.metu.edu.tr/program.php?fac_prog=572,scraped
AE,572,REQ-0021,required_course,EE 209,2,4,Fourth Semester,1,1,EE 209,5670209,FUNDAMENTALS OF ELECTRICAL&ELECTRO. EN,3,3,0,5.0,https://catalog.metu.edu.tr/program.php?fac_prog=572,scraped
AE,572,REQ-0022,required_course,ME 212,2,4,Fourth Semester,1,1,ME 212,5690212,PRINCIPLES OF PRODUCTION ENGINEERING,3,3,0,5.0,https://catalog.metu.edu.tr/program.php?fac_prog=572,scraped
AE,572,REQ-0023,required_course,AEE 244,2,4,Fourth Semester,1,1,AEE 244,5720244,FLUID MECHANICS,4,4,0,6.0,https://catalog.metu.edu.tr/program.php?fac_prog=572,scraped
AE,572,REQ-0024,required_course,AEE 262,2,4,Fourth Semester,1,1,AEE 262,5720262,DYNAMICS,3,3,0,4.5,https://catalog.metu.edu.tr/program.php?fac_prog=572,scraped
AE,572,REQ-0025,required_course,AEE 266,2,4,Fourth Semester,1,1,AEE 266,5720266,MECHANICS OF MATERIALS,3,3,0,5.0,https://catalog.metu.edu.tr/program.php?fac_prog=572,scraped
AE,572,REQ-0026,required_course,ENG 211,2,4,Fourth Semester,1,1,ENG 211,6390211,ACADEMIC SPEAKING SKILLS,3,3,1,4.0,https://catalog.metu.edu.tr/program.php?fac_prog=572,scraped
AE,572,REQ-0027,required_course,OHS 301,2,4,Fourth Semester,1,1,OHS 301,8770301,OCCUPATIONAL HEALTH AND SAFETY - II,0,0,0,2.0,https://catalog.metu.edu.tr/program.php?fac_prog=572,scraped
AE,572,REQ-0028,course_choice,Any 1 of the following set ..,2,4,Fourth Semester,1,1,HIST 2202,2402202,,0,2,0,2.0,https://catalog.metu.edu.tr/program.php?fac_prog=572,scraped
AE,572,REQ-0028,course_choice,Any 1 of the following set ..,2,4,Fourth Semester,1,2,HIST 2206,2402206,HISTORY OF THE TURKISH REVOLUTION II,0,2,0,2.0,https://catalog.metu.edu.tr/program.php?fac_prog=572,scraped
AE,572,REQ-0029,summer_practice,AEE 300,3,5,Fifth Semester,1,1,AEE 300,5720300,SUMMER PRACTICE II,0,0,0,5.0,https://catalog.metu.edu.tr/program.php?fac_prog=572,scraped
AE,572,REQ-0030,required_course,AEE 301,3,5,Fifth Semester,1,1,AEE 301,5720301,MEASUREMENT TECHNIQUES I,2,1,2,3.0,https://catalog.metu.edu.tr/program.php?fac_prog=572,scraped
AE,572,REQ-0031,required_course,AEE 305,3,5,Fifth Semester,1,1,AEE 305,5720305,NUMERICAL METHODS,3,3,0,5.0,https://catalog.metu.edu.tr/program.php?fac_prog=572,scraped
AE,572,REQ-0032,required_course,AEE 345,3,5,Fifth Semester,1,1,AEE 345,5720345,AERODYNAMICS I,3,3,0,5.0,https://catalog.metu.edu.tr/program.php?fac_prog=572,scraped
AE,572,REQ-0033,required_course,AEE 361,3,5,Fifth Semester,1,1,AEE 361,5720361,APPLIED ELASTICITY,3,3,0,5.0,https://catalog.metu.edu.tr/program.php?fac_prog=572,scraped
AE,572,REQ-0034,required_course,AEE 371,3,5,Fifth Semester,1,1,AEE 371,5720371,AIRCRAFT PERFORMANCE,3,3,0,5.0,https://catalog.metu.edu.tr/program.php?fac_prog=572,scraped
AE,572,REQ-0035,required_course,AEE 385,3,5,Fifth Semester,1,1,AEE 385,5720385,SYSTEM DYNAMICS AND CONTROL,4,4,0,6.0,https://catalog.metu.edu.tr/program.php?fac_prog=572,scraped
AE,572,REQ-0036,course_choice,Any 1 of the following set ..,3,5,Fifth Semester,1,1,TURK 105,6420105,TURKISH I,0,4,0,5.0,https://catalog.metu.edu.tr/program.php?fac_prog=572,scraped
AE,572,REQ-0036,course_choice,Any 1 of the following set ..,3,5,Fifth Semester,1,2,TURK 201,6420201,ELEMENTARY TURKISH I,0,2,0,3.0,https://catalog.metu.edu.tr/program.php?fac_prog=572,scraped
AE,572,REQ-0036,course_choice,Any 1 of the following set ..,3,5,Fifth Semester,1,3,TURK 303,6420303,TURKISH I,0,2,0,2.0,https://catalog.metu.edu.tr/program.php?fac_prog=572,scraped
AE,572,REQ-0037,required_course,AEE 302,3,6,Sixth Semester,1,1,AEE 302,5720302,MEASUREMENT TECHNIQUES II,2,1,2,3.0,https://catalog.metu.edu.tr/program.php?fac_prog=572,scraped
AE,572,REQ-0038,required_course,AEE 331,3,6,Sixth Semester,1,1,AEE 331,5720331,HEAT TRANSFER,3,3,0,5.0,https://catalog.metu.edu.tr/program.php?fac_prog=572,scraped
AE,572,REQ-0039,required_course,AEE 338,3,6,Sixth Semester,1,1,AEE 338,5720338,PROPULSION SYSTEMS I,3,3,0,5.0,https://catalog.metu.edu.tr/program.php?fac_prog=572,scraped
AE,572,REQ-0040,required_course,AEE 346,3,6,Sixth Semester,1,1,AEE 346,5720346,AERODYNAMICS II,3,3,0,5.0,https://catalog.metu.edu.tr/program.php?fac_prog=572,scraped
AE,572,REQ-0041,required_course,AEE 364,3,6,Sixth Semester,1,1,AEE 364,5720364,AEROSPACE STRUCTURES,3,3,0,5.0,https://catalog.metu.edu.tr/program.php?fac_prog=572,scraped
AE,572,REQ-0042,required_course,AEE 372,3,6,Sixth Semester,1,1,AEE 372,5720372,FLIGHT MECHANICS,3,3,0,5.0,https://catalog.metu.edu.tr/program.php?fac_prog=572,scraped
AE,572,REQ-0043,course_choice,Any 1 of the following set ..,3,6,Sixth Semester,1,1,TURK 106,6420106,TURKISH II,0,4,0,5.0,https://catalog.metu.edu.tr/program.php?fac_prog=572,scraped
AE,572,REQ-0043,course_choice,Any 1 of the following set ..,3,6,Sixth Semester,1,2,TURK 202,6420202,INTERMEDIATE TURKISH I,0,2,0,3.0,https://catalog.metu.edu.tr/program.php?fac_prog=572,scraped
AE,572,REQ-0043,course_choice,Any 1 of the following set ..,3,6,Sixth Semester,1,3,TURK 304,6420304,TURKISH II,0,2,0,2.0,https://catalog.metu.edu.tr/program.php?fac_prog=572,scraped
AE,572,REQ-0044,summer_practice,AEE 400,4,7,Seventh Semester,1,1,AEE 400,5720400,SUMMER PRACTICE III,0,0,0,5.0,https://catalog.metu.edu.tr/program.php?fac_prog=572,scraped
AE,572,REQ-0045,required_course,AEE 451,4,7,Seventh Semester,1,1,AEE 451,5720451,AEROSPACE ENGINEERING DESIGN,3,2,2,7.0,https://catalog.metu.edu.tr/program.php?fac_prog=572,scraped
AE,572,REQ-0046,restricted_elective_pool,RESTRICTED ELECTIVE,4,7,Seventh Semester,1,,,,,,,,5.0,https://catalog.metu.edu.tr/program.php?fac_prog=572,scraped
AE,572,REQ-0047,free_elective_pool,FREE ELECTIVE,4,7,Seventh Semester,1,,,,,,,,5.0,https://catalog.metu.edu.tr/program.php?fac_prog=572,scraped
AE,572,REQ-0048,technical_elective_pool,TECHNICAL ELECTIVE,4,7,Seventh Semester,1,,,,,,,,5.0,https://catalog.metu.edu.tr/program.php?fac_prog=572,scraped
AE,572,REQ-0049,technical_elective_pool,TECHNICAL ELECTIVE,4,7,Seventh Semester,1,,,,,,,,5.0,https://catalog.metu.edu.tr/program.php?fac_prog=572,scraped
AE,572,REQ-0050,nontechnical_elective_pool,NONTECHNICAL ELECTIVE,4,7,Seventh Semester,1,,,,,,,,5.0,https://catalog.metu.edu.tr/program.php?fac_prog=572,scraped
AE,572,REQ-0051,restricted_elective_pool,RESTRICTED ELECTIVE,4,8,Eighth Semester,1,,,,,,,,5.0,https://catalog.metu.edu.tr/program.php?fac_prog=572,scraped
AE,572,REQ-0052,technical_elective_pool,TECHNICAL ELECTIVE,4,8,Eighth Semester,1,,,,,,,,5.0,https://catalog.metu.edu.tr/program.php?fac_prog=572,scraped
AE,572,REQ-0053,technical_elective_pool,TECHNICAL ELECTIVE,4,8,Eighth Semester,1,,,,,,,,5.0,https://catalog.metu.edu.tr/program.php?fac_prog=572,scraped
AE,572,REQ-0054,technical_elective_pool,TECHNICAL ELECTIVE,4,8,Eighth Semester,1,,,,,,,,5.0,https://catalog.metu.edu.tr/program.php?fac_prog=572,scraped
AE,572,REQ-0055,nontechnical_elective_pool,NONTECHNICAL ELECTIVE,4,8,Eighth Semester,1,,,,,,,,5.0,https://catalog.metu.edu.tr/program.php?fac_prog=572,scraped
CE,562,REQ-0001,required_course,PHYS 105,1,1,First Semester,1,1,PHYS 105,2300105,GENERAL PHYSICS I,4,3,2,6.0,https://catalog.metu.edu.tr/program.php?fac_prog=562,scraped
CE,562,REQ-0002,required_course,CHEM 107,1,1,First Semester,1,1,CHEM 107,2340107,GENERAL CHEMISTRY,4,3,2,6.0,https://catalog.metu.edu.tr/program.php?fac_prog=562,scraped
CE,562,REQ-0003,required_course,MATH 119,1,1,First Semester,1,1,MATH 119,2360119,CALCULUS WITH ANALYTIC GEOMETRY,5,4,2,7.0,https://catalog.metu.edu.tr/program.php?fac_prog=562,scraped
CE,562,REQ-0004,required_course,CE 101,1,1,First Semester,1,1,CE 101,5620101,CIVIL ENGINEERING DRAWING,3,2,2,4.0,https://catalog.metu.edu.tr/program.php?fac_prog=562,scraped
CE,562,REQ-0005,required_course,ENG 101,1,1,First Semester,1,1,ENG 101,6390101,ENGLISH FOR ACADEMIC PURPOSES I,4,4,1,6.0,https://catalog.metu.edu.tr/program.php?fac_prog=562,scraped
CE,562,REQ-0006,required_course,OHS 101,1,1,First Semester,1,1,OHS 101,8770101,OCCUPATIONAL HEALTH AND SAFETY-I,0,0,0,2.0,https://catalog.metu.edu.tr/program.php?fac_prog=562,scraped
CE,562,REQ-0007,required_course,IS 100,1,1,First Semester,1,1,IS 100,9010100,INTRODUCTION TO INFORMATION TECHNOLOGIES AND APPLICATIONS,0,0,2,1.0,https://catalog.metu.edu.tr/program.php?fac_prog=562,scraped
CE,562,REQ-0008,required_course,PHYS 106,1,2,Second Semester,1,1,PHYS 106,2300106,GENERAL PHYSICS II,4,3,2,6.0,https://catalog.metu.edu.tr/program.php?fac_prog=562,scraped
CE,562,REQ-0009,required_course,MATH 120,1,2,Second Semester,1,1,MATH 120,2360120,CALCULUS OF FUNCTIONS OF SEVERAL VARIABLES,5,4,2,7.5,https://catalog.metu.edu.tr/program.php?fac_prog=562,scraped
CE,562,REQ-0010,required_course,BA 100,1,2,Second Semester,1,1,BA 100,3120100,CAREER PLANNING,0,1,0,2.0,https://catalog.metu.edu.tr/program.php?fac_prog=562,scraped
CE,562,REQ-0011,required_course,CE 102,1,2,Second Semester,1,1,CE 102,5620102,INTRODUCTION TO CIVIL ENGINEERING,0,2,0,2.0,https://catalog.metu.edu.tr/program.php?fac_prog=562,scraped
CE,562,REQ-0012,required_course,GEOE 104,1,2,Second Semester,1,1,GEOE 104,5640104,GEOLOGY FOR CIVIL ENGINEERING,3,3,0,5.0,https://catalog.metu.edu.tr/program.php?fac_prog=562,scraped
CE,562,REQ-0013,required_course,CENG 240,1,2,Second Semester,1,1,CENG 240,5710240,PROGRAMMING WITH PYTHON FOR ENGINEERS,3,2,2,4.0,https://catalog.metu.edu.tr/program.php?fac_prog=562,scraped
CE,562,REQ-0014,required_course,ENG 102,1,2,Second Semester,1,1,ENG 102,6390102,ENGLISH FOR ACADEMIC PURPOSES II,4,4,1,6.0,https://catalog.metu.edu.tr/program.php?fac_prog=562,scraped
CE,562,REQ-0015,required_course,MATH 219,2,3,Third Semester,1,1,MATH 219,2360219,INTRODUCTION TO DIFFERENTIAL EQUATIONS,4,4,0,7.0,https://catalog.metu.edu.tr/program.php?fac_prog=562,scraped
CE,562,REQ-0016,required_course,ES 202,2,3,Third Semester,1,1,ES 202,5610202,MATHEMATICS FOR ENGINEERS,3,3,0,5.0,https://catalog.metu.edu.tr/program.php?fac_prog=562,scraped
CE,562,REQ-0017,required_course,CE 221,2,3,Third Semester,1,1,CE 221,5620221,ENGINEERING MECHANICS I,3,3,0,5.0,https://catalog.metu.edu.tr/program.php?fac_prog=562,scraped
CE,562,REQ-0018,required_course,CE 231,2,3,Third Semester,1,1,CE 231,5620231,ENGINEERING ECONOMY,3,3,0,5.0,https://catalog.metu.edu.tr/program.php?fac_prog=562,scraped
CE,562,REQ-0019,required_course,CE 241,2,3,Third Semester,1,1,CE 241,5620241,MATERIALS SCIENCE,3,2,2,4.0,https://catalog.metu.edu.tr/program.php?fac_prog=562,scraped
CE,562,REQ-0020,course_choice,Any 1 of the following set ..,2,3,Third Semester,1,1,HIST 2201,2402201,,0,2,0,2.0,https://catalog.metu.edu.tr/program.php?fac_prog=562,scraped
CE,562,REQ-0020,course_choice,Any 1 of the following set ..,2,3,Third Semester,1,2,HIST 2205,2402205,HISTORY OF THE TURKISH REVOLUTION I,0,2,0,2.0,https://catalog.metu.edu.tr/program.php?fac_prog=562,scraped
CE,562,REQ-0021,nontechnical_elective_pool,NONTECHNICAL ELECTIVE,2,3,Third Semester,1,,,,,,,,5.0,https://catalog.metu.edu.tr/program.php?fac_prog=562,scraped
CE,562,REQ-0022,required_course,CE 204,2,4,Fourth Semester,1,1,CE 204,5620204,UNCERTAINTY AND DATA ANALYSIS,3,3,0,5.0,https://catalog.metu.edu.tr/program.php?fac_prog=562,scraped
CE,562,REQ-0023,required_course,CE 222,2,4,Fourth Semester,1,1,CE 222,5620222,ENGINEERING MECHANICS II,3,3,0,5.0,https://catalog.metu.edu.tr/program.php?fac_prog=562,scraped
CE,562,REQ-0024,required_course,CE 224,2,4,Fourth Semester,1,1,CE 224,5620224,MECHANICS OF MATERIALS,4,3,2,5.0,https://catalog.metu.edu.tr/program.php?fac_prog=562,scraped
CE,562,REQ-0025,required_course,CE 272,2,4,Fourth Semester,1,1,CE 272,5620272,FLUID MECHANICS,3,3,0,5.0,https://catalog.metu.edu.tr/program.php?fac_prog=562,scraped
CE,562,REQ-0026,required_course,ENG 211,2,4,Fourth Semester,1,1,ENG 211,6390211,ACADEMIC SPEAKING SKILLS,3,3,1,4.0,https://catalog.metu.edu.tr/program.php?fac_prog=562,scraped
CE,562,REQ-0027,course_choice,Any 1 of the following set ..,2,4,Fourth Semester,1,1,HIST 2202,2402202,,0,2,0,2.0,https://catalog.metu.edu.tr/program.php?fac_prog=562,scraped
CE,562,REQ-0027,course_choice,Any 1 of the following set ..,2,4,Fourth Semester,1,2,HIST 2206,2402206,HISTORY OF THE TURKISH REVOLUTION II,0,2,0,2.0,https://catalog.metu.edu.tr/program.php?fac_prog=562,scraped
CE,562,REQ-0028,nontechnical_elective_pool,NONTECHNICAL ELECTIVE,2,4,Fourth Semester,1,,,,,,,,5.0,https://catalog.metu.edu.tr/program.php?fac_prog=562,scraped
CE,562,REQ-0029,summer_practice,CE 300,3,5,Fifth Semester,1,1,CE 300,5620300,SUMMER PRACTICE I,0,0,0,5.0,https://catalog.metu.edu.tr/program.php?fac_prog=562,scraped
CE,562,REQ-0030,required_course,CE 305,3,5,Fifth Semester,1,1,CE 305,5620305,NUMERICAL METHODS FOR ENGINEERS,3,3,0,5.0,https://catalog.metu.edu.tr/program.php?fac_prog=562,scraped
CE,562,REQ-0031,required_course,CE 353,3,5,Fifth Semester,1,1,CE 353,5620353,PRINCIPLES OF TRANSPORTATION&TRAFFIC E,4,3,2,5.0,https://catalog.metu.edu.tr/program.php?fac_prog=562,scraped
CE,562,REQ-0032,required_course,CE 363,3,5,Fifth Semester,1,1,CE 363,5620363,SOIL MECHANICS,4,3,2,5.0,https://catalog.metu.edu.tr/program.php?fac_prog=562,scraped
CE,562,REQ-0033,required_course,CE 372,3,5,Fifth Semester,1,1,CE 372,5620372,HYDROMECHANICS,4,3,2,6.0,https://catalog.metu.edu.tr/program.php?fac_prog=562,scraped
CE,562,REQ-0034,required_course,CE 383,3,5,Fifth Semester,1,1,CE 383,5620383,STRUCTURAL ANALYSIS,3,3,0,5.0,https://catalog.metu.edu.tr/program.php?fac_prog=562,scraped
CE,562,REQ-0035,required_course,OHS 301,3,5,Fifth Semester,1,1,OHS 301,8770301,OCCUPATIONAL HEALTH AND SAFETY - II,0,0,0,2.0,https://catalog.metu.edu.tr/program.php?fac_prog=562,scraped
CE,562,REQ-0036,course_choice,Any 1 of the following set ..,3,5,Fifth Semester,1,1,TURK 105,6420105,TURKISH I,0,4,0,5.0,https://catalog.metu.edu.tr/program.php?fac_prog=562,scraped
CE,562,REQ-0036,course_choice,Any 1 of the following set ..,3,5,Fifth Semester,1,2,TURK 201,6420201,ELEMENTARY TURKISH I,0,2,0,3.0,https://catalog.metu.edu.tr/program.php?fac_prog=562,scraped
CE,562,REQ-0036,course_choice,Any 1 of the following set ..,3,5,Fifth Semester,1,3,TURK 303,6420303,TURKISH I,0,2,0,2.0,https://catalog.metu.edu.tr/program.php?fac_prog=562,scraped
CE,562,REQ-0037,required_course,CE 332,3,6,Sixth Semester,1,1,CE 332,5620332,CONSTRUCTION ENGINEERING &MANAGEMENT,3,3,0,5.0,https://catalog.metu.edu.tr/program.php?fac_prog=562,scraped
CE,562,REQ-0038,required_course,CE 344,3,6,Sixth Semester,1,1,CE 344,5620344,MATERIALS OF CONSTRUCTION,4,3,2,6.0,https://catalog.metu.edu.tr/program.php?fac_prog=562,scraped
CE,562,REQ-0039,required_course,CE 366,3,6,Sixth Semester,1,1,CE 366,5620366,FOUNDATION ENGINEERING I,3,2,2,4.0,https://catalog.metu.edu.tr/program.php?fac_prog=562,scraped
CE,562,REQ-0040,required_course,CE 378,3,6,Sixth Semester,1,1,CE 378,5620378,WATER RESOURCES ENGINEERING,4,4,0,6.0,https://catalog.metu.edu.tr/program.php?fac_prog=562,scraped
CE,562,REQ-0041,required_course,CE 382,3,6,Sixth Semester,1,1,CE 382,5620382,REINFORCED CONCRETE FUNDAMENTALS,3,3,0,5.0,https://catalog.metu.edu.tr/program.php?fac_prog=562,scraped
CE,562,REQ-0042,required_course,CE 388,3,6,Sixth Semester,1,1,CE 388,5620388,FUNDAMENTALS OF STEEL DESIGN,3,3,0,5.0,https://catalog.metu.edu.tr/program.php?fac_prog=562,scraped
CE,562,REQ-0043,course_choice,Any 1 of the following set ..,3,6,Sixth Semester,1,1,TURK 106,6420106,TURKISH II,0,4,0,5.0,https://catalog.metu.edu.tr/program.php?fac_prog=562,scraped
CE,562,REQ-0043,course_choice,Any 1 of the following set ..,3,6,Sixth Semester,1,2,TURK 202,6420202,INTERMEDIATE TURKISH I,0,2,0,3.0,https://catalog.metu.edu.tr/program.php?fac_prog=562,scraped
CE,562,REQ-0043,course_choice,Any 1 of the following set ..,3,6,Sixth Semester,1,3,TURK 304,6420304,TURKISH II,0,2,0,2.0,https://catalog.metu.edu.tr/program.php?fac_prog=562,scraped
CE,562,REQ-0044,summer_practice,CE 400,4,7,Seventh Semester,1,1,CE 400,5620400,SUMMER PRACTICE II,0,0,0,5.0,https://catalog.metu.edu.tr/program.php?fac_prog=562,scraped
CE,562,REQ-0045,required_course,CE 410,4,7,Seventh Semester,1,1,CE 410,5620410,CIVIL ENGINEERING DESIGN,3,2,2,7.0,https://catalog.metu.edu.tr/program.php?fac_prog=562,scraped
CE,562,REQ-0046,restricted_elective_pool,RESTRICTED ELECTIVE,4,7,Seventh Semester,1,,,,,,,,5.0,https://catalog.metu.edu.tr/program.php?fac_prog=562,scraped
CE,562,REQ-0047,restricted_elective_pool,RESTRICTED ELECTIVE,4,7,Seventh Semester,1,,,,,,,,5.0,https://catalog.metu.edu.tr/program.php?fac_prog=562,scraped
CE,562,REQ-0048,restricted_elective_pool,RESTRICTED ELECTIVE,4,7,Seventh Semester,1,,,,,,,,5.0,https://catalog.metu.edu.tr/program.php?fac_prog=562,scraped
CE,562,REQ-0049,free_elective_pool,FREE ELECTIVE,4,7,Seventh Semester,1,,,,,,,,5.0,https://catalog.metu.edu.tr/program.php?fac_prog=562,scraped
CE,562,REQ-0050,restricted_elective_pool,RESTRICTED ELECTIVE,4,8,Eighth Semester,1,,,,,,,,5.0,https://catalog.metu.edu.tr/program.php?fac_prog=562,scraped
CE,562,REQ-0051,restricted_elective_pool,RESTRICTED ELECTIVE,4,8,Eighth Semester,1,,,,,,,,5.0,https://catalog.metu.edu.tr/program.php?fac_prog=562,scraped
CE,562,REQ-0052,restricted_elective_pool,RESTRICTED ELECTIVE,4,8,Eighth Semester,1,,,,,,,,5.0,https://catalog.metu.edu.tr/program.php?fac_prog=562,scraped
CE,562,REQ-0053,technical_elective_pool,TECHNICAL ELECTIVE,4,8,Eighth Semester,1,,,,,,,,5.0,https://catalog.metu.edu.tr/program.php?fac_prog=562,scraped
CE,562,REQ-0054,technical_elective_pool,TECHNICAL ELECTIVE,4,8,Eighth Semester,1,,,,,,,,5.0,https://catalog.metu.edu.tr/program.php?fac_prog=562,scraped
GEOE,564,REQ-0001,required_course,PHYS 105,1,1,First Semester,1,1,PHYS 105,2300105,GENERAL PHYSICS I,4,3,2,6.0,https://catalog.metu.edu.tr/program.php?fac_prog=564,scraped
GEOE,564,REQ-0002,required_course,CHEM 111,1,1,First Semester,1,1,CHEM 111,2340111,GENERAL CHEMISTRY I,4,3,2,6.0,https://catalog.metu.edu.tr/program.php?fac_prog=564,scraped
GEOE,564,REQ-0003,required_course,MATH 119,1,1,First Semester,1,1,MATH 119,2360119,CALCULUS WITH ANALYTIC GEOMETRY,5,4,2,7.0,https://catalog.metu.edu.tr/program.php?fac_prog=564,scraped
GEOE,564,REQ-0004,required_course,GEOE 105,1,1,First Semester,1,1,GEOE 105,5640105,INTRODUCTION TO GEOLOGICAL ENGINEERING,0,2,0,3.0,https://catalog.metu.edu.tr/program.php?fac_prog=564,scraped
GEOE,564,REQ-0005,required_course,ENG 101,1,1,First Semester,1,1,ENG 101,6390101,ENGLISH FOR ACADEMIC PURPOSES I,4,4,1,6.0,https://catalog.metu.edu.tr/program.php?fac_prog=564,scraped
GEOE,564,REQ-0006,required_course,OHS 101,1,1,First Semester,1,1,OHS 101,8770101,OCCUPATIONAL HEALTH AND SAFETY-I,0,0,0,2.0,https://catalog.metu.edu.tr/program.php?fac_prog=564,scraped
GEOE,564,REQ-0007,required_course,IS 100,1,1,First Semester,1,1,IS 100,9010100,INTRODUCTION TO INFORMATION TECHNOLOGIES AND APPLICATIONS,0,0,2,1.0,https://catalog.metu.edu.tr/program.php?fac_prog=564,scraped
GEOE,564,REQ-0008,required_course,PHYS 106,1,2,Second Semester,1,1,PHYS 106,2300106,GENERAL PHYSICS II,4,3,2,6.0,https://catalog.metu.edu.tr/program.php?fac_prog=564,scraped
GEOE,564,REQ-0009,required_course,CHEM 112,1,2,Second Semester,1,1,CHEM 112,2340112,GENERAL CHEMISTRY II,4,3,2,6.0,https://catalog.metu.edu.tr/program.php?fac_prog=564,scraped
GEOE,564,REQ-0010,required_course,MATH 120,1,2,Second Semester,1,1,MATH 120,2360120,CALCULUS OF FUNCTIONS OF SEVERAL VARIABLES,5,4,2,7.5,https://catalog.metu.edu.tr/program.php?fac_prog=564,scraped
GEOE,564,REQ-0011,required_course,BA 100,1,2,Second Semester,1,1,BA 100,3120100,CAREER PLANNING,0,1,0,2.0,https://catalog.metu.edu.tr/program.php?fac_prog=564,scraped
GEOE,564,REQ-0012,required_course,CE 101,1,2,Second Semester,1,1,CE 101,5620101,CIVIL ENGINEERING DRAWING,3,2,2,4.0,https://catalog.metu.edu.tr/program.php?fac_prog=564,scraped
GEOE,564,REQ-0013,required_course,ENG 102,1,2,Second Semester,1,1,ENG 102,6390102,ENGLISH FOR ACADEMIC PURPOSES II,4,4,1,6.0,https://catalog.metu.edu.tr/program.php?fac_prog=564,scraped
GEOE,564,REQ-0014,required_course,MATH 219,2,3,Third Semester,1,1,MATH 219,2360219,INTRODUCTION TO DIFFERENTIAL EQUATIONS,4,4,0,7.0,https://catalog.metu.edu.tr/program.php?fac_prog=564,scraped
GEOE,564,REQ-0015,required_course,ES 221,2,3,Third Semester,1,1,ES 221,5610221,ENGINEERING MECHANICS I,3,3,0,5.0,https://catalog.metu.edu.tr/program.php?fac_prog=564,scraped
GEOE,564,REQ-0016,required_course,GEOE 209,2,3,Third Semester,1,1,GEOE 209,5640209,PHYSICAL GEOLOGY,3,2,2,5.0,https://catalog.metu.edu.tr/program.php?fac_prog=564,scraped
GEOE,564,REQ-0017,required_course,GEOE 213,2,3,Third Semester,1,1,GEOE 213,5640213,MINERALOGY,4,2,4,5.0,https://catalog.metu.edu.tr/program.php?fac_prog=564,scraped
GEOE,564,REQ-0018,course_choice,Any 1 of the following set ..,2,3,Third Semester,1,1,HIST 2201,2402201,,0,2,0,2.0,https://catalog.metu.edu.tr/program.php?fac_prog=564,scraped
GEOE,564,REQ-0018,course_choice,Any 1 of the following set ..,2,3,Third Semester,1,2,HIST 2205,2402205,HISTORY OF THE TURKISH REVOLUTION I,0,2,0,2.0,https://catalog.metu.edu.tr/program.php?fac_prog=564,scraped
GEOE,564,REQ-0019,restricted_elective_pool,RESTRICTED ELECTIVE,2,3,Third Semester,1,,,,,,,,5.0,https://catalog.metu.edu.tr/program.php?fac_prog=564,scraped
GEOE,564,REQ-0020,nontechnical_elective_pool,NONTECHNICAL ELECTIVE,2,3,Third Semester,1,,,,,,,,5.0,https://catalog.metu.edu.tr/program.php?fac_prog=564,scraped
GEOE,564,REQ-0021,required_course,ES 224,2,4,Fourth Semester,1,1,ES 224,5610224,STRENGTH OF MATERIALS,3,3,0,5.0,https://catalog.metu.edu.tr/program.php?fac_prog=564,scraped
GEOE,564,REQ-0022,required_course,GEOE 208,2,4,Fourth Semester,1,1,GEOE 208,5640208,MAPWORK,3,2,2,5.0,https://catalog.metu.edu.tr/program.php?fac_prog=564,scraped
GEOE,564,REQ-0023,required_course,GEOE 210,2,4,Fourth Semester,1,1,GEOE 210,5640210,PETROGRAPHY,3,1,4,5.0,https://catalog.metu.edu.tr/program.php?fac_prog=564,scraped
GEOE,564,REQ-0024,required_course,GEOE 214,2,4,Fourth Semester,1,1,GEOE 214,5640214,PRINCIPLES OF STRATIGRAPHY,3,2,2,5.0,https://catalog.metu.edu.tr/program.php?fac_prog=564,scraped
GEOE,564,REQ-0025,required_course,CENG 240,2,4,Fourth Semester,1,1,CENG 240,5710240,PROGRAMMING WITH PYTHON FOR ENGINEERS,3,2,2,4.0,https://catalog.metu.edu.tr/program.php?fac_prog=564,scraped
GEOE,564,REQ-0026,required_course,ENG 211,2,4,Fourth Semester,1,1,ENG 211,6390211,ACADEMIC SPEAKING SKILLS,3,3,1,4.0,https://catalog.metu.edu.tr/program.php?fac_prog=564,scraped
GEOE,564,REQ-0027,course_choice,Any 1 of the following set ..,2,4,Fourth Semester,1,1,HIST 2202,2402202,,0,2,0,2.0,https://catalog.metu.edu.tr/program.php?fac_prog=564,scraped
GEOE,564,REQ-0027,course_choice,Any 1 of the following set ..,2,4,Fourth Semester,1,2,HIST 2206,2402206,HISTORY OF THE TURKISH REVOLUTION II,0,2,0,2.0,https://catalog.metu.edu.tr/program.php?fac_prog=564,scraped
GEOE,564,REQ-0028,summer_practice,GEOE 300,3,5,Fifth Semester,1,1,GEOE 300,5640300,SUMMER PRACTICE I,0,0,0,8.0,https://catalog.metu.edu.tr/program.php?fac_prog=564,scraped
GEOE,564,REQ-0029,required_course,GEOE 303,3,5,Fifth Semester,1,1,GEOE 303,5640303,GEOPHYSICAL PROSPECTING,3,3,0,5.0,https://catalog.metu.edu.tr/program.php?fac_prog=564,scraped
GEOE,564,REQ-0030,required_course,GEOE 309,3,5,Fifth Semester,1,1,GEOE 309,5640309,HISTORICAL GEOLOGY AND PALEONTOLOGY,4,3,2,6.0,https://catalog.metu.edu.tr/program.php?fac_prog=564,scraped
GEOE,564,REQ-0031,required_course,GEOE 313,3,5,Fifth Semester,1,1,GEOE 313,5640313,STRUCTURAL GEOLOGY,3,2,2,5.0,https://catalog.metu.edu.tr/program.php?fac_prog=564,scraped
GEOE,564,REQ-0032,required_course,MINE 317,3,5,Fifth Semester,1,1,MINE 317,5650317,INTRODUCTION TO ROCK MECHANICS,3,2,2,5.0,https://catalog.metu.edu.tr/program.php?fac_prog=564,scraped
GEOE,564,REQ-0033,required_course,OHS 301,3,5,Fifth Semester,1,1,OHS 301,8770301,OCCUPATIONAL HEALTH AND SAFETY - II,0,0,0,2.0,https://catalog.metu.edu.tr/program.php?fac_prog=564,scraped
GEOE,564,REQ-0034,course_choice,Any 1 of the following set ..,3,5,Fifth Semester,1,1,TURK 105,6420105,TURKISH I,0,4,0,5.0,https://catalog.metu.edu.tr/program.php?fac_prog=564,scraped
GEOE,564,REQ-0034,course_choice,Any 1 of the following set ..,3,5,Fifth Semester,1,2,TURK 201,6420201,ELEMENTARY TURKISH I,0,2,0,3.0,https://catalog.metu.edu.tr/program.php?fac_prog=564,scraped
GEOE,564,REQ-0034,course_choice,Any 1 of the following set ..,3,5,Fifth Semester,1,3,TURK 303,6420303,TURKISH I,0,2,0,2.0,https://catalog.metu.edu.tr/program.php?fac_prog=564,scraped
GEOE,564,REQ-0035,restricted_elective_pool,RESTRICTED ELECTIVE,3,5,Fifth Semester,1,,,,,,,,5.0,https://catalog.metu.edu.tr/program.php?fac_prog=564,scraped
GEOE,564,REQ-0036,nontechnical_elective_pool,NONTECHNICAL ELECTIVE,3,5,Fifth Semester,1,,,,,,,,5.0,https://catalog.metu.edu.tr/program.php?fac_prog=564,scraped
GEOE,564,REQ-0037,required_course,ES 303,3,6,Sixth Semester,1,1,ES 303,5610303,STATISTICAL METHODS FOR ENGINEERS,3,3,0,5.0,https://catalog.metu.edu.tr/program.php?fac_prog=564,scraped
GEOE,564,REQ-0038,required_course,CE 364,3,6,Sixth Semester,1,1,CE 364,5620364,SOIL MECHANICS,3,2,2,5.0,https://catalog.metu.edu.tr/program.php?fac_prog=564,scraped
GEOE,564,REQ-0039,required_course,CE 374,3,6,Sixth Semester,1,1,CE 374,5620374,FLUID MECHANICS,3,3,0,5.0,https://catalog.metu.edu.tr/program.php?fac_prog=564,scraped
GEOE,564,REQ-0040,required_course,GEOE 318,3,6,Sixth Semester,1,1,GEOE 318,5640318,GEOCHEMICAL THERMODYNAMICS,3,3,0,5.0,https://catalog.metu.edu.tr/program.php?fac_prog=564,scraped
GEOE,564,REQ-0041,required_course,GEOE 326,3,6,Sixth Semester,1,1,GEOE 326,5640326,FIELD GEOLOGY,2,2,0,3.5,https://catalog.metu.edu.tr/program.php?fac_prog=564,scraped
GEOE,564,REQ-0042,required_course,GEOE 327,3,6,Sixth Semester,1,1,GEOE 327,5640327,FIELD GEOLOGICAL MAPPING,3,0,6,5.0,https://catalog.metu.edu.tr/program.php?fac_prog=564,scraped
GEOE,564,REQ-0043,course_choice,Any 1 of the following set ..,3,6,Sixth Semester,1,1,TURK 106,6420106,TURKISH II,0,4,0,5.0,https://catalog.metu.edu.tr/program.php?fac_prog=564,scraped
GEOE,564,REQ-0043,course_choice,Any 1 of the following set ..,3,6,Sixth Semester,1,2,TURK 202,6420202,INTERMEDIATE TURKISH I,0,2,0,3.0,https://catalog.metu.edu.tr/program.php?fac_prog=564,scraped
GEOE,564,REQ-0043,course_choice,Any 1 of the following set ..,3,6,Sixth Semester,1,3,TURK 304,6420304,TURKISH II,0,2,0,2.0,https://catalog.metu.edu.tr/program.php?fac_prog=564,scraped
GEOE,564,REQ-0044,summer_practice,GEOE 400,4,7,Seventh Semester,1,1,GEOE 400,5640400,SUMMER PRACTICE II,0,0,0,8.0,https://catalog.metu.edu.tr/program.php?fac_prog=564,scraped
GEOE,564,REQ-0045,required_course,GEOE 401,4,7,Seventh Semester,1,1,GEOE 401,5640401,MINERAL DEPOSITS,3,2,2,5.0,https://catalog.metu.edu.tr/program.php?fac_prog=564,scraped
GEOE,564,REQ-0046,required_course,GEOE 407,4,7,Seventh Semester,1,1,GEOE 407,5640407,ENGINEERING GEOLOGY,3,2,2,5.0,https://catalog.metu.edu.tr/program.php?fac_prog=564,scraped
GEOE,564,REQ-0047,required_course,GEOE 423,4,7,Seventh Semester,1,1,GEOE 423,5640423,HYDROGEOLOGY,3,2,2,5.0,https://catalog.metu.edu.tr/program.php?fac_prog=564,scraped
GEOE,564,REQ-0048,required_course,GEOE 425,4,7,Seventh Semester,1,1,GEOE 425,5640425,COMPUTER APPLICATIONS IN GEO.ENG.,3,2,2,5.0,https://catalog.metu.edu.tr/program.php?fac_prog=564,scraped
GEOE,564,REQ-0049,required_course,GEOE 491,4,7,Seventh Semester,1,1,GEOE 491,5640491,GEOLOGICAL ENGINEERING DESIGN I,3,2,2,5.0,https://catalog.metu.edu.tr/program.php?fac_prog=564,scraped
GEOE,564,REQ-0050,required_course,GEOE 492,4,8,Eighth Semester,1,1,GEOE 492,5640492,GEOLOGICAL ENGINEERING DESIGN II,3,1,4,6.0,https://catalog.metu.edu.tr/program.php?fac_prog=564,scraped
GEOE,564,REQ-0051,free_elective_pool,FREE ELECTIVE,4,8,Eighth Semester,1,,,,,,,,5.0,https://catalog.metu.edu.tr/program.php?fac_prog=564,scraped
GEOE,564,REQ-0052,technical_elective_pool,TECHNICAL ELECTIVE,4,8,Eighth Semester,1,,,,,,,,5.0,https://catalog.metu.edu.tr/program.php?fac_prog=564,scraped
GEOE,564,REQ-0053,technical_elective_pool,TECHNICAL ELECTIVE,4,8,Eighth Semester,1,,,,,,,,5.0,https://catalog.metu.edu.tr/program.php?fac_prog=564,scraped
GEOE,564,REQ-0054,technical_elective_pool,TECHNICAL ELECTIVE,4,8,Eighth Semester,1,,,,,,,,5.0,https://catalog.metu.edu.tr/program.php?fac_prog=564,scraped
GEOE,564,REQ-0055,technical_elective_pool,TECHNICAL ELECTIVE,4,8,Eighth Semester,1,,,,,,,,5.0,https://catalog.metu.edu.tr/program.php?fac_prog=564,scraped
CHE,563,REQ-0001,required_course,PHYS 105,1,1,First Semester,1,1,PHYS 105,2300105,GENERAL PHYSICS I,4,3,2,6.0,https://catalog.metu.edu.tr/program.php?fac_prog=563,scraped
CHE,563,REQ-0002,required_course,CHEM 111,1,1,First Semester,1,1,CHEM 111,2340111,GENERAL CHEMISTRY I,4,3,2,6.0,https://catalog.metu.edu.tr/program.php?fac_prog=563,scraped
CHE,563,REQ-0003,required_course,MATH 119,1,1,First Semester,1,1,MATH 119,2360119,CALCULUS WITH ANALYTIC GEOMETRY,5,4,2,7.0,https://catalog.metu.edu.tr/program.php?fac_prog=563,scraped
CHE,563,REQ-0004,required_course,ME 105,1,1,First Semester,1,1,ME 105,5690105,COMPUTER AIDED ENGINEERING GRAPHICS,3,2,2,5.0,https://catalog.metu.edu.tr/program.php?fac_prog=563,scraped
CHE,563,REQ-0005,required_course,ENG 101,1,1,First Semester,1,1,ENG 101,6390101,ENGLISH FOR ACADEMIC PURPOSES I,4,4,1,6.0,https://catalog.metu.edu.tr/program.php?fac_prog=563,scraped
CHE,563,REQ-0006,required_course,OHS 101,1,1,First Semester,1,1,OHS 101,8770101,OCCUPATIONAL HEALTH AND SAFETY-I,0,0,0,2.0,https://catalog.metu.edu.tr/program.php?fac_prog=563,scraped
CHE,563,REQ-0007,required_course,IS 100,1,1,First Semester,1,1,IS 100,9010100,INTRODUCTION TO INFORMATION TECHNOLOGIES AND APPLICATIONS,0,0,2,1.0,https://catalog.metu.edu.tr/program.php?fac_prog=563,scraped
CHE,563,REQ-0008,required_course,PHYS 106,1,2,Second Semester,1,1,PHYS 106,2300106,GENERAL PHYSICS II,4,3,2,6.0,https://catalog.metu.edu.tr/program.php?fac_prog=563,scraped
CHE,563,REQ-0009,required_course,CHEM 112,1,2,Second Semester,1,1,CHEM 112,2340112,GENERAL CHEMISTRY II,4,3,2,6.0,https://catalog.metu.edu.tr/program.php?fac_prog=563,scraped
CHE,563,REQ-0010,required_course,MATH 120,1,2,Second Semester,1,1,MATH 120,2360120,CALCULUS OF FUNCTIONS OF SEVERAL VARIABLES,5,4,2,7.5,https://catalog.metu.edu.tr/program.php?fac_prog=563,scraped
CHE,563,REQ-0011,required_course,BA 100,1,2,Second Semester,1,1,BA 100,3120100,CAREER PLANNING,0,1,0,2.0,https://catalog.metu.edu.tr/program.php?fac_prog=563,scraped
CHE,563,REQ-0012,required_course,CHE 102,1,2,Second Semester,1,1,CHE 102,5630102,INTRODUCTION TO CHEMICAL ENGINEERING,1,1,0,1.0,https://catalog.metu.edu.tr/program.php?fac_prog=563,scraped
CHE,563,REQ-0013,required_course,CENG 240,1,2,Second Semester,1,1,CENG 240,5710240,PROGRAMMING WITH PYTHON FOR ENGINEERS,3,2,2,4.0,https://catalog.metu.edu.tr/program.php?fac_prog=563,scraped
CHE,563,REQ-0014,required_course,ENG 102,1,2,Second Semester,1,1,ENG 102,6390102,ENGLISH FOR ACADEMIC PURPOSES II,4,4,1,6.0,https://catalog.metu.edu.tr/program.php?fac_prog=563,scraped
CHE,563,REQ-0015,required_course,CHEM 220,2,3,Third Semester,1,1,CHEM 220,2340220,ORGANIC CHEMISTRY,4,3,2,6.0,https://catalog.metu.edu.tr/program.php?fac_prog=563,scraped
CHE,563,REQ-0016,required_course,MATH 219,2,3,Third Semester,1,1,MATH 219,2360219,INTRODUCTION TO DIFFERENTIAL EQUATIONS,4,4,0,7.0,https://catalog.metu.edu.tr/program.php?fac_prog=563,scraped
CHE,563,REQ-0017,required_course,CHE 203,2,3,Third Semester,1,1,CHE 203,5630203,CHEMICAL PROCESS CALCULATIONS,4,4,0,7.0,https://catalog.metu.edu.tr/program.php?fac_prog=563,scraped
CHE,563,REQ-0018,required_course,ENG 211,2,3,Third Semester,1,1,ENG 211,6390211,ACADEMIC SPEAKING SKILLS,3,3,1,4.0,https://catalog.metu.edu.tr/program.php?fac_prog=563,scraped
CHE,563,REQ-0019,required_course,OHS 301,2,3,Third Semester,1,1,OHS 301,8770301,OCCUPATIONAL HEALTH AND SAFETY - II,0,0,0,2.0,https://catalog.metu.edu.tr/program.php?fac_prog=563,scraped
CHE,563,REQ-0020,course_choice,Any 1 of the following set ..,2,3,Third Semester,1,1,HIST 2201,2402201,,0,2,0,2.0,https://catalog.metu.edu.tr/program.php?fac_prog=563,scraped
CHE,563,REQ-0020,course_choice,Any 1 of the following set ..,2,3,Third Semester,1,2,HIST 2205,2402205,HISTORY OF THE TURKISH REVOLUTION I,0,2,0,2.0,https://catalog.metu.edu.tr/program.php?fac_prog=563,scraped
CHE,563,REQ-0021,restricted_elective_pool,RESTRICTED ELECTIVE,2,3,Third Semester,1,,,,,,,,5.0,https://catalog.metu.edu.tr/program.php?fac_prog=563,scraped
CHE,563,REQ-0022,required_course,CHEM 230,2,4,Fourth Semester,1,1,CHEM 230,2340230,ANALYTICAL CHEMISTRY FOR ENGINEERS,4,3,2,6.0,https://catalog.metu.edu.tr/program.php?fac_prog=563,scraped
CHE,563,REQ-0023,required_course,ES 361,2,4,Fourth Semester,1,1,ES 361,5610361,COMPUTING METHODS IN ENGINEERING,3,3,0,5.0,https://catalog.metu.edu.tr/program.php?fac_prog=563,scraped
CHE,563,REQ-0024,required_course,CHE 204,2,4,Fourth Semester,1,1,CHE 204,5630204,THERMODYNAMICS I,4,4,0,7.0,https://catalog.metu.edu.tr/program.php?fac_prog=563,scraped
CHE,563,REQ-0025,required_course,CHE 222,2,4,Fourth Semester,1,1,CHE 222,5630222,FLUID MECHANICS,4,4,0,7.0,https://catalog.metu.edu.tr/program.php?fac_prog=563,scraped
CHE,563,REQ-0026,required_course,METE 230,2,4,Fourth Semester,1,1,METE 230,5700230,FUNDAMENTALS OF MATERIALS SCIENCE AND ENGINEERING,3,3,0,5.0,https://catalog.metu.edu.tr/program.php?fac_prog=563,scraped
CHE,563,REQ-0027,course_choice,Any 1 of the following set ..,2,4,Fourth Semester,1,1,HIST 2202,2402202,,0,2,0,2.0,https://catalog.metu.edu.tr/program.php?fac_prog=563,scraped
CHE,563,REQ-0027,course_choice,Any 1 of the following set ..,2,4,Fourth Semester,1,2,HIST 2206,2402206,HISTORY OF THE TURKISH REVOLUTION II,0,2,0,2.0,https://catalog.metu.edu.tr/program.php?fac_prog=563,scraped
CHE,563,REQ-0028,required_course,CHEM 353,3,5,Fifth Semester,1,1,CHEM 353,2340353,PHYSICAL CHEMISTRY II,4,4,0,7.0,https://catalog.metu.edu.tr/program.php?fac_prog=563,scraped
CHE,563,REQ-0029,required_course,ECON 210,3,5,Fifth Semester,1,1,ECON 210,3110210,PRINCIPLES OF ECONOMICS,3,3,0,5.0,https://catalog.metu.edu.tr/program.php?fac_prog=563,scraped
CHE,563,REQ-0030,summer_practice,CHE 300,3,5,Fifth Semester,1,1,CHE 300,5630300,SUMMER PRACTICE,0,0,0,5.0,https://catalog.metu.edu.tr/program.php?fac_prog=563,scraped
CHE,563,REQ-0031,required_course,CHE 305,3,5,Fifth Semester,1,1,CHE 305,5630305,THERMODYNAMICS II,4,4,0,7.0,https://catalog.metu.edu.tr/program.php?fac_prog=563,scraped
CHE,563,REQ-0032,required_course,CHE 327,3,5,Fifth Semester,1,1,CHE 327,5630327,HEAT & MASS TRANSFER OPERATIONS,4,4,0,7.0,https://catalog.metu.edu.tr/program.php?fac_prog=563,scraped
CHE,563,REQ-0033,course_choice,Any 1 of the following set ..,3,5,Fifth Semester,1,1,TURK 105,6420105,TURKISH I,0,4,0,5.0,https://catalog.metu.edu.tr/program.php?fac_prog=563,scraped
CHE,563,REQ-0033,course_choice,Any 1 of the following set ..,3,5,Fifth Semester,1,2,TURK 201,6420201,ELEMENTARY TURKISH I,0,2,0,3.0,https://catalog.metu.edu.tr/program.php?fac_prog=563,scraped
CHE,563,REQ-0033,course_choice,Any 1 of the following set ..,3,5,Fifth Semester,1,3,TURK 303,6420303,TURKISH I,0,2,0,2.0,https://catalog.metu.edu.tr/program.php?fac_prog=563,scraped
CHE,563,REQ-0034,nontechnical_elective_pool,NONTECHNICAL ELECTIVE,3,5,Fifth Semester,1,,,,,,,,5.0,https://catalog.metu.edu.tr/program.php?fac_prog=563,scraped
CHE,563,REQ-0035,required_course,CHE 311,3,6,Sixth Semester,1,1,CHE 311,5630311,CHEMICAL REACTION ENGINEERING,4,4,0,7.0,https://catalog.metu.edu.tr/program.php?fac_prog=563,scraped
CHE,563,REQ-0036,required_course,CHE 320,3,6,Sixth Semester,1,1,CHE 320,5630320,CHEMICAL ENGINEERING LABORATORY I,2,0,4,4.0,https://catalog.metu.edu.tr/program.php?fac_prog=563,scraped
CHE,563,REQ-0037,required_course,CHE 328,3,6,Sixth Semester,1,1,CHE 328,5630328,SEPARATION PROCESSES,4,3,2,7.0,https://catalog.metu.edu.tr/program.php?fac_prog=563,scraped
CHE,563,REQ-0038,required_course,CHE 352,3,6,Sixth Semester,1,1,CHE 352,5630352,MATHEMATICAL MODELING IN CHEMICAL ENG.,3,3,0,6.0,https://catalog.metu.edu.tr/program.php?fac_prog=563,scraped
CHE,563,REQ-0039,course_choice,Any 1 of the following set ..,3,6,Sixth Semester,1,1,TURK 106,6420106,TURKISH II,0,4,0,5.0,https://catalog.metu.edu.tr/program.php?fac_prog=563,scraped
CHE,563,REQ-0039,course_choice,Any 1 of the following set ..,3,6,Sixth Semester,1,2,TURK 202,6420202,INTERMEDIATE TURKISH I,0,2,0,3.0,https://catalog.metu.edu.tr/program.php?fac_prog=563,scraped
CHE,563,REQ-0039,course_choice,Any 1 of the following set ..,3,6,Sixth Semester,1,3,TURK 304,6420304,TURKISH II,0,2,0,2.0,https://catalog.metu.edu.tr/program.php?fac_prog=563,scraped
CHE,563,REQ-0040,restricted_elective_pool,RESTRICTED ELECTIVE,3,6,Sixth Semester,1,,,,,,,,5.0,https://catalog.metu.edu.tr/program.php?fac_prog=563,scraped
CHE,563,REQ-0041,summer_practice,CHE 400,4,7,Seventh Semester,1,1,CHE 400,5630400,SUMMER PRACTICE II,0,0,0,5.0,https://catalog.metu.edu.tr/program.php?fac_prog=563,scraped
CHE,563,REQ-0042,required_course,CHE 407,4,7,Seventh Semester,1,1,CHE 407,5630407,PROCESS CONTROL,3,3,0,5.0,https://catalog.metu.edu.tr/program.php?fac_prog=563,scraped
CHE,563,REQ-0043,required_course,CHE 410,4,7,Seventh Semester,1,1,CHE 410,5630410,CHEMICAL ENGINEERING LABORATORY II,2,0,4,4.0,https://catalog.metu.edu.tr/program.php?fac_prog=563,scraped
CHE,563,REQ-0044,required_course,CHE 417,4,7,Seventh Semester,1,1,CHE 417,5630417,CHEMICAL ENGINEERING DESIGN I,4,3,2,7.0,https://catalog.metu.edu.tr/program.php?fac_prog=563,scraped
CHE,563,REQ-0045,required_course,CHE 423,4,7,Seventh Semester,1,1,CHE 423,5630423,CHEMICAL ENGINEERING ECONOMICS,3,3,0,3.5,https://catalog.metu.edu.tr/program.php?fac_prog=563,scraped
CHE,563,REQ-0046,technical_elective_pool,TECHNICAL ELECTIVE,4,7,Seventh Semester,1,,,,,,,,5.0,https://catalog.metu.edu.tr/program.php?fac_prog=563,scraped
CHE,563,REQ-0047,required_course,CHE 418,4,8,Eighth Semester,1,1,CHE 418,5630418,CHEMICAL ENGINEERING DESIGN II,4,3,2,7.0,https://catalog.metu.edu.tr/program.php?fac_prog=563,scraped
CHE,563,REQ-0048,required_course,CHE 420,4,8,Eighth Semester,1,1,CHE 420,5630420,CHEMICAL ENGINEERING LABORATORY III,2,0,4,4.0,https://catalog.metu.edu.tr/program.php?fac_prog=563,scraped
CHE,563,REQ-0049,free_elective_pool,FREE ELECTIVE,4,8,Eighth Semester,1,,,,,,,,5.0,https://catalog.metu.edu.tr/program.php?fac_prog=563,scraped
CHE,563,REQ-0050,technical_elective_pool,TECHNICAL ELECTIVE,4,8,Eighth Semester,1,,,,,,,,5.0,https://catalog.metu.edu.tr/program.php?fac_prog=563,scraped
CHE,563,REQ-0051,technical_elective_pool,TECHNICAL ELECTIVE,4,8,Eighth Semester,1,,,,,,,,5.0,https://catalog.metu.edu.tr/program.php?fac_prog=563,scraped
CHE,563,REQ-0052,nontechnical_elective_pool,NONTECHNICAL ELECTIVE,4,8,Eighth Semester,1,,,,,,,,5.0,https://catalog.metu.edu.tr/program.php?fac_prog=563,scraped
MINE,565,REQ-0001,required_course,PHYS 105,1,1,First Semester,1,1,PHYS 105,2300105,GENERAL PHYSICS I,4,3,2,6.0,https://catalog.metu.edu.tr/program.php?fac_prog=565,scraped
MINE,565,REQ-0002,required_course,CHEM 111,1,1,First Semester,1,1,CHEM 111,2340111,GENERAL CHEMISTRY I,4,3,2,6.0,https://catalog.metu.edu.tr/program.php?fac_prog=565,scraped
MINE,565,REQ-0003,required_course,MATH 119,1,1,First Semester,1,1,MATH 119,2360119,CALCULUS WITH ANALYTIC GEOMETRY,5,4,2,7.0,https://catalog.metu.edu.tr/program.php?fac_prog=565,scraped
MINE,565,REQ-0004,required_course,ME 105,1,1,First Semester,1,1,ME 105,5690105,COMPUTER AIDED ENGINEERING GRAPHICS,3,2,2,5.0,https://catalog.metu.edu.tr/program.php?fac_prog=565,scraped
MINE,565,REQ-0005,required_course,ENG 101,1,1,First Semester,1,1,ENG 101,6390101,ENGLISH FOR ACADEMIC PURPOSES I,4,4,1,6.0,https://catalog.metu.edu.tr/program.php?fac_prog=565,scraped
MINE,565,REQ-0006,required_course,OHS 101,1,1,First Semester,1,1,OHS 101,8770101,OCCUPATIONAL HEALTH AND SAFETY-I,0,0,0,2.0,https://catalog.metu.edu.tr/program.php?fac_prog=565,scraped
MINE,565,REQ-0007,required_course,IS 100,1,1,First Semester,1,1,IS 100,9010100,INTRODUCTION TO INFORMATION TECHNOLOGIES AND APPLICATIONS,0,0,2,1.0,https://catalog.metu.edu.tr/program.php?fac_prog=565,scraped
MINE,565,REQ-0008,required_course,PHYS 106,1,2,Second Semester,1,1,PHYS 106,2300106,GENERAL PHYSICS II,4,3,2,6.0,https://catalog.metu.edu.tr/program.php?fac_prog=565,scraped
MINE,565,REQ-0009,required_course,CHEM 112,1,2,Second Semester,1,1,CHEM 112,2340112,GENERAL CHEMISTRY II,4,3,2,6.0,https://catalog.metu.edu.tr/program.php?fac_prog=565,scraped
MINE,565,REQ-0010,required_course,MATH 120,1,2,Second Semester,1,1,MATH 120,2360120,CALCULUS OF FUNCTIONS OF SEVERAL VARIABLES,5,4,2,7.5,https://catalog.metu.edu.tr/program.php?fac_prog=565,scraped
MINE,565,REQ-0011,required_course,BA 100,1,2,Second Semester,1,1,BA 100,3120100,CAREER PLANNING,0,1,0,2.0,https://catalog.metu.edu.tr/program.php?fac_prog=565,scraped
MINE,565,REQ-0012,required_course,MINE 102,1,2,Second Semester,1,1,MINE 102,5650102,INTRODUCTION TO MINERAL INDUSTRIES,2,2,0,4.0,https://catalog.metu.edu.tr/program.php?fac_prog=565,scraped
MINE,565,REQ-0013,required_course,ENG 102,1,2,Second Semester,1,1,ENG 102,6390102,ENGLISH FOR ACADEMIC PURPOSES II,4,4,1,6.0,https://catalog.metu.edu.tr/program.php?fac_prog=565,scraped
MINE,565,REQ-0014,required_course,MATH 219,2,3,Third Semester,1,1,MATH 219,2360219,INTRODUCTION TO DIFFERENTIAL EQUATIONS,4,4,0,7.0,https://catalog.metu.edu.tr/program.php?fac_prog=565,scraped
MINE,565,REQ-0015,required_course,ECON 210,2,3,Third Semester,1,1,ECON 210,3110210,PRINCIPLES OF ECONOMICS,3,3,0,5.0,https://catalog.metu.edu.tr/program.php?fac_prog=565,scraped
MINE,565,REQ-0016,required_course,ES 225,2,3,Third Semester,1,1,ES 225,5610225,ENGINEERING MECHANICS,4,4,0,6.0,https://catalog.metu.edu.tr/program.php?fac_prog=565,scraped
MINE,565,REQ-0017,required_course,GEOE 207,2,3,Third Semester,1,1,GEOE 207,5640207,PRINCIPLES OF MINERALOGY &PETROGRAPHY,3,2,2,5.0,https://catalog.metu.edu.tr/program.php?fac_prog=565,scraped
MINE,565,REQ-0018,required_course,GEOE 231,2,3,Third Semester,1,1,GEOE 231,5640231,ELEMENTS OF GEOLOGY,3,3,0,5.0,https://catalog.metu.edu.tr/program.php?fac_prog=565,scraped
MINE,565,REQ-0019,required_course,MINE 201,2,3,Third Semester,1,1,MINE 201,5650201,UNDERGROUND MINING,3,3,0,6.0,https://catalog.metu.edu.tr/program.php?fac_prog=565,scraped
MINE,565,REQ-0020,course_choice,Any 1 of the following set ..,2,3,Third Semester,1,1,HIST 2201,2402201,,0,2,0,2.0,https://catalog.metu.edu.tr/program.php?fac_prog=565,scraped
MINE,565,REQ-0020,course_choice,Any 1 of the following set ..,2,3,Third Semester,1,2,HIST 2205,2402205,HISTORY OF THE TURKISH REVOLUTION I,0,2,0,2.0,https://catalog.metu.edu.tr/program.php?fac_prog=565,scraped
MINE,565,REQ-0021,required_course,ES 224,2,4,Fourth Semester,1,1,ES 224,5610224,STRENGTH OF MATERIALS,3,3,0,5.0,https://catalog.metu.edu.tr/program.php?fac_prog=565,scraped
MINE,565,REQ-0022,required_course,GEOE 215,2,4,Fourth Semester,1,1,GEOE 215,5640215,PRINCIPLES OF STRUCTURAL GEOLOGY,3,2,2,6.0,https://catalog.metu.edu.tr/program.php?fac_prog=565,scraped
MINE,565,REQ-0023,required_course,MINE 202,2,4,Fourth Semester,1,1,MINE 202,5650202,SURFACE MINING,3,3,0,6.0,https://catalog.metu.edu.tr/program.php?fac_prog=565,scraped
MINE,565,REQ-0024,required_course,CENG 240,2,4,Fourth Semester,1,1,CENG 240,5710240,PROGRAMMING WITH PYTHON FOR ENGINEERS,3,2,2,4.0,https://catalog.metu.edu.tr/program.php?fac_prog=565,scraped
MINE,565,REQ-0025,required_course,ENG 211,2,4,Fourth Semester,1,1,ENG 211,6390211,ACADEMIC SPEAKING SKILLS,3,3,1,4.0,https://catalog.metu.edu.tr/program.php?fac_prog=565,scraped
MINE,565,REQ-0026,course_choice,Any 1 of the following set ..,2,4,Fourth Semester,1,1,HIST 2202,2402202,,0,2,0,2.0,https://catalog.metu.edu.tr/program.php?fac_prog=565,scraped
MINE,565,REQ-0026,course_choice,Any 1 of the following set ..,2,4,Fourth Semester,1,2,HIST 2206,2402206,HISTORY OF THE TURKISH REVOLUTION II,0,2,0,2.0,https://catalog.metu.edu.tr/program.php?fac_prog=565,scraped
MINE,565,REQ-0027,nontechnical_elective_pool,NONTECHNICAL ELECTIVE,2,4,Fourth Semester,1,,,,,,,,5.0,https://catalog.metu.edu.tr/program.php?fac_prog=565,scraped
MINE,565,REQ-0028,required_course,ES 303,3,5,Fifth Semester,1,1,ES 303,5610303,STATISTICAL METHODS FOR ENGINEERS,3,3,0,5.0,https://catalog.metu.edu.tr/program.php?fac_prog=565,scraped
MINE,565,REQ-0029,summer_practice,MINE 300,3,5,Fifth Semester,1,1,MINE 300,5650300,SUMMER PRACTICE I,0,0,0,5.0,https://catalog.metu.edu.tr/program.php?fac_prog=565,scraped
MINE,565,REQ-0030,required_course,MINE 309,3,5,Fifth Semester,1,1,MINE 309,5650309,MINERAL PROCESSING I,3,2,2,5.0,https://catalog.metu.edu.tr/program.php?fac_prog=565,scraped
MINE,565,REQ-0031,required_course,MINE 317,3,5,Fifth Semester,1,1,MINE 317,5650317,INTRODUCTION TO ROCK MECHANICS,3,2,2,5.0,https://catalog.metu.edu.tr/program.php?fac_prog=565,scraped
MINE,565,REQ-0032,required_course,ME 351,3,5,Fifth Semester,1,1,ME 351,5690351,THERMODYNAMICS OF HEAT POWER,3,3,0,5.0,https://catalog.metu.edu.tr/program.php?fac_prog=565,scraped
MINE,565,REQ-0033,course_choice,Any 1 of the following set ..,3,5,Fifth Semester,1,1,TURK 105,6420105,TURKISH I,0,4,0,5.0,https://catalog.metu.edu.tr/program.php?fac_prog=565,scraped
MINE,565,REQ-0033,course_choice,Any 1 of the following set ..,3,5,Fifth Semester,1,2,TURK 201,6420201,ELEMENTARY TURKISH I,0,2,0,3.0,https://catalog.metu.edu.tr/program.php?fac_prog=565,scraped
MINE,565,REQ-0033,course_choice,Any 1 of the following set ..,3,5,Fifth Semester,1,3,TURK 303,6420303,TURKISH I,0,2,0,2.0,https://catalog.metu.edu.tr/program.php?fac_prog=565,scraped
MINE,565,REQ-0034,free_elective_pool,FREE ELECTIVE,3,5,Fifth Semester,1,,,,,,,,5.0,https://catalog.metu.edu.tr/program.php?fac_prog=565,scraped
MINE,565,REQ-0035,nontechnical_elective_pool,NONTECHNICAL ELECTIVE,3,5,Fifth Semester,1,,,,,,,,5.0,https://catalog.metu.edu.tr/program.php?fac_prog=565,scraped
MINE,565,REQ-0036,required_course,CE 374,3,6,Sixth Semester,1,1,CE 374,5620374,FLUID MECHANICS,3,3,0,5.0,https://catalog.metu.edu.tr/program.php?fac_prog=565,scraped
MINE,565,REQ-0037,required_course,MINE 302,3,6,Sixth Semester,1,1,MINE 302,5650302,MINE POWER AND MACHINERY,2,2,0,3.0,https://catalog.metu.edu.tr/program.php?fac_prog=565,scraped
MINE,565,REQ-0038,required_course,MINE 310,3,6,Sixth Semester,1,1,MINE 310,5650310,MINERAL PROCESSING II,3,2,2,5.0,https://catalog.metu.edu.tr/program.php?fac_prog=565,scraped
MINE,565,REQ-0039,required_course,MINE 312,3,6,Sixth Semester,1,1,MINE 312,5650312,MINE SURVEYING,3,2,2,5.0,https://catalog.metu.edu.tr/program.php?fac_prog=565,scraped
MINE,565,REQ-0040,required_course,MINE 324,3,6,Sixth Semester,1,1,MINE 324,5650324,ROCK FRAGMENTATION,3,3,0,5.0,https://catalog.metu.edu.tr/program.php?fac_prog=565,scraped
MINE,565,REQ-0041,required_course,MINE 332,3,6,Sixth Semester,1,1,MINE 332,5650332,MINE SYSTEM ANALYSIS,3,3,0,5.0,https://catalog.metu.edu.tr/program.php?fac_prog=565,scraped
MINE,565,REQ-0042,course_choice,Any 1 of the following set ..,3,6,Sixth Semester,1,1,TURK 106,6420106,TURKISH II,0,4,0,5.0,https://catalog.metu.edu.tr/program.php?fac_prog=565,scraped
MINE,565,REQ-0042,course_choice,Any 1 of the following set ..,3,6,Sixth Semester,1,2,TURK 202,6420202,INTERMEDIATE TURKISH I,0,2,0,3.0,https://catalog.metu.edu.tr/program.php?fac_prog=565,scraped
MINE,565,REQ-0042,course_choice,Any 1 of the following set ..,3,6,Sixth Semester,1,3,TURK 304,6420304,TURKISH II,0,2,0,2.0,https://catalog.metu.edu.tr/program.php?fac_prog=565,scraped
MINE,565,REQ-0043,summer_practice,MINE 400,4,7,Seventh Semester,1,1,MINE 400,5650400,SUMMER PRACTICE II,0,0,0,5.0,https://catalog.metu.edu.tr/program.php?fac_prog=565,scraped
MINE,565,REQ-0044,required_course,MINE 407,4,7,Seventh Semester,1,1,MINE 407,5650407,MINE VALUATION,3,2,2,5.0,https://catalog.metu.edu.tr/program.php?fac_prog=565,scraped
MINE,565,REQ-0045,required_course,MINE 417,4,7,Seventh Semester,1,1,MINE 417,5650417,MINE VENTILATION,3,2,2,5.0,https://catalog.metu.edu.tr/program.php?fac_prog=565,scraped
MINE,565,REQ-0046,required_course,MINE 419,4,7,Seventh Semester,1,1,MINE 419,5650419,MATERIALS HANDLING &MINE TRANSPORT,3,3,0,5.0,https://catalog.metu.edu.tr/program.php?fac_prog=565,scraped
MINE,565,REQ-0047,required_course,MINE 427,4,7,Seventh Semester,1,1,MINE 427,5650427,MINERAL PROCESSING DESIGN,3,2,2,7.0,https://catalog.metu.edu.tr/program.php?fac_prog=565,scraped
MINE,565,REQ-0048,technical_elective_pool,TECHNICAL ELECTIVE,4,7,Seventh Semester,1,,,,,,,,5.0,https://catalog.metu.edu.tr/program.php?fac_prog=565,scraped
MINE,565,REQ-0049,technical_elective_pool,TECHNICAL ELECTIVE,4,7,Seventh Semester,1,,,,,,,,5.0,https://catalog.metu.edu.tr/program.php?fac_prog=565,scraped
MINE,565,REQ-0050,required_course,MINE 416,4,8,Eighth Semester,1,1,MINE 416,5650416,MINE DESIGN,3,1,4,7.0,https://catalog.metu.edu.tr/program.php?fac_prog=565,scraped
MINE,565,REQ-0051,required_course,MINE 422,4,8,Eighth Semester,1,1,MINE 422,5650422,MINE HEALTH . SAFETY AND ETHICS,3,3,0,5.0,https://catalog.metu.edu.tr/program.php?fac_prog=565,scraped
MINE,565,REQ-0052,restricted_elective_pool,RESTRICTED ELECTIVE,4,8,Eighth Semester,1,,,,,,,,5.0,https://catalog.metu.edu.tr/program.php?fac_prog=565,scraped
MINE,565,REQ-0053,technical_elective_pool,TECHNICAL ELECTIVE,4,8,Eighth Semester,1,,,,,,,,5.0,https://catalog.metu.edu.tr/program.php?fac_prog=565,scraped
ME,569,REQ-0001,required_course,PHYS 105,1,1,First Semester,1,1,PHYS 105,2300105,GENERAL PHYSICS I,4,3,2,6.0,https://catalog.metu.edu.tr/program.php?fac_prog=569,scraped
ME,569,REQ-0002,required_course,MATH 119,1,1,First Semester,1,1,MATH 119,2360119,CALCULUS WITH ANALYTIC GEOMETRY,5,4,2,7.0,https://catalog.metu.edu.tr/program.php?fac_prog=569,scraped
ME,569,REQ-0003,required_course,ME 117,1,1,First Semester,1,1,ME 117,5690117,COMPUTER AIDED ENGINEERING DRAWING,3,2,2,5.0,https://catalog.metu.edu.tr/program.php?fac_prog=569,scraped
ME,569,REQ-0004,required_course,CENG 240,1,1,First Semester,1,1,CENG 240,5710240,PROGRAMMING WITH PYTHON FOR ENGINEERS,3,2,2,4.0,https://catalog.metu.edu.tr/program.php?fac_prog=569,scraped
ME,569,REQ-0005,required_course,ENG 101,1,1,First Semester,1,1,ENG 101,6390101,ENGLISH FOR ACADEMIC PURPOSES I,4,4,1,6.0,https://catalog.metu.edu.tr/program.php?fac_prog=569,scraped
ME,569,REQ-0006,required_course,OHS 101,1,1,First Semester,1,1,OHS 101,8770101,OCCUPATIONAL HEALTH AND SAFETY-I,0,0,0,2.0,https://catalog.metu.edu.tr/program.php?fac_prog=569,scraped
ME,569,REQ-0007,required_course,IS 100,1,1,First Semester,1,1,IS 100,9010100,INTRODUCTION TO INFORMATION TECHNOLOGIES AND APPLICATIONS,0,0,2,1.0,https://catalog.metu.edu.tr/program.php?fac_prog=569,scraped
ME,569,REQ-0008,required_course,PHYS 106,1,2,Second Semester,1,1,PHYS 106,2300106,GENERAL PHYSICS II,4,3,2,6.0,https://catalog.metu.edu.tr/program.php?fac_prog=569,scraped
ME,569,REQ-0009,required_course,CHEM 107,1,2,Second Semester,1,1,CHEM 107,2340107,GENERAL CHEMISTRY,4,3,2,6.0,https://catalog.metu.edu.tr/program.php?fac_prog=569,scraped
ME,569,REQ-0010,required_course,MATH 120,1,2,Second Semester,1,1,MATH 120,2360120,CALCULUS OF FUNCTIONS OF SEVERAL VARIABLES,5,4,2,7.5,https://catalog.metu.edu.tr/program.php?fac_prog=569,scraped
ME,569,REQ-0011,required_course,BA 100,1,2,Second Semester,1,1,BA 100,3120100,CAREER PLANNING,0,1,0,2.0,https://catalog.metu.edu.tr/program.php?fac_prog=569,scraped
ME,569,REQ-0012,required_course,ME 110,1,2,Second Semester,1,1,ME 110,5690110,INTRODUCTION TO MECHANICAL ENGINEERING,2,2,0,3.0,https://catalog.metu.edu.tr/program.php?fac_prog=569,scraped
ME,569,REQ-0013,required_course,ENG 102,1,2,Second Semester,1,1,ENG 102,6390102,ENGLISH FOR ACADEMIC PURPOSES II,4,4,1,6.0,https://catalog.metu.edu.tr/program.php?fac_prog=569,scraped
ME,569,REQ-0014,required_course,MATH 219,2,3,Third Semester,1,1,MATH 219,2360219,INTRODUCTION TO DIFFERENTIAL EQUATIONS,4,4,0,7.0,https://catalog.metu.edu.tr/program.php?fac_prog=569,scraped
ME,569,REQ-0015,required_course,EE 209,2,3,Third Semester,1,1,EE 209,5670209,FUNDAMENTALS OF ELECTRICAL&ELECTRO. EN,3,3,0,5.0,https://catalog.metu.edu.tr/program.php?fac_prog=569,scraped
ME,569,REQ-0016,required_course,ME 203,2,3,Third Semester,1,1,ME 203,5690203,THERMODYNAMICS I,3,3,0,5.0,https://catalog.metu.edu.tr/program.php?fac_prog=569,scraped
ME,569,REQ-0017,required_course,ME 205,2,3,Third Semester,1,1,ME 205,5690205,STATICS,3,3,0,5.0,https://catalog.metu.edu.tr/program.php?fac_prog=569,scraped
ME,569,REQ-0018,required_course,METE 230,2,3,Third Semester,1,1,METE 230,5700230,FUNDAMENTALS OF MATERIALS SCIENCE AND ENGINEERING,3,3,0,5.0,https://catalog.metu.edu.tr/program.php?fac_prog=569,scraped
ME,569,REQ-0019,required_course,ENG 211,2,3,Third Semester,1,1,ENG 211,6390211,ACADEMIC SPEAKING SKILLS,3,3,1,4.0,https://catalog.metu.edu.tr/program.php?fac_prog=569,scraped
ME,569,REQ-0020,course_choice,Any 1 of the following set ..,2,3,Third Semester,1,1,HIST 2201,2402201,,0,2,0,2.0,https://catalog.metu.edu.tr/program.php?fac_prog=569,scraped
ME,569,REQ-0020,course_choice,Any 1 of the following set ..,2,3,Third Semester,1,2,HIST 2205,2402205,HISTORY OF THE TURKISH REVOLUTION I,0,2,0,2.0,https://catalog.metu.edu.tr/program.php?fac_prog=569,scraped
ME,569,REQ-0021,required_course,ME 202,2,4,Fourth Semester,1,1,ME 202,5690202,MANUFACTURING TECHNOLOGIES,3,3,0,5.0,https://catalog.metu.edu.tr/program.php?fac_prog=569,scraped
ME,569,REQ-0022,required_course,ME 204,2,4,Fourth Semester,1,1,ME 204,5690204,THERMODYNAMICS II,3,3,0,5.0,https://catalog.metu.edu.tr/program.php?fac_prog=569,scraped
ME,569,REQ-0023,required_course,ME 206,2,4,Fourth Semester,1,1,ME 206,5690206,STRENGTH OF MATERIALS,3,3,0,5.0,https://catalog.metu.edu.tr/program.php?fac_prog=569,scraped
ME,569,REQ-0024,required_course,ME 208,2,4,Fourth Semester,1,1,ME 208,5690208,DYNAMICS,3,3,0,5.0,https://catalog.metu.edu.tr/program.php?fac_prog=569,scraped
ME,569,REQ-0025,required_course,ME 210,2,4,Fourth Semester,1,1,ME 210,5690210,APPLIED MATH. FOR MECHANICAL ENGINEERS,3,3,0,5.0,https://catalog.metu.edu.tr/program.php?fac_prog=569,scraped
ME,569,REQ-0026,course_choice,Any 1 of the following set ..,2,4,Fourth Semester,1,1,HIST 2202,2402202,,0,2,0,2.0,https://catalog.metu.edu.tr/program.php?fac_prog=569,scraped
ME,569,REQ-0026,course_choice,Any 1 of the following set ..,2,4,Fourth Semester,1,2,HIST 2206,2402206,HISTORY OF THE TURKISH REVOLUTION II,0,2,0,2.0,https://catalog.metu.edu.tr/program.php?fac_prog=569,scraped
ME,569,REQ-0027,required_course,ECON 210,3,5,Fifth Semester,1,1,ECON 210,3110210,PRINCIPLES OF ECONOMICS,3,3,0,5.0,https://catalog.metu.edu.tr/program.php?fac_prog=569,scraped
ME,569,REQ-0028,summer_practice,ME 300,3,5,Fifth Semester,1,1,ME 300,5690300,SUMMER PRACTICE I,0,0,0,5.0,https://catalog.metu.edu.tr/program.php?fac_prog=569,scraped
ME,569,REQ-0029,required_course,ME 301,3,5,Fifth Semester,1,1,ME 301,5690301,THEORY OF MACHINES I,3,3,0,5.0,https://catalog.metu.edu.tr/program.php?fac_prog=569,scraped
ME,569,REQ-0030,required_course,ME 303,3,5,Fifth Semester,1,1,ME 303,5690303,MANUFACTURING ENGINEERING,3,3,0,5.0,https://catalog.metu.edu.tr/program.php?fac_prog=569,scraped
ME,569,REQ-0031,required_course,ME 305,3,5,Fifth Semester,1,1,ME 305,5690305,FLUID MECHANICS I,3,3,0,5.0,https://catalog.metu.edu.tr/program.php?fac_prog=569,scraped
ME,569,REQ-0032,required_course,ME 307,3,5,Fifth Semester,1,1,ME 307,5690307,MACHINE ELEMENTS I,3,3,0,5.0,https://catalog.metu.edu.tr/program.php?fac_prog=569,scraped
ME,569,REQ-0033,required_course,ME 311,3,5,Fifth Semester,1,1,ME 311,5690311,HEAT TRANSFER,3,3,0,5.0,https://catalog.metu.edu.tr/program.php?fac_prog=569,scraped
ME,569,REQ-0034,course_choice,Any 1 of the following set ..,3,5,Fifth Semester,1,1,TURK 105,6420105,TURKISH I,0,4,0,5.0,https://catalog.metu.edu.tr/program.php?fac_prog=569,scraped
ME,569,REQ-0034,course_choice,Any 1 of the following set ..,3,5,Fifth Semester,1,2,TURK 201,6420201,ELEMENTARY TURKISH I,0,2,0,3.0,https://catalog.metu.edu.tr/program.php?fac_prog=569,scraped
ME,569,REQ-0034,course_choice,Any 1 of the following set ..,3,5,Fifth Semester,1,3,TURK 303,6420303,TURKISH I,0,2,0,2.0,https://catalog.metu.edu.tr/program.php?fac_prog=569,scraped
ME,569,REQ-0035,required_course,ME 302,3,6,Sixth Semester,1,1,ME 302,5690302,THEORY OF MACHINES II,3,3,0,5.0,https://catalog.metu.edu.tr/program.php?fac_prog=569,scraped
ME,569,REQ-0036,required_course,ME 304,3,6,Sixth Semester,1,1,ME 304,5690304,CONTROL SYSTEMS,3,3,0,5.0,https://catalog.metu.edu.tr/program.php?fac_prog=569,scraped
ME,569,REQ-0037,required_course,ME 306,3,6,Sixth Semester,1,1,ME 306,5690306,FLUID MECHANICS II,3,3,0,5.0,https://catalog.metu.edu.tr/program.php?fac_prog=569,scraped
ME,569,REQ-0038,required_course,ME 308,3,6,Sixth Semester,1,1,ME 308,5690308,MACHINE ELEMENTS II,3,3,0,5.0,https://catalog.metu.edu.tr/program.php?fac_prog=569,scraped
ME,569,REQ-0039,required_course,ME 310,3,6,Sixth Semester,1,1,ME 310,5690310,NUMERICAL METHODS,3,3,0,5.0,https://catalog.metu.edu.tr/program.php?fac_prog=569,scraped
ME,569,REQ-0040,required_course,ME 312,3,6,Sixth Semester,1,1,ME 312,5690312,THERMAL ENGINEERING,3,3,0,5.0,https://catalog.metu.edu.tr/program.php?fac_prog=569,scraped
ME,569,REQ-0041,course_choice,Any 1 of the following set ..,3,6,Sixth Semester,1,1,TURK 106,6420106,TURKISH II,0,4,0,5.0,https://catalog.metu.edu.tr/program.php?fac_prog=569,scraped
ME,569,REQ-0041,course_choice,Any 1 of the following set ..,3,6,Sixth Semester,1,2,TURK 202,6420202,INTERMEDIATE TURKISH I,0,2,0,3.0,https://catalog.metu.edu.tr/program.php?fac_prog=569,scraped
ME,569,REQ-0041,course_choice,Any 1 of the following set ..,3,6,Sixth Semester,1,3,TURK 304,6420304,TURKISH II,0,2,0,2.0,https://catalog.metu.edu.tr/program.php?fac_prog=569,scraped
ME,569,REQ-0042,summer_practice,ME 400,4,7,Seventh Semester,1,1,ME 400,5690400,SUMMER PRACTICE II,0,0,0,5.0,https://catalog.metu.edu.tr/program.php?fac_prog=569,scraped
ME,569,REQ-0043,required_course,ME 407,4,7,Seventh Semester,1,1,ME 407,5690407,MECHANICAL ENGINEERING DESIGN,3,2,2,6.0,https://catalog.metu.edu.tr/program.php?fac_prog=569,scraped
ME,569,REQ-0044,required_course,OHS 301,4,7,Seventh Semester,1,1,OHS 301,8770301,OCCUPATIONAL HEALTH AND SAFETY - II,0,0,0,2.0,https://catalog.metu.edu.tr/program.php?fac_prog=569,scraped
ME,569,REQ-0045,free_elective_pool,FREE ELECTIVE,4,7,Seventh Semester,1,,,,,,,,5.0,https://catalog.metu.edu.tr/program.php?fac_prog=569,scraped
ME,569,REQ-0046,technical_elective_pool,TECHNICAL ELECTIVE,4,7,Seventh Semester,1,,,,,,,,5.0,https://catalog.metu.edu.tr/program.php?fac_prog=569,scraped
ME,569,REQ-0047,technical_elective_pool,TECHNICAL ELECTIVE,4,7,Seventh Semester,1,,,,,,,,5.0,https://catalog.metu.edu.tr/program.php?fac_prog=569,scraped
ME,569,REQ-0048,technical_elective_pool,TECHNICAL ELECTIVE,4,7,Seventh Semester,1,,,,,,,,5.0,https://catalog.metu.edu.tr/program.php?fac_prog=569,scraped
ME,569,REQ-0049,nontechnical_elective_pool,NONTECHNICAL ELECTIVE,4,7,Seventh Semester,1,,,,,,,,5.0,https://catalog.metu.edu.tr/program.php?fac_prog=569,scraped
ME,569,REQ-0050,required_course,ME 410,4,8,Eighth Semester,1,1,ME 410,5690410,MECHANICAL ENGINEERING SYSTEMS LAB.,3,2,2,5.0,https://catalog.metu.edu.tr/program.php?fac_prog=569,scraped
ME,569,REQ-0051,restricted_elective_pool,RESTRICTED ELECTIVE,4,8,Eighth Semester,1,,,,,,,,5.0,https://catalog.metu.edu.tr/program.php?fac_prog=569,scraped
ME,569,REQ-0052,technical_elective_pool,TECHNICAL ELECTIVE,4,8,Eighth Semester,1,,,,,,,,5.0,https://catalog.metu.edu.tr/program.php?fac_prog=569,scraped
ME,569,REQ-0053,technical_elective_pool,TECHNICAL ELECTIVE,4,8,Eighth Semester,1,,,,,,,,5.0,https://catalog.metu.edu.tr/program.php?fac_prog=569,scraped
ME,569,REQ-0054,nontechnical_elective_pool,NONTECHNICAL ELECTIVE,4,8,Eighth Semester,1,,,,,,,,5.0,https://catalog.metu.edu.tr/program.php?fac_prog=569,scraped
METE,570,REQ-0001,required_course,PHYS 105,1,1,First Semester,1,1,PHYS 105,2300105,GENERAL PHYSICS I,4,3,2,6.0,https://catalog.metu.edu.tr/program.php?fac_prog=570,scraped
METE,570,REQ-0002,required_course,CHEM 111,1,1,First Semester,1,1,CHEM 111,2340111,GENERAL CHEMISTRY I,4,3,2,6.0,https://catalog.metu.edu.tr/program.php?fac_prog=570,scraped
METE,570,REQ-0003,required_course,MATH 119,1,1,First Semester,1,1,MATH 119,2360119,CALCULUS WITH ANALYTIC GEOMETRY,5,4,2,7.0,https://catalog.metu.edu.tr/program.php?fac_prog=570,scraped
METE,570,REQ-0004,required_course,ME 105,1,1,First Semester,1,1,ME 105,5690105,COMPUTER AIDED ENGINEERING GRAPHICS,3,2,2,5.0,https://catalog.metu.edu.tr/program.php?fac_prog=570,scraped
METE,570,REQ-0005,required_course,ENG 101,1,1,First Semester,1,1,ENG 101,6390101,ENGLISH FOR ACADEMIC PURPOSES I,4,4,1,6.0,https://catalog.metu.edu.tr/program.php?fac_prog=570,scraped
METE,570,REQ-0006,required_course,OHS 101,1,1,First Semester,1,1,OHS 101,8770101,OCCUPATIONAL HEALTH AND SAFETY-I,0,0,0,2.0,https://catalog.metu.edu.tr/program.php?fac_prog=570,scraped
METE,570,REQ-0007,required_course,IS 100,1,1,First Semester,1,1,IS 100,9010100,INTRODUCTION TO INFORMATION TECHNOLOGIES AND APPLICATIONS,0,0,2,1.0,https://catalog.metu.edu.tr/program.php?fac_prog=570,scraped
METE,570,REQ-0008,required_course,PHYS 106,1,2,Second Semester,1,1,PHYS 106,2300106,GENERAL PHYSICS II,4,3,2,6.0,https://catalog.metu.edu.tr/program.php?fac_prog=570,scraped
METE,570,REQ-0009,required_course,CHEM 112,1,2,Second Semester,1,1,CHEM 112,2340112,GENERAL CHEMISTRY II,4,3,2,6.0,https://catalog.metu.edu.tr/program.php?fac_prog=570,scraped
METE,570,REQ-0010,required_course,MATH 120,1,2,Second Semester,1,1,MATH 120,2360120,CALCULUS OF FUNCTIONS OF SEVERAL VARIABLES,5,4,2,7.5,https://catalog.metu.edu.tr/program.php?fac_prog=570,scraped
METE,570,REQ-0011,required_course,BA 100,1,2,Second Semester,1,1,BA 100,3120100,CAREER PLANNING,0,1,0,2.0,https://catalog.metu.edu.tr/program.php?fac_prog=570,scraped
METE,570,REQ-0012,required_course,METE 102,1,2,Second Semester,1,1,METE 102,5700102,INTRODUCTION TO METALLURGICAL AND MATERIALS ENGINEERING,2,2,0,3.0,https://catalog.metu.edu.tr/program.php?fac_prog=570,scraped
METE,570,REQ-0013,required_course,ENG 102,1,2,Second Semester,1,1,ENG 102,6390102,ENGLISH FOR ACADEMIC PURPOSES II,4,4,1,6.0,https://catalog.metu.edu.tr/program.php?fac_prog=570,scraped
METE,570,REQ-0014,required_course,MATH 219,2,3,Third Semester,1,1,MATH 219,2360219,INTRODUCTION TO DIFFERENTIAL EQUATIONS,4,4,0,7.0,https://catalog.metu.edu.tr/program.php?fac_prog=570,scraped
METE,570,REQ-0015,required_course,METE 201,2,3,Third Semester,1,1,METE 201,5700201,MATERIALS SCIENCE I,3,3,0,5.0,https://catalog.metu.edu.tr/program.php?fac_prog=570,scraped
METE,570,REQ-0016,required_course,METE 203,2,3,Third Semester,1,1,METE 203,5700203,THERMODYNAMICS OF MATERIALS I,3,3,0,5.0,https://catalog.metu.edu.tr/program.php?fac_prog=570,scraped
METE,570,REQ-0017,required_course,METE 215,2,3,Third Semester,1,1,METE 215,5700215,MATERIALS PROCESSING LABORATORY,2,1,2,4.0,https://catalog.metu.edu.tr/program.php?fac_prog=570,scraped
METE,570,REQ-0018,required_course,CENG 240,2,3,Third Semester,1,1,CENG 240,5710240,PROGRAMMING WITH PYTHON FOR ENGINEERS,3,2,2,4.0,https://catalog.metu.edu.tr/program.php?fac_prog=570,scraped
METE,570,REQ-0019,required_course,ENG 211,2,3,Third Semester,1,1,ENG 211,6390211,ACADEMIC SPEAKING SKILLS,3,3,1,4.0,https://catalog.metu.edu.tr/program.php?fac_prog=570,scraped
METE,570,REQ-0020,required_course,OHS 301,2,3,Third Semester,1,1,OHS 301,8770301,OCCUPATIONAL HEALTH AND SAFETY - II,0,0,0,2.0,https://catalog.metu.edu.tr/program.php?fac_prog=570,scraped
METE,570,REQ-0021,course_choice,Any 1 of the following set ..,2,3,Third Semester,1,1,HIST 2201,2402201,,0,2,0,2.0,https://catalog.metu.edu.tr/program.php?fac_prog=570,scraped
METE,570,REQ-0021,course_choice,Any 1 of the following set ..,2,3,Third Semester,1,2,HIST 2205,2402205,HISTORY OF THE TURKISH REVOLUTION I,0,2,0,2.0,https://catalog.metu.edu.tr/program.php?fac_prog=570,scraped
METE,570,REQ-0022,required_course,ES 223,2,4,Fourth Semester,1,1,ES 223,5610223,STATICS AND STRENGTH OF MATERIALS,4,4,0,5.0,https://catalog.metu.edu.tr/program.php?fac_prog=570,scraped
METE,570,REQ-0023,required_course,ES 361,2,4,Fourth Semester,1,1,ES 361,5610361,COMPUTING METHODS IN ENGINEERING,3,3,0,5.0,https://catalog.metu.edu.tr/program.php?fac_prog=570,scraped
METE,570,REQ-0024,required_course,METE 202,2,4,Fourth Semester,1,1,METE 202,5700202,MATERIALS SCIENCE II,3,3,0,5.0,https://catalog.metu.edu.tr/program.php?fac_prog=570,scraped
METE,570,REQ-0025,required_course,METE 204,2,4,Fourth Semester,1,1,METE 204,5700204,THERMODYNAMICS OF MATERIALS II,3,3,0,5.0,https://catalog.metu.edu.tr/program.php?fac_prog=570,scraped
METE,570,REQ-0026,required_course,METE 206,2,4,Fourth Semester,1,1,METE 206,5700206,MATERIALS LABORATORY,2,1,2,4.0,https://catalog.metu.edu.tr/program.php?fac_prog=570,scraped
METE,570,REQ-0027,course_choice,Any 1 of the following set ..,2,4,Fourth Semester,1,1,HIST 2202,2402202,,0,2,0,2.0,https://catalog.metu.edu.tr/program.php?fac_prog=570,scraped
METE,570,REQ-0027,course_choice,Any 1 of the following set ..,2,4,Fourth Semester,1,2,HIST 2206,2402206,HISTORY OF THE TURKISH REVOLUTION II,0,2,0,2.0,https://catalog.metu.edu.tr/program.php?fac_prog=570,scraped
METE,570,REQ-0028,restricted_elective_pool,RESTRICTED ELECTIVE,2,4,Fourth Semester,1,,,,,,,,5.0,https://catalog.metu.edu.tr/program.php?fac_prog=570,scraped
METE,570,REQ-0029,summer_practice,METE 300,3,5,Fifth Semester,1,1,METE 300,5700300,SUMMER PRACTICE I,0,0,0,5.0,https://catalog.metu.edu.tr/program.php?fac_prog=570,scraped
METE,570,REQ-0030,required_course,METE 301,3,5,Fifth Semester,1,1,METE 301,5700301,PHASE EQUILIBRIA,3,3,0,5.0,https://catalog.metu.edu.tr/program.php?fac_prog=570,scraped
METE,570,REQ-0031,required_course,METE 303,3,5,Fifth Semester,1,1,METE 303,5700303,MECHANICAL BEHAVIOR OF MATERIALS,4,4,0,6.0,https://catalog.metu.edu.tr/program.php?fac_prog=570,scraped
METE,570,REQ-0032,required_course,METE 305,3,5,Fifth Semester,1,1,METE 305,5700305,TRANSPORT PHENOMENA,4,4,0,6.0,https://catalog.metu.edu.tr/program.php?fac_prog=570,scraped
METE,570,REQ-0033,required_course,METE 307,3,5,Fifth Semester,1,1,METE 307,5700307,METALLIC MATERIALS AND METALLOGRAPHY,4,3,2,6.5,https://catalog.metu.edu.tr/program.php?fac_prog=570,scraped
METE,570,REQ-0034,required_course,METE 349,3,5,Fifth Semester,1,1,METE 349,5700349,ELECTRICAL. MAGNETIC AND OPTICAL PROPERTIES OF MATERIALS,3,3,0,5.0,https://catalog.metu.edu.tr/program.php?fac_prog=570,scraped
METE,570,REQ-0035,course_choice,Any 1 of the following set ..,3,5,Fifth Semester,1,1,TURK 105,6420105,TURKISH I,0,4,0,5.0,https://catalog.metu.edu.tr/program.php?fac_prog=570,scraped
METE,570,REQ-0035,course_choice,Any 1 of the following set ..,3,5,Fifth Semester,1,2,TURK 201,6420201,ELEMENTARY TURKISH I,0,2,0,3.0,https://catalog.metu.edu.tr/program.php?fac_prog=570,scraped
METE,570,REQ-0035,course_choice,Any 1 of the following set ..,3,5,Fifth Semester,1,3,TURK 303,6420303,TURKISH I,0,2,0,2.0,https://catalog.metu.edu.tr/program.php?fac_prog=570,scraped
METE,570,REQ-0036,required_course,METE 302,3,6,Sixth Semester,1,1,METE 302,5700302,PRINCIPLES OF SOLIDIFICATION,3,3,0,5.0,https://catalog.metu.edu.tr/program.php?fac_prog=570,scraped
METE,570,REQ-0037,required_course,METE 306,3,6,Sixth Semester,1,1,METE 306,5700306,CHEMICAL PRINCIPLES OF PRIMARY MATERIALS PROCESSING,4,4,0,6.0,https://catalog.metu.edu.tr/program.php?fac_prog=570,scraped
METE,570,REQ-0038,required_course,METE 308,3,6,Sixth Semester,1,1,METE 308,5700308,PHYSICAL FOUNDATIONS OF MATERIALS,4,4,0,6.0,https://catalog.metu.edu.tr/program.php?fac_prog=570,scraped
METE,570,REQ-0039,required_course,METE 310,3,6,Sixth Semester,1,1,METE 310,5700310,STRUCTURE AND CHARACTERIZATION OF MATERIALS,4,3,2,6.5,https://catalog.metu.edu.tr/program.php?fac_prog=570,scraped
METE,570,REQ-0040,required_course,METE 350,3,6,Sixth Semester,1,1,METE 350,5700350,MULTI-SCALE MODELING AND SIMULATION OF MATERIALS,3,2,2,5.0,https://catalog.metu.edu.tr/program.php?fac_prog=570,scraped
METE,570,REQ-0041,course_choice,Any 1 of the following set ..,3,6,Sixth Semester,1,1,TURK 106,6420106,TURKISH II,0,4,0,5.0,https://catalog.metu.edu.tr/program.php?fac_prog=570,scraped
METE,570,REQ-0041,course_choice,Any 1 of the following set ..,3,6,Sixth Semester,1,2,TURK 202,6420202,INTERMEDIATE TURKISH I,0,2,0,3.0,https://catalog.metu.edu.tr/program.php?fac_prog=570,scraped
METE,570,REQ-0041,course_choice,Any 1 of the following set ..,3,6,Sixth Semester,1,3,TURK 304,6420304,TURKISH II,0,2,0,2.0,https://catalog.metu.edu.tr/program.php?fac_prog=570,scraped
METE,570,REQ-0042,summer_practice,METE 400,4,7,Seventh Semester,1,1,METE 400,5700400,SUMMER PRACTICE II,0,0,0,5.0,https://catalog.metu.edu.tr/program.php?fac_prog=570,scraped
METE,570,REQ-0043,required_course,METE 401,4,7,Seventh Semester,1,1,METE 401,5700401,MATERIALS ENGINEERING DESIGN I,3,3,0,5.0,https://catalog.metu.edu.tr/program.php?fac_prog=570,scraped
METE,570,REQ-0044,required_course,METE 451,4,7,Seventh Semester,1,1,METE 451,5700451,CERAMIC MATERIALS,3,3,0,5.0,https://catalog.metu.edu.tr/program.php?fac_prog=570,scraped
METE,570,REQ-0045,required_course,METE 453,4,7,Seventh Semester,1,1,METE 453,5700453,POLYMER MATERIALS,3,3,0,5.0,https://catalog.metu.edu.tr/program.php?fac_prog=570,scraped
METE,570,REQ-0046,technical_elective_pool,TECHNICAL ELECTIVE,4,7,Seventh Semester,1,,,,,,,,5.0,https://catalog.metu.edu.tr/program.php?fac_prog=570,scraped
METE,570,REQ-0047,technical_elective_pool,TECHNICAL ELECTIVE,4,7,Seventh Semester,1,,,,,,,,5.0,https://catalog.metu.edu.tr/program.php?fac_prog=570,scraped
METE,570,REQ-0048,nontechnical_elective_pool,NONTECHNICAL ELECTIVE,4,7,Seventh Semester,1,,,,,,,,5.0,https://catalog.metu.edu.tr/program.php?fac_prog=570,scraped
METE,570,REQ-0049,required_course,METE 402,4,8,Eighth Semester,1,1,METE 402,5700402,MATERIALS ENGINEERING DESIGN II,3,1,4,5.0,https://catalog.metu.edu.tr/program.php?fac_prog=570,scraped
METE,570,REQ-0050,free_elective_pool,FREE ELECTIVE,4,8,Eighth Semester,1,,,,,,,,5.0,https://catalog.metu.edu.tr/program.php?fac_prog=570,scraped
METE,570,REQ-0051,technical_elective_pool,TECHNICAL ELECTIVE,4,8,Eighth Semester,1,,,,,,,,5.0,https://catalog.metu.edu.tr/program.php?fac_prog=570,scraped
METE,570,REQ-0052,technical_elective_pool,TECHNICAL ELECTIVE,4,8,Eighth Semester,1,,,,,,,,5.0,https://catalog.metu.edu.tr/program.php?fac_prog=570,scraped
METE,570,REQ-0053,nontechnical_elective_pool,NONTECHNICAL ELECTIVE,4,8,Eighth Semester,1,,,,,,,,5.0,https://catalog.metu.edu.tr/program.php?fac_prog=570,scraped
METE,570,REQ-0054,nontechnical_elective_pool,NONTECHNICAL ELECTIVE,4,8,Eighth Semester,1,,,,,,,,5.0,https://catalog.metu.edu.tr/program.php?fac_prog=570,scraped
PETE,566,REQ-0001,required_course,PHYS 105,1,1,First Semester,1,1,PHYS 105,2300105,GENERAL PHYSICS I,4,3,2,6.0,https://catalog.metu.edu.tr/program.php?fac_prog=566,scraped
PETE,566,REQ-0002,required_course,CHEM 111,1,1,First Semester,1,1,CHEM 111,2340111,GENERAL CHEMISTRY I,4,3,2,6.0,https://catalog.metu.edu.tr/program.php?fac_prog=566,scraped
PETE,566,REQ-0003,required_course,MATH 119,1,1,First Semester,1,1,MATH 119,2360119,CALCULUS WITH ANALYTIC GEOMETRY,5,4,2,7.0,https://catalog.metu.edu.tr/program.php?fac_prog=566,scraped
PETE,566,REQ-0004,required_course,ME 105,1,1,First Semester,1,1,ME 105,5690105,COMPUTER AIDED ENGINEERING GRAPHICS,3,2,2,5.0,https://catalog.metu.edu.tr/program.php?fac_prog=566,scraped
PETE,566,REQ-0005,required_course,ENG 101,1,1,First Semester,1,1,ENG 101,6390101,ENGLISH FOR ACADEMIC PURPOSES I,4,4,1,6.0,https://catalog.metu.edu.tr/program.php?fac_prog=566,scraped
PETE,566,REQ-0006,required_course,OHS 101,1,1,First Semester,1,1,OHS 101,8770101,OCCUPATIONAL HEALTH AND SAFETY-I,0,0,0,2.0,https://catalog.metu.edu.tr/program.php?fac_prog=566,scraped
PETE,566,REQ-0007,required_course,IS 100,1,1,First Semester,1,1,IS 100,9010100,INTRODUCTION TO INFORMATION TECHNOLOGIES AND APPLICATIONS,0,0,2,1.0,https://catalog.metu.edu.tr/program.php?fac_prog=566,scraped
PETE,566,REQ-0008,required_course,PHYS 106,1,2,Second Semester,1,1,PHYS 106,2300106,GENERAL PHYSICS II,4,3,2,6.0,https://catalog.metu.edu.tr/program.php?fac_prog=566,scraped
PETE,566,REQ-0009,required_course,CHEM 112,1,2,Second Semester,1,1,CHEM 112,2340112,GENERAL CHEMISTRY II,4,3,2,6.0,https://catalog.metu.edu.tr/program.php?fac_prog=566,scraped
PETE,566,REQ-0010,required_course,MATH 120,1,2,Second Semester,1,1,MATH 120,2360120,CALCULUS OF FUNCTIONS OF SEVERAL VARIABLES,5,4,2,7.5,https://catalog.metu.edu.tr/program.php?fac_prog=566,scraped
PETE,566,REQ-0011,required_course,BA 100,1,2,Second Semester,1,1,BA 100,3120100,CAREER PLANNING,0,1,0,2.0,https://catalog.metu.edu.tr/program.php?fac_prog=566,scraped
PETE,566,REQ-0012,required_course,PETE 110,1,2,Second Semester,1,1,PETE 110,5660110,INTRODUCTION TO PETROLEUM ENGINEERING,0,0,0,2.0,https://catalog.metu.edu.tr/program.php?fac_prog=566,scraped
PETE,566,REQ-0013,required_course,CENG 240,1,2,Second Semester,1,1,CENG 240,5710240,PROGRAMMING WITH PYTHON FOR ENGINEERS,3,2,2,4.0,https://catalog.metu.edu.tr/program.php?fac_prog=566,scraped
PETE,566,REQ-0014,required_course,ENG 102,1,2,Second Semester,1,1,ENG 102,6390102,ENGLISH FOR ACADEMIC PURPOSES II,4,4,1,6.0,https://catalog.metu.edu.tr/program.php?fac_prog=566,scraped
PETE,566,REQ-0015,required_course,MATH 219,2,3,Third Semester,1,1,MATH 219,2360219,INTRODUCTION TO DIFFERENTIAL EQUATIONS,4,4,0,7.0,https://catalog.metu.edu.tr/program.php?fac_prog=566,scraped
PETE,566,REQ-0016,required_course,ES 202,2,3,Third Semester,1,1,ES 202,5610202,MATHEMATICS FOR ENGINEERS,3,3,0,5.0,https://catalog.metu.edu.tr/program.php?fac_prog=566,scraped
PETE,566,REQ-0017,required_course,ES 221,2,3,Third Semester,1,1,ES 221,5610221,ENGINEERING MECHANICS I,3,3,0,5.0,https://catalog.metu.edu.tr/program.php?fac_prog=566,scraped
PETE,566,REQ-0018,required_course,GEOE 201,2,3,Third Semester,1,1,GEOE 201,5640201,GENERAL GEOLOGY,4,3,2,5.0,https://catalog.metu.edu.tr/program.php?fac_prog=566,scraped
PETE,566,REQ-0019,required_course,PETE 220,2,3,Third Semester,1,1,PETE 220,5660220,RESERVOIR ROCK PROPERTIES,3,2,2,5.0,https://catalog.metu.edu.tr/program.php?fac_prog=566,scraped
PETE,566,REQ-0020,course_choice,Any 1 of the following set ..,2,3,Third Semester,1,1,HIST 2201,2402201,,0,2,0,2.0,https://catalog.metu.edu.tr/program.php?fac_prog=566,scraped
PETE,566,REQ-0020,course_choice,Any 1 of the following set ..,2,3,Third Semester,1,2,HIST 2205,2402205,HISTORY OF THE TURKISH REVOLUTION I,0,2,0,2.0,https://catalog.metu.edu.tr/program.php?fac_prog=566,scraped
PETE,566,REQ-0021,required_course,ES 224,2,4,Fourth Semester,1,1,ES 224,5610224,STRENGTH OF MATERIALS,3,3,0,5.0,https://catalog.metu.edu.tr/program.php?fac_prog=566,scraped
PETE,566,REQ-0022,required_course,CHE 204,2,4,Fourth Semester,1,1,CHE 204,5630204,THERMODYNAMICS I,4,4,0,7.0,https://catalog.metu.edu.tr/program.php?fac_prog=566,scraped
PETE,566,REQ-0023,required_course,PETE 211,2,4,Fourth Semester,1,1,PETE 211,5660211,INTRODUCTION TO FLUID MECHANICS,4,3,2,6.0,https://catalog.metu.edu.tr/program.php?fac_prog=566,scraped
PETE,566,REQ-0024,required_course,PETE 218,2,4,Fourth Semester,1,1,PETE 218,5660218,RESERVOIR FLUID PROPERTIES,3,2,2,5.0,https://catalog.metu.edu.tr/program.php?fac_prog=566,scraped
PETE,566,REQ-0025,required_course,ENG 211,2,4,Fourth Semester,1,1,ENG 211,6390211,ACADEMIC SPEAKING SKILLS,3,3,1,4.0,https://catalog.metu.edu.tr/program.php?fac_prog=566,scraped
PETE,566,REQ-0026,required_course,OHS 301,2,4,Fourth Semester,1,1,OHS 301,8770301,OCCUPATIONAL HEALTH AND SAFETY - II,0,0,0,2.0,https://catalog.metu.edu.tr/program.php?fac_prog=566,scraped
PETE,566,REQ-0027,course_choice,Any 1 of the following set ..,2,4,Fourth Semester,1,1,HIST 2202,2402202,,0,2,0,2.0,https://catalog.metu.edu.tr/program.php?fac_prog=566,scraped
PETE,566,REQ-0027,course_choice,Any 1 of the following set ..,2,4,Fourth Semester,1,2,HIST 2206,2402206,HISTORY OF THE TURKISH REVOLUTION II,0,2,0,2.0,https://catalog.metu.edu.tr/program.php?fac_prog=566,scraped
PETE,566,REQ-0028,required_course,ES 303,3,5,Fifth Semester,1,1,ES 303,5610303,STATISTICAL METHODS FOR ENGINEERS,3,3,0,5.0,https://catalog.metu.edu.tr/program.php?fac_prog=566,scraped
PETE,566,REQ-0029,required_course,ES 361,3,5,Fifth Semester,1,1,ES 361,5610361,COMPUTING METHODS IN ENGINEERING,3,3,0,5.0,https://catalog.metu.edu.tr/program.php?fac_prog=566,scraped
PETE,566,REQ-0030,summer_practice,PETE 300,3,5,Fifth Semester,1,1,PETE 300,5660300,SUMMER PRACTICE I,0,0,0,5.0,https://catalog.metu.edu.tr/program.php?fac_prog=566,scraped
PETE,566,REQ-0031,required_course,PETE 321,3,5,Fifth Semester,1,1,PETE 321,5660321,DRILLING ENGINEERING I,4,3,2,6.0,https://catalog.metu.edu.tr/program.php?fac_prog=566,scraped
PETE,566,REQ-0032,required_course,PETE 331,3,5,Fifth Semester,1,1,PETE 331,5660331,PETROLEUM PRODUCTION ENGINEERING I,3,3,0,5.0,https://catalog.metu.edu.tr/program.php?fac_prog=566,scraped
PETE,566,REQ-0033,required_course,PETE 343,3,5,Fifth Semester,1,1,PETE 343,5660343,PETROLEUM RESERVOIR ENGINEERING I,3,3,0,5.0,https://catalog.metu.edu.tr/program.php?fac_prog=566,scraped
PETE,566,REQ-0034,course_choice,Any 1 of the following set ..,3,5,Fifth Semester,1,1,TURK 105,6420105,TURKISH I,0,4,0,5.0,https://catalog.metu.edu.tr/program.php?fac_prog=566,scraped
PETE,566,REQ-0034,course_choice,Any 1 of the following set ..,3,5,Fifth Semester,1,2,TURK 201,6420201,ELEMENTARY TURKISH I,0,2,0,3.0,https://catalog.metu.edu.tr/program.php?fac_prog=566,scraped
PETE,566,REQ-0034,course_choice,Any 1 of the following set ..,3,5,Fifth Semester,1,3,TURK 303,6420303,TURKISH I,0,2,0,2.0,https://catalog.metu.edu.tr/program.php?fac_prog=566,scraped
PETE,566,REQ-0035,nontechnical_elective_pool,NONTECHNICAL ELECTIVE,3,5,Fifth Semester,1,,,,,,,,5.0,https://catalog.metu.edu.tr/program.php?fac_prog=566,scraped
PETE,566,REQ-0036,required_course,ECON 210,3,6,Sixth Semester,1,1,ECON 210,3110210,PRINCIPLES OF ECONOMICS,3,3,0,5.0,https://catalog.metu.edu.tr/program.php?fac_prog=566,scraped
PETE,566,REQ-0037,required_course,GEOE 410,3,6,Sixth Semester,1,1,GEOE 410,5640410,PETROLEUM GEOLOGY,3,2,2,5.0,https://catalog.metu.edu.tr/program.php?fac_prog=566,scraped
PETE,566,REQ-0038,required_course,PETE 322,3,6,Sixth Semester,1,1,PETE 322,5660322,DRILLING ENGINEERING II,3,3,0,6.0,https://catalog.metu.edu.tr/program.php?fac_prog=566,scraped
PETE,566,REQ-0039,required_course,PETE 332,3,6,Sixth Semester,1,1,PETE 332,5660332,PETROLEUM PRODUCTION ENGINEERING II,3,3,0,5.0,https://catalog.metu.edu.tr/program.php?fac_prog=566,scraped
PETE,566,REQ-0040,required_course,PETE 344,3,6,Sixth Semester,1,1,PETE 344,5660344,PETROLEUM RESERVOIR ENGINEERING II,3,3,0,5.0,https://catalog.metu.edu.tr/program.php?fac_prog=566,scraped
PETE,566,REQ-0041,required_course,PETE 352,3,6,Sixth Semester,1,1,PETE 352,5660352,WELL LOGGING,3,3,0,5.0,https://catalog.metu.edu.tr/program.php?fac_prog=566,scraped
PETE,566,REQ-0042,course_choice,Any 1 of the following set ..,3,6,Sixth Semester,1,1,TURK 106,6420106,TURKISH II,0,4,0,5.0,https://catalog.metu.edu.tr/program.php?fac_prog=566,scraped
PETE,566,REQ-0042,course_choice,Any 1 of the following set ..,3,6,Sixth Semester,1,2,TURK 202,6420202,INTERMEDIATE TURKISH I,0,2,0,3.0,https://catalog.metu.edu.tr/program.php?fac_prog=566,scraped
PETE,566,REQ-0042,course_choice,Any 1 of the following set ..,3,6,Sixth Semester,1,3,TURK 304,6420304,TURKISH II,0,2,0,2.0,https://catalog.metu.edu.tr/program.php?fac_prog=566,scraped
PETE,566,REQ-0043,summer_practice,PETE 400,4,7,Seventh Semester,1,1,PETE 400,5660400,SUMMER PRACTICE II,0,0,0,5.0,https://catalog.metu.edu.tr/program.php?fac_prog=566,scraped
PETE,566,REQ-0044,required_course,PETE 411,4,7,Seventh Semester,1,1,PETE 411,5660411,PETROLEUM PROPERTY VALUATION,3,3,0,5.0,https://catalog.metu.edu.tr/program.php?fac_prog=566,scraped
PETE,566,REQ-0045,required_course,PETE 417,4,7,Seventh Semester,1,1,PETE 417,5660417,PETROLEUM ENGINEERING DESIGN I,2,2,0,5.0,https://catalog.metu.edu.tr/program.php?fac_prog=566,scraped
PETE,566,REQ-0046,required_course,PETE 461,4,7,Seventh Semester,1,1,PETE 461,5660461,NATURAL GAS ENGINEERING,3,3,0,5.0,https://catalog.metu.edu.tr/program.php?fac_prog=566,scraped
PETE,566,REQ-0047,technical_elective_pool,TECHNICAL ELECTIVE,4,7,Seventh Semester,1,,,,,,,,5.0,https://catalog.metu.edu.tr/program.php?fac_prog=566,scraped
PETE,566,REQ-0048,technical_elective_pool,TECHNICAL ELECTIVE,4,7,Seventh Semester,1,,,,,,,,5.0,https://catalog.metu.edu.tr/program.php?fac_prog=566,scraped
PETE,566,REQ-0049,nontechnical_elective_pool,NONTECHNICAL ELECTIVE,4,7,Seventh Semester,1,,,,,,,,5.0,https://catalog.metu.edu.tr/program.php?fac_prog=566,scraped
PETE,566,REQ-0050,required_course,PETE 418,4,8,Eighth Semester,1,1,PETE 418,5660418,PETROLEUM ENGINEERING DESIGN II,3,1,4,5.0,https://catalog.metu.edu.tr/program.php?fac_prog=566,scraped
PETE,566,REQ-0051,free_elective_pool,FREE ELECTIVE,4,8,Eighth Semester,1,,,,,,,,5.0,https://catalog.metu.edu.tr/program.php?fac_prog=566,scraped
PETE,566,REQ-0052,technical_elective_pool,TECHNICAL ELECTIVE,4,8,Eighth Semester,1,,,,,,,,5.0,https://catalog.metu.edu.tr/program.php?fac_prog=566,scraped
PETE,566,REQ-0053,technical_elective_pool,TECHNICAL ELECTIVE,4,8,Eighth Semester,1,,,,,,,,5.0,https://catalog.metu.edu.tr/program.php?fac_prog=566,scraped
PETE,566,REQ-0054,technical_elective_pool,TECHNICAL ELECTIVE,4,8,Eighth Semester,1,,,,,,,,5.0,https://catalog.metu.edu.tr/program.php?fac_prog=566,scraped
