program_abbr,semester_no,semester_text,department_value,department_text,numeric_code,display_code,course_number,course_name,ects_credit,credit,level,type,source_url,retrieved_at_utc,content_path
CENG,20252,2025-2026 Spring,571,Computer Engineering/Bilgisayar Mühendisliği,5710140,CENG 140,140,C PROGRAMMING (C PROGRAMLAMA ),4.0,"4.00 (3.00,2.00,0.00)",Undergraduate/Lisans,Undergraduate / Lisans,https://student.metu.edu.tr/proxy/View_Program_Course_Details_64/main.php,2026-05-11T10:50:16+00:00,data\raw\sais\offerings\20252\CENG\20260511T105016Z\program.html
CENG,20252,2025-2026 Spring,571,Computer Engineering/Bilgisayar Mühendisliği,5710213,CENG 213,213,DATA STRUCTURES (VERİ YAPILARI ),6.0,"4.00 (3.00,2.00,0.00)",Undergraduate/Lisans,Undergraduate / Lisans,https://student.metu.edu.tr/proxy/View_Program_Course_Details_64/main.php,2026-05-11T10:50:16+00:00,data\raw\sais\offerings\20252\CENG\20260511T105016Z\program.html
CENG,20252,2025-2026 Spring,571,Computer Engineering/Bilgisayar Mühendisliği,5710222,CENG 222,222,STATISTICAL METHODS FOR COMPUTER ENGINEERING (BİLGİSAYAR MÜHENDİSLİĞİ İÇİN İSTATİSTİKSEL YÖNTEMLER ),5.0,"3.00 (3.00,0.00,0.00)",Undergraduate/Lisans,Undergraduate / Lisans,https://student.metu.edu.tr/proxy/View_Program_Course_Details_64/main.php,2026-05-11T10:50:16+00:00,data\raw\sais\offerings\20252\CENG\20260511T105016Z\program.html
CENG,20252,2025-2026 Spring,571,Computer Engineering/Bilgisayar Mühendisliği,5710232,CENG 232,232,LOGIC DESIGN (SAYISAL DEVRE TASARIMI ),7.0,"4.00 (3.00,2.00,0.00)",Undergraduate/Lisans,Undergraduate / Lisans,https://student.metu.edu.tr/proxy/View_Program_Course_Details_64/main.php,2026-05-11T10:50:16+00:00,data\raw\sais\offerings\20252\CENG\20260511T105016Z\program.html
CENG,20252,2025-2026 Spring,571,Computer Engineering/Bilgisayar Mühendisliği,5710240,CENG 240,240,PROGRAMMING WITH PYTHON FOR ENGINEERS (MÜHENDİSLER İÇİN PYTHON İLE PROGRAMLAMA ),4.0,"3.00 (2.00,2.00,0.00)",Undergraduate/Lisans,Undergraduate / Lisans,https://student.metu.edu.tr/proxy/View_Program_Course_Details_64/main.php,2026-05-11T10:50:16+00:00,data\raw\sais\offerings\20252\CENG\20260511T105016Z\program.html
CENG,20252,2025-2026 Spring,571,Computer Engineering/Bilgisayar Mühendisliği,5710242,CENG 242,242,PROGRAMMING LANGUAGE CONCEPTS (PROGRAMLAMA DİLİ KAVRAMLARI ),7.0,"4.00 (3.00,2.00,0.00)",Undergraduate/Lisans,Undergraduate / Lisans,https://student.metu.edu.tr/proxy/View_Program_Course_Details_64/main.php,2026-05-11T10:50:16+00:00,data\raw\sais\offerings\20252\CENG\20260511T105016Z\program.html
CENG,20252,2025-2026 Spring,571,Computer Engineering/Bilgisayar Mühendisliği,5710280,CENG 280,280,FORMAL LANGU.AND ABSTRACT MACHINES (FORMEL DİLLER VE SOYUT MAKİNELER ),6.0,"3.00 (3.00,0.00,0.00)",Undergraduate/Lisans,Undergraduate / Lisans,https://student.metu.edu.tr/proxy/View_Program_Course_Details_64/main.php,2026-05-11T10:50:16+00:00,data\raw\sais\offerings\20252\CENG\20260511T105016Z\program.html
CENG,20252,2025-2026 Spring,571,Computer Engineering/Bilgisayar Mühendisliği,5710300,CENG 300,300,SUMMER PRACTICE I (YAZ STAJI I ),8.0,"0.00 (0.00,0.00,0.00)",Undergraduate/Lisans,Undergraduate Practice / Lisans Staj,https://student.metu.edu.tr/proxy/View_Program_Course_Details_64/main.php,2026-05-11T10:50:16+00:00,data\raw\sais\offerings\20252\CENG\20260511T105016Z\program.html
CENG,20252,2025-2026 Spring,571,Computer Engineering/Bilgisayar Mühendisliği,5710302,CENG 302,302,INTR. TO DATABASE MANAGEMENT SYSTEMS (VERİTABANI YÖNETİM SİSTEMLERİNE GİRİŞ ),5.0,"3.00 (3.00,0.00,)",Undergraduate/Lisans,Undergraduate / Lisans,https://student.metu.edu.tr/proxy/View_Program_Course_Details_64/main.php,2026-05-11T10:50:16+00:00,data\raw\sais\offerings\20252\CENG\20260511T105016Z\program.html
CENG,20252,2025-2026 Spring,571,Computer Engineering/Bilgisayar Mühendisliği,5710305,CENG 305,305,OBJECT ORIENTED PROGRAMMING WITH JAVA (JAVA İLE NESNE YÖNELİMLİ PROGRAMLAMA ),5.0,"3.00 (3.00,0.00,0.00)",Undergraduate/Lisans,Undergraduate / Lisans,https://student.metu.edu.tr/proxy/View_Program_Course_Details_64/main.php,2026-05-11T10:50:16+00:00,data\raw\sais\offerings\20252\CENG\20260511T105016Z\program.html
CENG,20252,2025-2026 Spring,571,Computer Engineering/Bilgisayar Mühendisliği,5710310,CENG 310,310,ALGORITHMS AND DATA STRUCTURES WITH PYTHON (PYTHON İLE ALGORİTMALAR VE VERİ YAPILARI ),5.0,"3.00 (3.00,0.00,0.00)",Undergraduate/Lisans,Undergraduate / Lisans,https://student.metu.edu.tr/proxy/View_Program_Course_Details_64/main.php,2026-05-11T10:50:16+00:00,data\raw\sais\offerings\20252\CENG\20260511T105016Z\program.html
CENG,20252,2025-2026 Spring,571,Computer Engineering/Bilgisayar Mühendisliği,5710316,CENG 316,316,PRACTICE OF ALGORITHMS (ALGORİTMA UYGULAMALARI ),6.0,"3.00 (2.00,2.00,0.00)",Undergraduate/Lisans,Undergraduate / Lisans,https://student.metu.edu.tr/proxy/View_Program_Course_Details_64/main.php,2026-05-11T10:50:16+00:00,data\raw\sais\offerings\20252\CENG\20260511T105016Z\program.html
CENG,20252,2025-2026 Spring,571,Computer Engineering/Bilgisayar Mühendisliği,5710334,CENG 334,334,INTRODUCTION TO OPERATING SYSTEMS (İŞLETİM SİSTEMLERİNE GİRİŞ ),5.5,"3.00 (3.00,0.00,)",Undergraduate/Lisans,Undergraduate / Lisans,https://student.metu.edu.tr/proxy/View_Program_Course_Details_64/main.php,2026-05-11T10:50:16+00:00,data\raw\sais\offerings\20252\CENG\20260511T105016Z\program.html
CENG,20252,2025-2026 Spring,571,Computer Engineering/Bilgisayar Mühendisliği,5710336,CENG 336,336,INTRO.TO EMBEDDED SYSTEMS DEVELOPMENT (GÖMÜLÜ SİSTEM GELİŞTİRMEYE GİRİŞ ),5.5,"3.00 (2.00,2.00,0.00)",Undergraduate/Lisans,Undergraduate / Lisans,https://student.metu.edu.tr/proxy/View_Program_Course_Details_64/main.php,2026-05-11T10:50:16+00:00,data\raw\sais\offerings\20252\CENG\20260511T105016Z\program.html
CENG,20252,2025-2026 Spring,571,Computer Engineering/Bilgisayar Mühendisliği,5710350,CENG 350,350,SOFTWARE ENGINEERING (YAZILIM MÜHENDİSLİĞİ ),5.5,"3.00 (3.00,0.00,)",Undergraduate/Lisans,Undergraduate / Lisans,https://student.metu.edu.tr/proxy/View_Program_Course_Details_64/main.php,2026-05-11T10:50:16+00:00,data\raw\sais\offerings\20252\CENG\20260511T105016Z\program.html
CENG,20252,2025-2026 Spring,571,Computer Engineering/Bilgisayar Mühendisliği,5710352,CENG 352,352,DATABASE MANAGEMENT SYSTEMS (VERİ TABANI YÖNETİM SİSTEMLERİ ),6.0,"3.00 (3.00,0.00,0.00)",Undergraduate/Lisans,Undergraduate / Lisans,https://student.metu.edu.tr/proxy/View_Program_Course_Details_64/main.php,2026-05-11T10:50:16+00:00,data\raw\sais\offerings\20252\CENG\20260511T105016Z\program.html
CENG,20252,2025-2026 Spring,571,Computer Engineering/Bilgisayar Mühendisliği,5710382,CENG 382,382,ANALYSIS OF DYNAMIC SYSTEMS (DİNAMİK SİSTEMLERİN ANALİZİ ),5.5,"3.00 (3.00,0.00,0.00)",Undergraduate/Lisans,Undergraduate / Lisans,https://student.metu.edu.tr/proxy/View_Program_Course_Details_64/main.php,2026-05-11T10:50:16+00:00,data\raw\sais\offerings\20252\CENG\20260511T105016Z\program.html
CENG,20252,2025-2026 Spring,571,Computer Engineering/Bilgisayar Mühendisliği,5710384,CENG 384,384,SIGNALS AND SYSTEMS FOR COMPUTER ENGINEERS (BİLGİSAYAR MÜHENDİSLERİ İÇİN SİNYAL VE SİSTEMLER ),5.0,"3.00 (3.00,0.00,0.00)",Undergraduate/Lisans,Undergraduate / Lisans,https://student.metu.edu.tr/proxy/View_Program_Course_Details_64/main.php,2026-05-11T10:50:16+00:00,data\raw\sais\offerings\20252\CENG\20260511T105016Z\program.html
CENG,20252,2025-2026 Spring,571,Computer Engineering/Bilgisayar Mühendisliği,5710400,CENG 400,400,SUMMER PRACTICE II (YAZ STAJI II ),8.0,"0.00 (0.00,0.00,0.00)",Undergraduate/Lisans,Undergraduate Practice / Lisans Staj,https://student.metu.edu.tr/proxy/View_Program_Course_Details_64/main.php,2026-05-11T10:50:16+00:00,data\raw\sais\offerings\20252\CENG\20260511T105016Z\program.html
CENG,20252,2025-2026 Spring,571,Computer Engineering/Bilgisayar Mühendisliği,5710403,CENG 403,403,SPECIAL TOPICS IN COMPUTER ENGINEERING: INTRODUCTION TO DEEP LEARNING (BİLGİSAYAR MÜHENDİSLİĞİ ÖZEL KONULAR : DERİN ÖĞRENMEYE GİRİŞ ),6.0,"3.00 (3.00,0.00,0.00)",Undergraduate/Lisans,Undergraduate / Lisans,https://student.metu.edu.tr/proxy/View_Program_Course_Details_64/main.php,2026-05-11T10:50:16+00:00,data\raw\sais\offerings\20252\CENG\20260511T105016Z\program.html
CENG,20252,2025-2026 Spring,571,Computer Engineering/Bilgisayar Mühendisliği,5710435,CENG 435,435,DATA COMMUNICATIONS AND NETWORKING (VERİ İLETİŞİMİ VE BİLGİSAYAR AĞLARI ),6.0,"3.00 (3.00,0.00,0.00)",Undergraduate/Lisans,Undergraduate / Lisans,https://student.metu.edu.tr/proxy/View_Program_Course_Details_64/main.php,2026-05-11T10:50:16+00:00,data\raw\sais\offerings\20252\CENG\20260511T105016Z\program.html
CENG,20252,2025-2026 Spring,571,Computer Engineering/Bilgisayar Mühendisliği,5710443,CENG 443,443,INTRODUCTION TO OBJECT-ORIENTED PROG. LANG. AND SYSTEMS (NESNE YÖNELİMLİ PROGRAMLAMA DİLLERİ VE SİSTEMLERİNE GİRİŞ ),6.0,"3.00 (3.00,0.00,0.00)",Undergraduate/Lisans,Undergraduate / Lisans,https://student.metu.edu.tr/proxy/View_Program_Course_Details_64/main.php,2026-05-11T10:50:16+00:00,data\raw\sais\offerings\20252\CENG\20260511T105016Z\program.html
CENG,20252,2025-2026 Spring,571,Computer Engineering/Bilgisayar Mühendisliği,5710444,CENG 444,444,LANGUAGE PROCESSORS (DİL İŞLEMCİLERİ ),6.0,"3.00 (3.00,0.00,)",Undergraduate/Lisans,Undergraduate / Lisans,https://student.metu.edu.tr/proxy/View_Program_Course_Details_64/main.php,2026-05-11T10:50:16+00:00,data\raw\sais\offerings\20252\CENG\20260511T105016Z\program.html
CENG,20252,2025-2026 Spring,571,Computer Engineering/Bilgisayar Mühendisliği,5710462,CENG 462,462,ARTIFICIAL INTELLIGENCE (YAPAY ZEKA ),6.0,"3.00 (3.00,0.00,)",Undergraduate/Lisans,Undergraduate / Lisans,https://student.metu.edu.tr/proxy/View_Program_Course_Details_64/main.php,2026-05-11T10:50:16+00:00,data\raw\sais\offerings\20252\CENG\20260511T105016Z\program.html
CENG,20252,2025-2026 Spring,571,Computer Engineering/Bilgisayar Mühendisliği,5710469,CENG 469,469,COMPUTER GRAPHICS II (BİLGİSAYARLI GRAFİK II ),6.0,"3.00 (3.00,0.00,)",Undergraduate/Lisans,Undergraduate / Lisans,https://student.metu.edu.tr/proxy/View_Program_Course_Details_64/main.php,2026-05-11T10:50:16+00:00,data\raw\sais\offerings\20252\CENG\20260511T105016Z\program.html
CENG,20252,2025-2026 Spring,571,Computer Engineering/Bilgisayar Mühendisliği,5710488,CENG 488,488,GUIDED RESEARCH (YÖNLENDİRMELİ ARAŞTIRMA ),6.0,"3.00 (1.00,4.00,0.00)",Undergraduate/Lisans,Undergraduate / Lisans,https://student.metu.edu.tr/proxy/View_Program_Course_Details_64/main.php,2026-05-11T10:50:16+00:00,data\raw\sais\offerings\20252\CENG\20260511T105016Z\program.html
CENG,20252,2025-2026 Spring,571,Computer Engineering/Bilgisayar Mühendisliği,5710492,CENG 492,492,COMPUTER ENGINEERING DESIGN II (BİLGİSAYAR MÜHENDİSLİĞİ TASARIMI II ),8.0,"4.00 (2.00,4.00,0.00)",Undergraduate/Lisans,Undergraduate / Lisans,https://student.metu.edu.tr/proxy/View_Program_Course_Details_64/main.php,2026-05-11T10:50:16+00:00,data\raw\sais\offerings\20252\CENG\20260511T105016Z\program.html
CENG,20252,2025-2026 Spring,571,Computer Engineering/Bilgisayar Mühendisliği,5710495,CENG 495,495,CLOUD COMPUTING (BULUT HESAPLAMA ),5.0,"3.00 (3.00,0.00,0.00)",Undergraduate/Lisans,Undergraduate / Lisans,https://student.metu.edu.tr/proxy/View_Program_Course_Details_64/main.php,2026-05-11T10:50:16+00:00,data\raw\sais\offerings\20252\CENG\20260511T105016Z\program.html
CENG,20252,2025-2026 Spring,571,Computer Engineering/Bilgisayar Mühendisliği,5710499,CENG 499,499,SPECIAL TOPICS: INTRODUCTION TO MACHINE LEARNING (BİLG. MÜH. ÖZEL KONULAR: MAKİNE ÖĞRENMESİNE GİRİŞ ),6.0,"3.00 (3.00,0.00,0.00)",Undergraduate/Lisans,Undergraduate / Lisans,https://student.metu.edu.tr/proxy/View_Program_Course_Details_64/main.php,2026-05-11T10:50:16+00:00,data\raw\sais\offerings\20252\CENG\20260511T105016Z\program.html
CENG,20252,2025-2026 Spring,571,Computer Engineering/Bilgisayar Mühendisliği,5710500,CENG 500,500,M.S. THESIS (YÜKSEK LİSANS TEZİ ),50.0,"0.00 (0.00,0.00,)",Master`s/Yüksek Lisans,M.S. Thesis / Yüksek Lisans Tez,https://student.metu.edu.tr/proxy/View_Program_Course_Details_64/main.php,2026-05-11T10:50:16+00:00,data\raw\sais\offerings\20252\CENG\20260511T105016Z\program.html
CENG,20252,2025-2026 Spring,571,Computer Engineering/Bilgisayar Mühendisliği,5710501,CENG 501,501,DEEP LEARNING (DERİN ÖĞRENME ),8.0,"3.00 (3.00,0.00,0.00)",Graduate/Yüksek Lisans+Doktora,Master's / Yüksek Lisans,https://student.metu.edu.tr/proxy/View_Program_Course_Details_64/main.php,2026-05-11T10:50:16+00:00,data\raw\sais\offerings\20252\CENG\20260511T105016Z\program.html
CENG,20252,2025-2026 Spring,571,Computer Engineering/Bilgisayar Mühendisliği,5710502,CENG 502,502,ADVANCED DEEP LEARNING (İLERİ DERİN ÖĞRENME ),8.0,"3.00 (3.00,0.00,0.00)",Graduate/Yüksek Lisans+Doktora,Master's / Yüksek Lisans,https://student.metu.edu.tr/proxy/View_Program_Course_Details_64/main.php,2026-05-11T10:50:16+00:00,data\raw\sais\offerings\20252\CENG\20260511T105016Z\program.html
CENG,20252,2025-2026 Spring,571,Computer Engineering/Bilgisayar Mühendisliği,5710565,CENG 565,565,INTRODUCTION TO THEORY OF COMPUTATION (HESAPLAMA TEORİSİNE GİRİŞ ),8.0,"3.00 (3.00,0.00,)",Graduate/Yüksek Lisans+Doktora,Master's / Yüksek Lisans,https://student.metu.edu.tr/proxy/View_Program_Course_Details_64/main.php,2026-05-11T10:50:16+00:00,data\raw\sais\offerings\20252\CENG\20260511T105016Z\program.html
CENG,20252,2025-2026 Spring,571,Computer Engineering/Bilgisayar Mühendisliği,5710574,CENG 574,574,STATISTICAL DATA ANALYSIS (İSTATİSTİKSEL VERİ ANALİZİ ),8.0,"3.00 (3.00,0.00,)",Graduate/Yüksek Lisans+Doktora,Master's / Yüksek Lisans,https://student.metu.edu.tr/proxy/View_Program_Course_Details_64/main.php,2026-05-11T10:50:16+00:00,data\raw\sais\offerings\20252\CENG\20260511T105016Z\program.html
CENG,20252,2025-2026 Spring,571,Computer Engineering/Bilgisayar Mühendisliği,5710580,CENG 580,580,MULTI AGENT SYSTEMS (ÇOK AKTÖRLÜ SİSTEMLER ),8.0,"3.00 (3.00,0.00,0.00)",Graduate/Yüksek Lisans+Doktora,Master's / Yüksek Lisans,https://student.metu.edu.tr/proxy/View_Program_Course_Details_64/main.php,2026-05-11T10:50:16+00:00,data\raw\sais\offerings\20252\CENG\20260511T105016Z\program.html
CENG,20252,2025-2026 Spring,571,Computer Engineering/Bilgisayar Mühendisliği,5710589,CENG 589,589,DIGITAL GEOMETRY PROCESSING (DİJİTAL GEOMETRİ İŞLEME ),8.0,"3.00 (3.00,0.00,0.00)",Graduate/Yüksek Lisans+Doktora,Master's / Yüksek Lisans,https://student.metu.edu.tr/proxy/View_Program_Course_Details_64/main.php,2026-05-11T10:50:16+00:00,data\raw\sais\offerings\20252\CENG\20260511T105016Z\program.html
CENG,20252,2025-2026 Spring,571,Computer Engineering/Bilgisayar Mühendisliği,5710591,CENG 591,591,GRADUATE SEMINAR (LİSANSÜSTÜ SEMİNER ),10.0,"0.00 (0.00,2.00,0.00)",Graduate/Yüksek Lisans+Doktora,Seminar / Seminer,https://student.metu.edu.tr/proxy/View_Program_Course_Details_64/main.php,2026-05-11T10:50:16+00:00,data\raw\sais\offerings\20252\CENG\20260511T105016Z\program.html
CENG,20252,2025-2026 Spring,571,Computer Engineering/Bilgisayar Mühendisliği,5710596,CENG 596,596,INFORMATION RETRIEVAL (BİLGİ GETİRİMİ ),8.0,"3.00 (3.00,0.00,0.00)",Graduate/Yüksek Lisans+Doktora,Master's / Yüksek Lisans,https://student.metu.edu.tr/proxy/View_Program_Course_Details_64/main.php,2026-05-11T10:50:16+00:00,data\raw\sais\offerings\20252\CENG\20260511T105016Z\program.html
CENG,20252,2025-2026 Spring,571,Computer Engineering/Bilgisayar Mühendisliği,5710600,CENG 600,600,PH.D. THESIS (DOKTORA TEZİ ),130.0,"0.00 (0.00,0.00,)",Doctoral/Doktora,Ph.D Thesis / Doktora Tez,https://student.metu.edu.tr/proxy/View_Program_Course_Details_64/main.php,2026-05-11T10:50:16+00:00,data\raw\sais\offerings\20252\CENG\20260511T105016Z\program.html
CENG,20252,2025-2026 Spring,571,Computer Engineering/Bilgisayar Mühendisliği,5710691,CENG 691,691,GRADUATE SEMINER (LİSANSÜSTÜ SEMİNER ),10.0,"0.00 (0.00,2.00,0.00)",Doctoral/Doktora,Seminar / Seminer,https://student.metu.edu.tr/proxy/View_Program_Course_Details_64/main.php,2026-05-11T10:50:16+00:00,data\raw\sais\offerings\20252\CENG\20260511T105016Z\program.html
CENG,20252,2025-2026 Spring,571,Computer Engineering/Bilgisayar Mühendisliği,5710790,CENG 790,790,BIG DATA ANALYTICS (BÜYÜK VERİ ANALİTİĞİ ),8.0,"3.00 (3.00,0.00,0.00)",Graduate/Yüksek Lisans+Doktora,Master's / Yüksek Lisans,https://student.metu.edu.tr/proxy/View_Program_Course_Details_64/main.php,2026-05-11T10:50:16+00:00,data\raw\sais\offerings\20252\CENG\20260511T105016Z\program.html
CENG,20252,2025-2026 Spring,571,Computer Engineering/Bilgisayar Mühendisliği,5717811,CENG 7811,7811,APPLIED NATURAL LANGUAGE PROCESSING (UYGULAMALI DOĞAL DİL İŞLEME ),8.0,"3.00 (3.00,0.00,0.00)",Graduate/Yüksek Lisans+Doktora,Master's / Yüksek Lisans,https://student.metu.edu.tr/proxy/View_Program_Course_Details_64/main.php,2026-05-11T10:50:16+00:00,data\raw\sais\offerings\20252\CENG\20260511T105016Z\program.html
ENVE,20252,2025-2026 Spring,560,Environmental Engineering/Çevre Mühendisliği,5600102,ENVE 102,102,ENVIRONMENTAL CHEMISTRY I (ÇEVRE KİMYASI I ),5.0,"3.00 (3.00,0.00,0.00)",Undergraduate/Lisans,Undergraduate / Lisans,https://student.metu.edu.tr/proxy/View_Program_Course_Details_64/main.php,2026-05-11T10:50:17+00:00,data\raw\sais\offerings\20252\ENVE\20260511T105017Z\program.html
ENVE,20252,2025-2026 Spring,560,Environmental Engineering/Çevre Mühendisliği,5600202,ENVE 202,202,ENVIRONMENTAL MICROBIOLOGY (ÇEVRE MİKROBİYOLOJİSİ ),6.0,"4.00 (3.00,2.00,0.00)",Undergraduate/Lisans,Undergraduate / Lisans,https://student.metu.edu.tr/proxy/View_Program_Course_Details_64/main.php,2026-05-11T10:50:17+00:00,data\raw\sais\offerings\20252\ENVE\20260511T105017Z\program.html
ENVE,20252,2025-2026 Spring,560,Environmental Engineering/Çevre Mühendisliği,5600206,ENVE 206,206,PHYSICO-CHEMICAL PRIN.OF ENVIRON.ENG. (ÇEVRE MÜHENDİSLİĞİNİN FİZİKO-KİMYASAL PRENSİPLERİ ),5.0,"3.00 (3.00,0.00,0.00)",Undergraduate/Lisans,Undergraduate / Lisans,https://student.metu.edu.tr/proxy/View_Program_Course_Details_64/main.php,2026-05-11T10:50:17+00:00,data\raw\sais\offerings\20252\ENVE\20260511T105017Z\program.html
ENVE,20252,2025-2026 Spring,560,Environmental Engineering/Çevre Mühendisliği,5600300,ENVE 300,300,SUMMER PRACTICE I (YAZ STAJI I ),5.0,"0.00 (0.00,0.00,0.00)",Undergraduate/Lisans,Undergraduate Practice / Lisans Staj,https://student.metu.edu.tr/proxy/View_Program_Course_Details_64/main.php,2026-05-11T10:50:17+00:00,data\raw\sais\offerings\20252\ENVE\20260511T105017Z\program.html
ENVE,20252,2025-2026 Spring,560,Environmental Engineering/Çevre Mühendisliği,5600301,ENVE 301,301,ENVIRONMENTAL POLLUTION AND ECOLOGY (ÇEVRE KİRLİLİĞİ ve EKOLOJİ ),5.0,"3.00 (3.00,0.00,0.00)",Undergraduate/Lisans,Undergraduate / Lisans,https://student.metu.edu.tr/proxy/View_Program_Course_Details_64/main.php,2026-05-11T10:50:17+00:00,data\raw\sais\offerings\20252\ENVE\20260511T105017Z\program.html
ENVE,20252,2025-2026 Spring,560,Environmental Engineering/Çevre Mühendisliği,5600304,ENVE 304,304,UNIT OP. & PROCES.OF WASTEWATER TREAT. (ATIK SU ARITIMINDA TEMEL İŞLEMLER VE SÜREÇLER ),6.0,"3.00 (3.00,0.00,0.00)",Undergraduate/Lisans,Undergraduate / Lisans,https://student.metu.edu.tr/proxy/View_Program_Course_Details_64/main.php,2026-05-11T10:50:17+00:00,data\raw\sais\offerings\20252\ENVE\20260511T105017Z\program.html
ENVE,20252,2025-2026 Spring,560,Environmental Engineering/Çevre Mühendisliği,5600307,ENVE 307,307,AIR POLLUTION (HAVA KİRLİLİĞİ ),5.0,"3.00 (3.00,0.00,)",Undergraduate/Lisans,Undergraduate / Lisans,https://student.metu.edu.tr/proxy/View_Program_Course_Details_64/main.php,2026-05-11T10:50:17+00:00,data\raw\sais\offerings\20252\ENVE\20260511T105017Z\program.html
ENVE,20252,2025-2026 Spring,560,Environmental Engineering/Çevre Mühendisliği,5600312,ENVE 312,312,WATER SUPPLY AND URBAN DRAINAGE (SU TEMİNİ ve KENTSEL DRENAJ ),6.0,"3.00 (3.00,0.00,0.00)",Undergraduate/Lisans,Undergraduate / Lisans,https://student.metu.edu.tr/proxy/View_Program_Course_Details_64/main.php,2026-05-11T10:50:17+00:00,data\raw\sais\offerings\20252\ENVE\20260511T105017Z\program.html
ENVE,20252,2025-2026 Spring,560,Environmental Engineering/Çevre Mühendisliği,5600322,ENVE 322,322,TRANSPORT PROCESSES IN ENVIRONMENTAL ENGINEERING (ÇEVRE MÜHENDİSLİĞİNDE TAŞINIM SÜREÇLERİ ),6.0,"3.00 (3.00,0.00,0.00)",Undergraduate/Lisans,Undergraduate / Lisans,https://student.metu.edu.tr/proxy/View_Program_Course_Details_64/main.php,2026-05-11T10:50:17+00:00,data\raw\sais\offerings\20252\ENVE\20260511T105017Z\program.html
ENVE,20252,2025-2026 Spring,560,Environmental Engineering/Çevre Mühendisliği,5600400,ENVE 400,400,SUMMER PRACTICE II (YAZ STAJI II ),5.0,"0.00 (0.00,0.00,0.00)",Undergraduate/Lisans,Undergraduate Practice / Lisans Staj,https://student.metu.edu.tr/proxy/View_Program_Course_Details_64/main.php,2026-05-11T10:50:17+00:00,data\raw\sais\offerings\20252\ENVE\20260511T105017Z\program.html
ENVE,20252,2025-2026 Spring,560,Environmental Engineering/Çevre Mühendisliği,5600401,ENVE 401,401,SOIL AND GROUNDWATER POLLUTION (TOPRAK ve YER ALTI SUYU KİRLİLİĞİ ),6.0,"3.00 (3.00,0.00,0.00)",Undergraduate/Lisans,Undergraduate / Lisans,https://student.metu.edu.tr/proxy/View_Program_Course_Details_64/main.php,2026-05-11T10:50:17+00:00,data\raw\sais\offerings\20252\ENVE\20260511T105017Z\program.html
ENVE,20252,2025-2026 Spring,560,Environmental Engineering/Çevre Mühendisliği,5600408,ENVE 408,408,ENVIRONMENTAL ENGINEERING DESIGN II (ÇEVRE MÜHENDİSLİĞİ TASARIMI II ),7.0,"3.00 (2.00,2.00,0.00)",Undergraduate/Lisans,Undergraduate / Lisans,https://student.metu.edu.tr/proxy/View_Program_Course_Details_64/main.php,2026-05-11T10:50:17+00:00,data\raw\sais\offerings\20252\ENVE\20260511T105017Z\program.html
ENVE,20252,2025-2026 Spring,560,Environmental Engineering/Çevre Mühendisliği,5600420,ENVE 420,420,ENVIRONMENTAL IMPACT ASSESSMENT (ÇEVRESEL ETKİ DEĞERLENDİRMESİ ),6.0,"3.00 (3.00,0.00,)",Undergraduate/Lisans,Undergraduate / Lisans,https://student.metu.edu.tr/proxy/View_Program_Course_Details_64/main.php,2026-05-11T10:50:17+00:00,data\raw\sais\offerings\20252\ENVE\20260511T105017Z\program.html
ENVE,20252,2025-2026 Spring,560,Environmental Engineering/Çevre Mühendisliği,5600422,ENVE 422,422,TREAT.&DISP.OF WATER&WASTEWATER SLUDGE (SU ve ATIKSU ÇAMURLARININ ARITILMASI ve BERTARAFI ),6.0,"3.00 (3.00,0.00,)",Undergraduate/Lisans,Undergraduate / Lisans,https://student.metu.edu.tr/proxy/View_Program_Course_Details_64/main.php,2026-05-11T10:50:17+00:00,data\raw\sais\offerings\20252\ENVE\20260511T105017Z\program.html
ENVE,20252,2025-2026 Spring,560,Environmental Engineering/Çevre Mühendisliği,5600424,ENVE 424,424,INSTRUMENTAL ANALYSIS FOR ENV. ENG. (ÇEVRE MÜHENDİSLİĞİ İÇİN ENSTRÜMENTAL ANALİZ ),6.0,"3.00 (1.00,4.00,)",Undergraduate/Lisans,Undergraduate / Lisans,https://student.metu.edu.tr/proxy/View_Program_Course_Details_64/main.php,2026-05-11T10:50:17+00:00,data\raw\sais\offerings\20252\ENVE\20260511T105017Z\program.html
ENVE,20252,2025-2026 Spring,560,Environmental Engineering/Çevre Mühendisliği,5600432,ENVE 432,432,HAZARDOUS WASTE MANAGEMENT (TEHLİKELİ ATIK YÖNETİMİ ),6.0,"3.00 (3.00,0.00,0.00)",Undergraduate/Lisans,Undergraduate / Lisans,https://student.metu.edu.tr/proxy/View_Program_Course_Details_64/main.php,2026-05-11T10:50:17+00:00,data\raw\sais\offerings\20252\ENVE\20260511T105017Z\program.html
ENVE,20252,2025-2026 Spring,560,Environmental Engineering/Çevre Mühendisliği,5600490,ENVE 490,490,TOPICS IN ENVIRONMENTAL ENGINEERING (ÇEVRE MÜHENDİSLİĞİNDE BAŞLIKLAR ),6.0,"3.00 (1.00,4.00,0.00)",Undergraduate/Lisans,Undergraduate / Lisans,https://student.metu.edu.tr/proxy/View_Program_Course_Details_64/main.php,2026-05-11T10:50:17+00:00,data\raw\sais\offerings\20252\ENVE\20260511T105017Z\program.html
ENVE,20252,2025-2026 Spring,560,Environmental Engineering/Çevre Mühendisliği,5600493,ENVE 493,493,SPECIAL TOPICS IN ENVIRONMENTAL ENGINEERING : EU AND ENVIRONMENT POLICY (ÇEVRE MÜHENDİSLİĞİNDE ÖZEL KONULAR: AB ve ÇEVRE POLİTİKASI ),6.0,"3.00 (3.00,0.00,0.00)",Undergraduate/Lisans,Undergraduate / Lisans,https://student.metu.edu.tr/proxy/View_Program_Course_Details_64/main.php,2026-05-11T10:50:17+00:00,data\raw\sais\offerings\20252\ENVE\20260511T105017Z\program.html
ENVE,20252,2025-2026 Spring,560,Environmental Engineering/Çevre Mühendisliği,5600500,ENVE 500,500,M.S. THESIS (YÜKSEK LİSANS TEZİ ),50.0,"0.00 (0.00,0.00,)",Master`s/Yüksek Lisans,M.S. Thesis / Yüksek Lisans Tez,https://student.metu.edu.tr/proxy/View_Program_Course_Details_64/main.php,2026-05-11T10:50:17+00:00,data\raw\sais\offerings\20252\ENVE\20260511T105017Z\program.html
ENVE,20252,2025-2026 Spring,560,Environmental Engineering/Çevre Mühendisliği,5600502,ENVE 502,502,MODELLING SOIL AND GROUNDWATER POLLUTION (TOPRAK ve YER ALTI SUYU KİRLİLİĞİNİN MODELLENMESİ ),8.0,"3.00 (3.00,0.00,0.00)",Graduate/Yüksek Lisans+Doktora,Master's / Yüksek Lisans,https://student.metu.edu.tr/proxy/View_Program_Course_Details_64/main.php,2026-05-11T10:50:17+00:00,data\raw\sais\offerings\20252\ENVE\20260511T105017Z\program.html
ENVE,20252,2025-2026 Spring,560,Environmental Engineering/Çevre Mühendisliği,5600510,ENVE 510,510,PRINCIPLES OF RISK ASSESSMENT AND MNGT. (RİSK DEĞERLENDİRME ve YÖNETİMİ İLKELERİ ),8.0,"3.00 (3.00,0.00,)",Graduate/Yüksek Lisans+Doktora,Master's / Yüksek Lisans,https://student.metu.edu.tr/proxy/View_Program_Course_Details_64/main.php,2026-05-11T10:50:17+00:00,data\raw\sais\offerings\20252\ENVE\20260511T105017Z\program.html
ENVE,20252,2025-2026 Spring,560,Environmental Engineering/Çevre Mühendisliği,5600532,ENVE 532,532,ENVIRONMENTAL BIOTECHNOLOGY (ÇEVRE BİYOTEKNOLOJİSİ ),8.0,"3.00 (3.00,0.00,)",Graduate/Yüksek Lisans+Doktora,Master's / Yüksek Lisans,https://student.metu.edu.tr/proxy/View_Program_Course_Details_64/main.php,2026-05-11T10:50:17+00:00,data\raw\sais\offerings\20252\ENVE\20260511T105017Z\program.html
ENVE,20252,2025-2026 Spring,560,Environmental Engineering/Çevre Mühendisliği,5600540,ENVE 540,540,HEURISTIC OPTIMIZATION AND MODELING OF ENVIRONMENTAL SYSTEMS (ÇEVRESEL SİSTEMLERİN SEZGİSEL OPTİMİZASYONU ve MODELLENMESİ ),8.0,"3.00 (3.00,0.00,0.00)",Graduate/Yüksek Lisans+Doktora,Master's / Yüksek Lisans,https://student.metu.edu.tr/proxy/View_Program_Course_Details_64/main.php,2026-05-11T10:50:17+00:00,data\raw\sais\offerings\20252\ENVE\20260511T105017Z\program.html
ENVE,20252,2025-2026 Spring,560,Environmental Engineering/Çevre Mühendisliği,5600590,ENVE 590,590,RESEARCH METHODS AND ETHICS IN ENVIRONMENTAL ENGINEERING (ÇEVRE MÜHENDİSLİĞİNDE ARAŞTIRMA YÖNTEMLERİ ve ETİK ),10.0,"0.00 (0.00,0.00,0.00)",Graduate/Yüksek Lisans+Doktora,Ethics / Etik,https://student.metu.edu.tr/proxy/View_Program_Course_Details_64/main.php,2026-05-11T10:50:17+00:00,data\raw\sais\offerings\20252\ENVE\20260511T105017Z\program.html
ENVE,20252,2025-2026 Spring,560,Environmental Engineering/Çevre Mühendisliği,5600598,ENVE 598,598,GRADUATE SEMINAR IN ENVIRONMENTAL ENGINEERING II (LİSANSÜSTÜ SEMİNER ),10.0,"0.00 (0.00,0.00,0.00)",Graduate/Yüksek Lisans+Doktora,Seminar / Seminer,https://student.metu.edu.tr/proxy/View_Program_Course_Details_64/main.php,2026-05-11T10:50:17+00:00,data\raw\sais\offerings\20252\ENVE\20260511T105017Z\program.html
ENVE,20252,2025-2026 Spring,560,Environmental Engineering/Çevre Mühendisliği,5600599,ENVE 599,599,GRADUATE SEMINAR IN ENVIRONMENTAL ENGINEERING I (LİSANSÜSTÜ SEMİNER ),10.0,"0.00 (0.00,0.00,0.00)",Graduate/Yüksek Lisans+Doktora,Seminar / Seminer,https://student.metu.edu.tr/proxy/View_Program_Course_Details_64/main.php,2026-05-11T10:50:17+00:00,data\raw\sais\offerings\20252\ENVE\20260511T105017Z\program.html
ENVE,20252,2025-2026 Spring,560,Environmental Engineering/Çevre Mühendisliği,5600600,ENVE 600,600,PH.D. THESIS (DOKTORA TEZİ ),130.0,"0.00 (0.00,0.00,)",Doctoral/Doktora,Ph.D Thesis / Doktora Tez,https://student.metu.edu.tr/proxy/View_Program_Course_Details_64/main.php,2026-05-11T10:50:17+00:00,data\raw\sais\offerings\20252\ENVE\20260511T105017Z\program.html
ENVE,20252,2025-2026 Spring,560,Environmental Engineering/Çevre Mühendisliği,5600698,ENVE 698,698,GRADUATE SEMINAR IN ENVIRONMENTAL ENGINEERING III (LİSANSÜSTÜ SEMİNER ),10.0,"0.00 (0.00,0.00,0.00)",Doctoral/Doktora,Seminar / Seminer,https://student.metu.edu.tr/proxy/View_Program_Course_Details_64/main.php,2026-05-11T10:50:17+00:00,data\raw\sais\offerings\20252\ENVE\20260511T105017Z\program.html
ENVE,20252,2025-2026 Spring,560,Environmental Engineering/Çevre Mühendisliği,5600699,ENVE 699,699,GRADUATE SEMINAR IN ENVIRONMENTAL ENGINEERING IV (LİSANSÜSTÜ SEMİNER ),10.0,"0.00 (0.00,0.00,0.00)",Doctoral/Doktora,Seminar / Seminer,https://student.metu.edu.tr/proxy/View_Program_Course_Details_64/main.php,2026-05-11T10:50:17+00:00,data\raw\sais\offerings\20252\ENVE\20260511T105017Z\program.html
ENVE,20252,2025-2026 Spring,560,Environmental Engineering/Çevre Mühendisliği,5600707,ENVE 707,707,ENERGY AND THE ENVIRONMENT (ENERJİ ve ÇEVRE ),9.0,"3.00 (3.00,0.00,0.00)",Graduate/Yüksek Lisans+Doktora,Master's / Yüksek Lisans,https://student.metu.edu.tr/proxy/View_Program_Course_Details_64/main.php,2026-05-11T10:50:17+00:00,data\raw\sais\offerings\20252\ENVE\20260511T105017Z\program.html
ENVE,20252,2025-2026 Spring,560,Environmental Engineering/Çevre Mühendisliği,5600815,ENVE 815,815,SPECIAL STUDIES (ÖZEL ÇALIŞMALAR ),10.0,"0.00 (0.00,0.00,0.00)",Graduate/Yüksek Lisans+Doktora,M.S. Thesis / Yüksek Lisans Tez,https://student.metu.edu.tr/proxy/View_Program_Course_Details_64/main.php,2026-05-11T10:50:17+00:00,data\raw\sais\offerings\20252\ENVE\20260511T105017Z\program.html
EEE,20252,2025-2026 Spring,567,Electrical and Electronics Engineering/Elektrik ve Elektronik Mühendisliği,5670101,EEE 101,101,INTRODUCTION TO ELECTRICAL AND ELECTRONICS ENGINEERING ( ),3.0,"2.00 (1.00,2.00,0.00)",Undergraduate/Lisans,Undergraduate / Lisans,https://student.metu.edu.tr/proxy/View_Program_Course_Details_64/main.php,2026-05-11T10:50:17+00:00,data\raw\sais\offerings\20252\EEE\20260511T105017Z\program.html
EEE,20252,2025-2026 Spring,567,Electrical and Electronics Engineering/Elektrik ve Elektronik Mühendisliği,5670201,EEE 201,201,CIRCUIT THEORY I (DEVRE TEORİSİ I ),6.0,"4.00 (4.00,0.00,0.00)",Undergraduate/Lisans,Undergraduate / Lisans,https://student.metu.edu.tr/proxy/View_Program_Course_Details_64/main.php,2026-05-11T10:50:17+00:00,data\raw\sais\offerings\20252\EEE\20260511T105017Z\program.html
EEE,20252,2025-2026 Spring,567,Electrical and Electronics Engineering/Elektrik ve Elektronik Mühendisliği,5670202,EEE 202,202,CIRCUIT THEORY II (DEVRE TEORİSİ II ),6.0,"4.00 (4.00,0.00,0.00)",Undergraduate/Lisans,Undergraduate / Lisans,https://student.metu.edu.tr/proxy/View_Program_Course_Details_64/main.php,2026-05-11T10:50:17+00:00,data\raw\sais\offerings\20252\EEE\20260511T105017Z\program.html
EEE,20252,2025-2026 Spring,567,Electrical and Electronics Engineering/Elektrik ve Elektronik Mühendisliği,5670209,EEE 209,209,FUNDAMENTALS OF ELECTRICAL&ELECTRO. EN (ELEKTRİK VE ELEKTRONİK MÜH. TEMELLERİ() ),5.0,"3.00 (3.00,0.00,0.00)",Undergraduate/Lisans,Undergraduate / Lisans,https://student.metu.edu.tr/proxy/View_Program_Course_Details_64/main.php,2026-05-11T10:50:17+00:00,data\raw\sais\offerings\20252\EEE\20260511T105017Z\program.html
EEE,20252,2025-2026 Spring,567,Electrical and Electronics Engineering/Elektrik ve Elektronik Mühendisliği,5670212,EEE 212,212,SEMICONDUCTOR DEVICES& MODELING (YARI İLETKEN CİHAZLAR VE MODELLEMELERİ() ),5.0,"3.00 (3.00,0.00,)",Undergraduate/Lisans,Undergraduate / Lisans,https://student.metu.edu.tr/proxy/View_Program_Course_Details_64/main.php,2026-05-11T10:50:17+00:00,data\raw\sais\offerings\20252\EEE\20260511T105017Z\program.html
EEE,20252,2025-2026 Spring,567,Electrical and Electronics Engineering/Elektrik ve Elektronik Mühendisliği,5670214,EEE 214,214,ELECTRONIC CIRCUITS LABORATORY (ELEKTRONİK DEVRELERİ LABORATUVARI() ),3.0,"2.00 (0.00,4.00,)",Undergraduate/Lisans,Labaratory / Laboratuvar,https://student.metu.edu.tr/proxy/View_Program_Course_Details_64/main.php,2026-05-11T10:50:17+00:00,data\raw\sais\offerings\20252\EEE\20260511T105017Z\program.html
EEE,20252,2025-2026 Spring,567,Electrical and Electronics Engineering/Elektrik ve Elektronik Mühendisliği,5670224,EEE 224,224,ELECTROMAGNETIC THEORY (ELEKTROMANYETİK TEORİ() ),6.0,"4.00 (4.00,0.00,)",Undergraduate/Lisans,Undergraduate / Lisans,https://student.metu.edu.tr/proxy/View_Program_Course_Details_64/main.php,2026-05-11T10:50:17+00:00,data\raw\sais\offerings\20252\EEE\20260511T105017Z\program.html
EEE,20252,2025-2026 Spring,567,Electrical and Electronics Engineering/Elektrik ve Elektronik Mühendisliği,5670230,EEE 230,230,PROBABILITY AND RANDOM VARIABLES (OLASILIK VE RASGELE DEĞİŞKENLER() ),5.0,"3.00 (3.00,0.00,)",Undergraduate/Lisans,Undergraduate / Lisans,https://student.metu.edu.tr/proxy/View_Program_Course_Details_64/main.php,2026-05-11T10:50:17+00:00,data\raw\sais\offerings\20252\EEE\20260511T105017Z\program.html
EEE,20252,2025-2026 Spring,567,Electrical and Electronics Engineering/Elektrik ve Elektronik Mühendisliği,5670300,EEE 300,300,SUMMER PRACTICE I (YAZ STAJI I() ),5.0,"0.00 (0.00,0.00,0.00)",Undergraduate/Lisans,Undergraduate Practice / Lisans Staj,https://student.metu.edu.tr/proxy/View_Program_Course_Details_64/main.php,2026-05-11T10:50:17+00:00,data\raw\sais\offerings\20252\EEE\20260511T105017Z\program.html
EEE,20252,2025-2026 Spring,567,Electrical and Electronics Engineering/Elektrik ve Elektronik Mühendisliği,5670302,EEE 302,302,FEEDBACK SYSTEMS (GERİ BİLDİRİM SİSTEMLERİ() ),5.0,"3.00 (3.00,0.00,)",Undergraduate/Lisans,Undergraduate / Lisans,https://student.metu.edu.tr/proxy/View_Program_Course_Details_64/main.php,2026-05-11T10:50:17+00:00,data\raw\sais\offerings\20252\EEE\20260511T105017Z\program.html
EEE,20252,2025-2026 Spring,567,Electrical and Electronics Engineering/Elektrik ve Elektronik Mühendisliği,5670306,EEE 306,306,INTRODUCTION TO RANDOM PROCESSES (RASTGELE SÜREÇLERE GİRİŞ ),5.0,"3.00 (3.00,0.00,0.00)",Undergraduate/Lisans,Undergraduate / Lisans,https://student.metu.edu.tr/proxy/View_Program_Course_Details_64/main.php,2026-05-11T10:50:17+00:00,data\raw\sais\offerings\20252\EEE\20260511T105017Z\program.html
EEE,20252,2025-2026 Spring,567,Electrical and Electronics Engineering/Elektrik ve Elektronik Mühendisliği,5670312,EEE 312,312,DIGITAL ELECTRONICS (DİJİTAL ELEKTRONİK() ),5.0,"3.00 (3.00,0.00,)",Undergraduate/Lisans,Undergraduate / Lisans,https://student.metu.edu.tr/proxy/View_Program_Course_Details_64/main.php,2026-05-11T10:50:17+00:00,data\raw\sais\offerings\20252\EEE\20260511T105017Z\program.html
EEE,20252,2025-2026 Spring,567,Electrical and Electronics Engineering/Elektrik ve Elektronik Mühendisliği,5670314,EEE 314,314,DIGITAL CIRCUITS LABORATORY (DİJİTAL DEVRELERİ LABORATUVARI() ),3.0,"2.00 (0.00,4.00,0.00)",Undergraduate/Lisans,Labaratory / Laboratuvar,https://student.metu.edu.tr/proxy/View_Program_Course_Details_64/main.php,2026-05-11T10:50:17+00:00,data\raw\sais\offerings\20252\EEE\20260511T105017Z\program.html
EEE,20252,2025-2026 Spring,567,Electrical and Electronics Engineering/Elektrik ve Elektronik Mühendisliği,5670348,EEE 348,348,INTRODUCTION TO LOGIC DESIGN (MANTIK TASARIMINA GİRİŞ() ),5.0,"3.00 (3.00,0.00,)",Undergraduate/Lisans,Undergraduate / Lisans,https://student.metu.edu.tr/proxy/View_Program_Course_Details_64/main.php,2026-05-11T10:50:17+00:00,data\raw\sais\offerings\20252\EEE\20260511T105017Z\program.html
EEE,20252,2025-2026 Spring,567,Electrical and Electronics Engineering/Elektrik ve Elektronik Mühendisliği,5670362,EEE 362,362,ELECTROMECHANICAL ENERGY CONVERSION II (ELEKTROMEKANİK ENERJİ DÖNÜŞÜMÜ II() ),7.0,"4.00 (3.00,2.00,)",Undergraduate/Lisans,Undergraduate / Lisans,https://student.metu.edu.tr/proxy/View_Program_Course_Details_64/main.php,2026-05-11T10:50:17+00:00,data\raw\sais\offerings\20252\EEE\20260511T105017Z\program.html
EEE,20252,2025-2026 Spring,567,Electrical and Electronics Engineering/Elektrik ve Elektronik Mühendisliği,5670374,EEE 374,374,FUNDAMENTALS OF POWER SYSTEMS AND ELECTRICAL EQUIPMENT (GÜÇ SİSTEMLERİ VE ELEKTRİK EKİPMANLARI TEMELLERİ ),7.0,"3.00 (3.00,0.00,0.00)",Undergraduate/Lisans,Undergraduate / Lisans,https://student.metu.edu.tr/proxy/View_Program_Course_Details_64/main.php,2026-05-11T10:50:17+00:00,data\raw\sais\offerings\20252\EEE\20260511T105017Z\program.html
EEE,20252,2025-2026 Spring,567,Electrical and Electronics Engineering/Elektrik ve Elektronik Mühendisliği,5670400,EEE 400,400,SUMMER PRACTICE II (YAZ STAJI II() ),5.0,"0.00 (0.00,0.00,0.00)",Undergraduate/Lisans,Undergraduate Practice / Lisans Staj,https://student.metu.edu.tr/proxy/View_Program_Course_Details_64/main.php,2026-05-11T10:50:17+00:00,data\raw\sais\offerings\20252\EEE\20260511T105017Z\program.html
EEE,20252,2025-2026 Spring,567,Electrical and Electronics Engineering/Elektrik ve Elektronik Mühendisliği,5670404,EEE 404,404,NONLINEAR CONTROL SYSTEMS (DOĞRUSAL OLMAYAN KONTROL SİSTEMLERİ() ),5.0,"3.00 (3.00,0.00,)",Undergraduate/Lisans,Undergraduate / Lisans,https://student.metu.edu.tr/proxy/View_Program_Course_Details_64/main.php,2026-05-11T10:50:17+00:00,data\raw\sais\offerings\20252\EEE\20260511T105017Z\program.html
EEE,20252,2025-2026 Spring,567,Electrical and Electronics Engineering/Elektrik ve Elektronik Mühendisliği,5670406,EEE 406,406,LABORATORY OF FEEDBACK CONTROL SYSTEMS (GERİ BESLEME KONTROL SİSTEMLERİ LABORATUVARI() ),6.0,"3.00 (1.00,4.00,0.00)",Undergraduate/Lisans,Labaratory / Laboratuvar,https://student.metu.edu.tr/proxy/View_Program_Course_Details_64/main.php,2026-05-11T10:50:17+00:00,data\raw\sais\offerings\20252\EEE\20260511T105017Z\program.html
EEE,20252,2025-2026 Spring,567,Electrical and Electronics Engineering/Elektrik ve Elektronik Mühendisliği,5670414,EEE 414,414,INTRODUCTION TO ANALOG INTEGRATED CIRCUITS (ANALOG ENTEGRE DEVRELERE GİRİŞ() ),5.0,"3.00 (3.00,0.00,0.00)",Undergraduate/Lisans,Elective / Seçmeli,https://student.metu.edu.tr/proxy/View_Program_Course_Details_64/main.php,2026-05-11T10:50:17+00:00,data\raw\sais\offerings\20252\EEE\20260511T105017Z\program.html
EEE,20252,2025-2026 Spring,567,Electrical and Electronics Engineering/Elektrik ve Elektronik Mühendisliği,5670416,EEE 416,416,"BIOMEDICAL SIGNALS, INSTRUMENTATION AND MEASUREMENT (BİYOMEDİKAL SİNYALLER, ENSTRÜMANTASYONU VE ÖLÇÜMÜ() )",7.0,"4.00 (3.00,2.00,0.00)",Undergraduate/Lisans,Elective / Seçmeli,https://student.metu.edu.tr/proxy/View_Program_Course_Details_64/main.php,2026-05-11T10:50:17+00:00,data\raw\sais\offerings\20252\EEE\20260511T105017Z\program.html
EEE,20252,2025-2026 Spring,567,Electrical and Electronics Engineering/Elektrik ve Elektronik Mühendisliği,5670426,EEE 426,426,ANTENNAS AND PROPAGATION (ANTENLER VE YAYILIM() ),7.0,"4.00 (3.00,2.00,0.00)",Undergraduate/Lisans,Undergraduate / Lisans,https://student.metu.edu.tr/proxy/View_Program_Course_Details_64/main.php,2026-05-11T10:50:17+00:00,data\raw\sais\offerings\20252\EEE\20260511T105017Z\program.html
EEE,20252,2025-2026 Spring,567,Electrical and Electronics Engineering/Elektrik ve Elektronik Mühendisliği,5670428,EEE 428,428,MICROWAVES II (MİKRODALGALAR II() ),7.0,"4.00 (3.00,2.00,)",Undergraduate/Lisans,Undergraduate / Lisans,https://student.metu.edu.tr/proxy/View_Program_Course_Details_64/main.php,2026-05-11T10:50:17+00:00,data\raw\sais\offerings\20252\EEE\20260511T105017Z\program.html
EEE,20252,2025-2026 Spring,567,Electrical and Electronics Engineering/Elektrik ve Elektronik Mühendisliği,5670430,EEE 430,430,DIGITAL SIGNAL PROCESSING (DİJİTAL SİNYAL İŞLEME() ),5.0,"3.00 (3.00,0.00,)",Undergraduate/Lisans,Undergraduate / Lisans,https://student.metu.edu.tr/proxy/View_Program_Course_Details_64/main.php,2026-05-11T10:50:17+00:00,data\raw\sais\offerings\20252\EEE\20260511T105017Z\program.html
EEE,20252,2025-2026 Spring,567,Electrical and Electronics Engineering/Elektrik ve Elektronik Mühendisliği,5670433,EEE 433,433,REAL-TIME APPLICATIONS OF DIGITAL SIGNAL PROCESSING (DİJİTAL SİNYAL İŞLEMENİN GERÇEK ZAMANLI ),6.0,"3.00 (1.00,4.00,0.00)",Undergraduate/Lisans,Undergraduate / Lisans,https://student.metu.edu.tr/proxy/View_Program_Course_Details_64/main.php,2026-05-11T10:50:17+00:00,data\raw\sais\offerings\20252\EEE\20260511T105017Z\program.html
EEE,20252,2025-2026 Spring,567,Electrical and Electronics Engineering/Elektrik ve Elektronik Mühendisliği,5670436,EEE 436,436,COMMUNICATIONS II (İLETİŞİM II() ),7.0,"4.00 (3.00,2.00,0.00)",Undergraduate/Lisans,Undergraduate / Lisans,https://student.metu.edu.tr/proxy/View_Program_Course_Details_64/main.php,2026-05-11T10:50:17+00:00,data\raw\sais\offerings\20252\EEE\20260511T105017Z\program.html
EEE,20252,2025-2026 Spring,567,Electrical and Electronics Engineering/Elektrik ve Elektronik Mühendisliği,5670438,EEE 438,438,OPTICAL COMMUNICATION SYSTEMS (OPTİK HABERLEŞME SİSTEMLERİ() ),7.0,"4.00 (3.00,2.00,0.00)",Undergraduate/Lisans,Undergraduate / Lisans,https://student.metu.edu.tr/proxy/View_Program_Course_Details_64/main.php,2026-05-11T10:50:17+00:00,data\raw\sais\offerings\20252\EEE\20260511T105017Z\program.html
EEE,20252,2025-2026 Spring,567,Electrical and Electronics Engineering/Elektrik ve Elektronik Mühendisliği,5670442,EEE 442,442,OPERATING SYSTEMS (İŞLETİM SİSTEMLERİ() ),5.0,"3.00 (3.00,0.00,0.00)",Undergraduate/Lisans,Undergraduate / Lisans,https://student.metu.edu.tr/proxy/View_Program_Course_Details_64/main.php,2026-05-11T10:50:17+00:00,data\raw\sais\offerings\20252\EEE\20260511T105017Z\program.html
EEE,20252,2025-2026 Spring,567,Electrical and Electronics Engineering/Elektrik ve Elektronik Mühendisliği,5670444,EEE 444,444,INTRODUCTION TO COMPUTER NETWORKS (BİLGİSAYAR AĞLARINA GİRİŞ() ),5.0,"3.00 (3.00,0.00,)",Undergraduate/Lisans,Undergraduate / Lisans,https://student.metu.edu.tr/proxy/View_Program_Course_Details_64/main.php,2026-05-11T10:50:17+00:00,data\raw\sais\offerings\20252\EEE\20260511T105017Z\program.html
EEE,20252,2025-2026 Spring,567,Electrical and Electronics Engineering/Elektrik ve Elektronik Mühendisliği,5670446,EEE 446,446,COMPUTER ARCHITECTURE II (BİLGİSAYAR MİMARİSİ II() ),7.0,"4.00 (3.00,2.00,)",Undergraduate/Lisans,Undergraduate / Lisans,https://student.metu.edu.tr/proxy/View_Program_Course_Details_64/main.php,2026-05-11T10:50:17+00:00,data\raw\sais\offerings\20252\EEE\20260511T105017Z\program.html
EEE,20252,2025-2026 Spring,567,Electrical and Electronics Engineering/Elektrik ve Elektronik Mühendisliği,5670449,EEE 449,449,COMPUTATIONAL INTELLIGENCE (HESAPSAL ZEKA ),7.0,"3.00 (3.00,0.00,0.00)",Undergraduate/Lisans,Undergraduate / Lisans,https://student.metu.edu.tr/proxy/View_Program_Course_Details_64/main.php,2026-05-11T10:50:17+00:00,data\raw\sais\offerings\20252\EEE\20260511T105017Z\program.html
EEE,20252,2025-2026 Spring,567,Electrical and Electronics Engineering/Elektrik ve Elektronik Mühendisliği,5670462,EEE 462,462,UTILIZATION OF ELECTRICAL ENERGY (ELEKTRİK ENERJİSİNİN KULLANIMI() ),7.0,"4.00 (3.00,2.00,)",Undergraduate/Lisans,Undergraduate / Lisans,https://student.metu.edu.tr/proxy/View_Program_Course_Details_64/main.php,2026-05-11T10:50:17+00:00,data\raw\sais\offerings\20252\EEE\20260511T105017Z\program.html
EEE,20252,2025-2026 Spring,567,Electrical and Electronics Engineering/Elektrik ve Elektronik Mühendisliği,5670472,EEE 472,472,POWER SYSTEM ANALYSIS II (GÜÇ SİSTEMİ ANALİZİ II() ),7.0,"3.00 (3.00,0.00,0.00)",Undergraduate/Lisans,Undergraduate / Lisans,https://student.metu.edu.tr/proxy/View_Program_Course_Details_64/main.php,2026-05-11T10:50:17+00:00,data\raw\sais\offerings\20252\EEE\20260511T105017Z\program.html
EEE,20252,2025-2026 Spring,567,Electrical and Electronics Engineering/Elektrik ve Elektronik Mühendisliği,5670475,EEE 475,475,HIGH VOLTAGE TECHNIQUES I (YÜKSEK GERİLİM TEKNİKLERİ I() ),7.0,"4.00 (3.00,2.00,)",Undergraduate/Lisans,Undergraduate / Lisans,https://student.metu.edu.tr/proxy/View_Program_Course_Details_64/main.php,2026-05-11T10:50:17+00:00,data\raw\sais\offerings\20252\EEE\20260511T105017Z\program.html
EEE,20252,2025-2026 Spring,567,Electrical and Electronics Engineering/Elektrik ve Elektronik Mühendisliği,5670478,EEE 478,478,POWER SYSTEM PROTECTION (GÜÇ SİSTEMİ KORUMASI() ),5.0,"3.00 (3.00,0.00,)",Undergraduate/Lisans,Undergraduate / Lisans,https://student.metu.edu.tr/proxy/View_Program_Course_Details_64/main.php,2026-05-11T10:50:17+00:00,data\raw\sais\offerings\20252\EEE\20260511T105017Z\program.html
EEE,20252,2025-2026 Spring,567,Electrical and Electronics Engineering/Elektrik ve Elektronik Mühendisliği,5670494,EEE 494,494,ENGINEERING DESIGN II (MÜHENDİSLİK TASARIMI II() ),7.0,"3.00 (2.00,2.00,0.00)",Undergraduate/Lisans,Term Project / Dönem Projesi,https://student.metu.edu.tr/proxy/View_Program_Course_Details_64/main.php,2026-05-11T10:50:17+00:00,data\raw\sais\offerings\20252\EEE\20260511T105017Z\program.html
EEE,20252,2025-2026 Spring,567,Electrical and Electronics Engineering/Elektrik ve Elektronik Mühendisliği,5670498,EEE 498,498,SPECIAL TOPICS : CONTROL SYSTEM DESIGN AND SIMULATION (ÖZEL KONULAR: KONTROL SİSTEMİ TASARIMI VE SİMÜLASYONU() ),5.0,"3.00 (3.00,0.00,0.00)",Undergraduate/Lisans,Undergraduate / Lisans,https://student.metu.edu.tr/proxy/View_Program_Course_Details_64/main.php,2026-05-11T10:50:17+00:00,data\raw\sais\offerings\20252\EEE\20260511T105017Z\program.html
EEE,20252,2025-2026 Spring,567,Electrical and Electronics Engineering/Elektrik ve Elektronik Mühendisliği,5670500,EEE 500,500,M.S. THESIS (YÜKSEK LİSANS TEZ() ),50.0,"0.00 (0.00,0.00,)",Master`s/Yüksek Lisans,M.S. Thesis / Yüksek Lisans Tez,https://student.metu.edu.tr/proxy/View_Program_Course_Details_64/main.php,2026-05-11T10:50:17+00:00,data\raw\sais\offerings\20252\EEE\20260511T105017Z\program.html
EEE,20252,2025-2026 Spring,567,Electrical and Electronics Engineering/Elektrik ve Elektronik Mühendisliği,5670502,EEE 502,502,LINEAR SYSTEMS THEORY II (DOĞRUSAL SİSTEMLER TEORİSİ II() ),8.0,"3.00 (3.00,0.00,)",Graduate/Yüksek Lisans+Doktora,Master's / Yüksek Lisans,https://student.metu.edu.tr/proxy/View_Program_Course_Details_64/main.php,2026-05-11T10:50:17+00:00,data\raw\sais\offerings\20252\EEE\20260511T105017Z\program.html
EEE,20252,2025-2026 Spring,567,Electrical and Electronics Engineering/Elektrik ve Elektronik Mühendisliği,5670504,EEE 504,504,ADAPTIVE SIGNAL PROCESSING (ADAPTİF SİNYAL İŞLEME() ),8.0,"3.00 (3.00,0.00,)",Graduate/Yüksek Lisans+Doktora,Master's / Yüksek Lisans,https://student.metu.edu.tr/proxy/View_Program_Course_Details_64/main.php,2026-05-11T10:50:17+00:00,data\raw\sais\offerings\20252\EEE\20260511T105017Z\program.html
EEE,20252,2025-2026 Spring,567,Electrical and Electronics Engineering/Elektrik ve Elektronik Mühendisliği,5670516,EEE 516,516,BIOMEMS AND BIOSENSORS (BİYOMEMLER VE BİYOSENSÖRLER() ),8.0,"3.00 (3.00,0.00,0.00)",Graduate/Yüksek Lisans+Doktora,Master's / Yüksek Lisans,https://student.metu.edu.tr/proxy/View_Program_Course_Details_64/main.php,2026-05-11T10:50:17+00:00,data\raw\sais\offerings\20252\EEE\20260511T105017Z\program.html
EEE,20252,2025-2026 Spring,567,Electrical and Electronics Engineering/Elektrik ve Elektronik Mühendisliği,5670519,EEE 519,519,MEDICAL IMAGING (TIBBİ GÖRÜNTÜLEME() ),8.0,"3.00 (3.00,0.00,)",Graduate/Yüksek Lisans+Doktora,Master's / Yüksek Lisans,https://student.metu.edu.tr/proxy/View_Program_Course_Details_64/main.php,2026-05-11T10:50:17+00:00,data\raw\sais\offerings\20252\EEE\20260511T105017Z\program.html
EEE,20252,2025-2026 Spring,567,Electrical and Electronics Engineering/Elektrik ve Elektronik Mühendisliği,5670522,EEE 522,522,NUMERICAL METHODS FOR ELECTROMAGNETICS (ELEKTROMANYETİKTE SAYISAL YÖNTEMLER() ),8.0,"3.00 (3.00,0.00,)",Graduate/Yüksek Lisans+Doktora,Master's / Yüksek Lisans,https://student.metu.edu.tr/proxy/View_Program_Course_Details_64/main.php,2026-05-11T10:50:17+00:00,data\raw\sais\offerings\20252\EEE\20260511T105017Z\program.html
EEE,20252,2025-2026 Spring,567,Electrical and Electronics Engineering/Elektrik ve Elektronik Mühendisliği,5670526,EEE 526,526,ANTENNA THEORY (ANTEN TEORİSİ() ),8.0,"3.00 (3.00,0.00,)",Graduate/Yüksek Lisans+Doktora,Master's / Yüksek Lisans,https://student.metu.edu.tr/proxy/View_Program_Course_Details_64/main.php,2026-05-11T10:50:17+00:00,data\raw\sais\offerings\20252\EEE\20260511T105017Z\program.html
EEE,20252,2025-2026 Spring,567,Electrical and Electronics Engineering/Elektrik ve Elektronik Mühendisliği,5670527,EEE 527,527,MICROWAVE ENGINEERING (MİKRODALGA MÜHENDİSLİĞİ() ),8.0,"3.00 (3.00,0.00,)",Graduate/Yüksek Lisans+Doktora,Master's / Yüksek Lisans,https://student.metu.edu.tr/proxy/View_Program_Course_Details_64/main.php,2026-05-11T10:50:17+00:00,data\raw\sais\offerings\20252\EEE\20260511T105017Z\program.html
EEE,20252,2025-2026 Spring,567,Electrical and Electronics Engineering/Elektrik ve Elektronik Mühendisliği,5670532,EEE 532,532,COMMUNICATION NETWORK ANALYSIS (İLETİŞİM AĞI ANALİZİ() ),8.0,"3.00 (3.00,0.00,0.00)",Graduate/Yüksek Lisans+Doktora,Master's / Yüksek Lisans,https://student.metu.edu.tr/proxy/View_Program_Course_Details_64/main.php,2026-05-11T10:50:17+00:00,data\raw\sais\offerings\20252\EEE\20260511T105017Z\program.html
EEE,20252,2025-2026 Spring,567,Electrical and Electronics Engineering/Elektrik ve Elektronik Mühendisliği,5670533,EEE 533,533,INFORMATION THEORY (BİLGİ TEORİSİ() ),8.0,"3.00 (3.00,0.00,)",Graduate/Yüksek Lisans+Doktora,Master's / Yüksek Lisans,https://student.metu.edu.tr/proxy/View_Program_Course_Details_64/main.php,2026-05-11T10:50:17+00:00,data\raw\sais\offerings\20252\EEE\20260511T105017Z\program.html
EEE,20252,2025-2026 Spring,567,Electrical and Electronics Engineering/Elektrik ve Elektronik Mühendisliği,5670536,EEE 536,536,DIGITAL COMMUNICATION SYSTEMS (DİJİTAL İLETİŞİM SİSTEMLERİ() ),8.0,"3.00 (3.00,0.00,)",Graduate/Yüksek Lisans+Doktora,Master's / Yüksek Lisans,https://student.metu.edu.tr/proxy/View_Program_Course_Details_64/main.php,2026-05-11T10:50:17+00:00,data\raw\sais\offerings\20252\EEE\20260511T105017Z\program.html
EEE,20252,2025-2026 Spring,567,Electrical and Electronics Engineering/Elektrik ve Elektronik Mühendisliği,5670558,EEE 558,558,SYSTEM IDENTIFICATION & ADAPTIVE CONTROL (SİSTEM TANIMLAMA VE ADAPTİF KONTROL() ),8.0,"3.00 (3.00,0.00,)",Graduate/Yüksek Lisans+Doktora,Master's / Yüksek Lisans,https://student.metu.edu.tr/proxy/View_Program_Course_Details_64/main.php,2026-05-11T10:50:17+00:00,data\raw\sais\offerings\20252\EEE\20260511T105017Z\program.html
EEE,20252,2025-2026 Spring,567,Electrical and Electronics Engineering/Elektrik ve Elektronik Mühendisliği,5670565,EEE 565,565,VECTOR CONTROL OF ELECTRICAL DRIVES (ELEKTRİKLİ AKTÜATÖRLERİN VEKTÖR KONTROLÜ() ),8.0,"3.00 (3.00,0.00,0.00)",Graduate/Yüksek Lisans+Doktora,Master's / Yüksek Lisans,https://student.metu.edu.tr/proxy/View_Program_Course_Details_64/main.php,2026-05-11T10:50:17+00:00,data\raw\sais\offerings\20252\EEE\20260511T105017Z\program.html
EEE,20252,2025-2026 Spring,567,Electrical and Electronics Engineering/Elektrik ve Elektronik Mühendisliği,5670568,EEE 568,568,SELECTED TOPICS ON ELECTRICAL MACHINES (ELEKTRİKLİ MAKİNELERDE SEÇİLMİŞ KONULAR() ),8.0,"3.00 (3.00,0.00,)",Graduate/Yüksek Lisans+Doktora,Master's / Yüksek Lisans,https://student.metu.edu.tr/proxy/View_Program_Course_Details_64/main.php,2026-05-11T10:50:17+00:00,data\raw\sais\offerings\20252\EEE\20260511T105017Z\program.html
EEE,20252,2025-2026 Spring,567,Electrical and Electronics Engineering/Elektrik ve Elektronik Mühendisliği,5670574,EEE 574,574,POWER SYS.REAL-TIME MONITORING & CONTROL (GÜÇ SYS.GERÇEK ZAMANLI İZLEME VE KONTROL() ),8.0,"3.00 (3.00,0.00,)",Graduate/Yüksek Lisans+Doktora,Master's / Yüksek Lisans,https://student.metu.edu.tr/proxy/View_Program_Course_Details_64/main.php,2026-05-11T10:50:17+00:00,data\raw\sais\offerings\20252\EEE\20260511T105017Z\program.html
EEE,20252,2025-2026 Spring,567,Electrical and Electronics Engineering/Elektrik ve Elektronik Mühendisliği,5670584,EEE 584,584,MACHINE VISION (MAKİNE GÖRÜŞÜ() ),8.0,"3.00 (3.00,0.00,0.00)",Graduate/Yüksek Lisans+Doktora,Master's / Yüksek Lisans,https://student.metu.edu.tr/proxy/View_Program_Course_Details_64/main.php,2026-05-11T10:50:17+00:00,data\raw\sais\offerings\20252\EEE\20260511T105017Z\program.html
EEE,20252,2025-2026 Spring,567,Electrical and Electronics Engineering/Elektrik ve Elektronik Mühendisliği,5670587,EEE 587,587,INTRODUCTION TO ROBOTICS (ROBOTİĞE GİRİŞ() ),8.0,"3.00 (3.00,0.00,)",Graduate/Yüksek Lisans+Doktora,Master's / Yüksek Lisans,https://student.metu.edu.tr/proxy/View_Program_Course_Details_64/main.php,2026-05-11T10:50:17+00:00,data\raw\sais\offerings\20252\EEE\20260511T105017Z\program.html
EEE,20252,2025-2026 Spring,567,Electrical and Electronics Engineering/Elektrik ve Elektronik Mühendisliği,5670590,EEE 590,590,SEMINAR (SEMİNER() ),10.0,"0.00 (0.00,2.00,0.00)",Graduate/Yüksek Lisans+Doktora,Seminar / Seminer,https://student.metu.edu.tr/proxy/View_Program_Course_Details_64/main.php,2026-05-11T10:50:17+00:00,data\raw\sais\offerings\20252\EEE\20260511T105017Z\program.html
EEE,20252,2025-2026 Spring,567,Electrical and Electronics Engineering/Elektrik ve Elektronik Mühendisliği,5670595,EEE 595,595,RESEARCH METHODS AND ETHICAL ISSUES IN ELECTRICAL AND ELECTRONICS ENGINEERING (ELEKTRİK-ELEKTRONİK MÜHENDİSLİĞİNDE ARAŞTIRMA YÖNTEMLERİ VE ETİK KONULAR() ),6.0,"0.00 (0.00,0.00,0.00)",Graduate/Yüksek Lisans+Doktora,Ethics / Etik,https://student.metu.edu.tr/proxy/View_Program_Course_Details_64/main.php,2026-05-11T10:50:17+00:00,data\raw\sais\offerings\20252\EEE\20260511T105017Z\program.html
EEE,20252,2025-2026 Spring,567,Electrical and Electronics Engineering/Elektrik ve Elektronik Mühendisliği,5670600,EEE 600,600,PH.D. THESIS (DOKTORA TEZ() ),130.0,"0.00 (0.00,0.00,)",Doctoral/Doktora,Ph.D Thesis / Doktora Tez,https://student.metu.edu.tr/proxy/View_Program_Course_Details_64/main.php,2026-05-11T10:50:17+00:00,data\raw\sais\offerings\20252\EEE\20260511T105017Z\program.html
EEE,20252,2025-2026 Spring,567,Electrical and Electronics Engineering/Elektrik ve Elektronik Mühendisliği,5670610,EEE 610,610,INTEGRATED SENSORS AND SENSOR SYSTEM (ENTEGRE SENSÖRLER VE SENSÖR SİSTEMİ() ),8.0,"3.00 (3.00,0.00,)",Graduate/Yüksek Lisans+Doktora,Doctoral / Doktora,https://student.metu.edu.tr/proxy/View_Program_Course_Details_64/main.php,2026-05-11T10:50:17+00:00,data\raw\sais\offerings\20252\EEE\20260511T105017Z\program.html
EEE,20252,2025-2026 Spring,567,Electrical and Electronics Engineering/Elektrik ve Elektronik Mühendisliği,5670619,EEE 619,619,HIGH SPEED SEMICON. DEVICES AND CIRCUITS (YÜKSEK HIZLI SEMİCON. CİHAZLAR VE DEVRELER() ),8.0,"3.00 (3.00,0.00,)",Graduate/Yüksek Lisans+Doktora,Doctoral / Doktora,https://student.metu.edu.tr/proxy/View_Program_Course_Details_64/main.php,2026-05-11T10:50:17+00:00,data\raw\sais\offerings\20252\EEE\20260511T105017Z\program.html
EEE,20252,2025-2026 Spring,567,Electrical and Electronics Engineering/Elektrik ve Elektronik Mühendisliği,5670627,EEE 627,627,PRINCIPLES OF MODERN OPTICAL SYSTEM (MODERN OPTİK SİSTEMİN PRENSİPLERİ() ),8.0,"3.00 (3.00,0.00,)",Graduate/Yüksek Lisans+Doktora,Doctoral / Doktora,https://student.metu.edu.tr/proxy/View_Program_Course_Details_64/main.php,2026-05-11T10:50:17+00:00,data\raw\sais\offerings\20252\EEE\20260511T105017Z\program.html
EEE,20252,2025-2026 Spring,567,Electrical and Electronics Engineering/Elektrik ve Elektronik Mühendisliği,5670634,EEE 634,634,DIGITAL IMAGE PROCESSING (DİJİTAL GÖRÜNTÜ İŞLEME() ),8.0,"3.00 (3.00,0.00,)",Graduate/Yüksek Lisans+Doktora,Doctoral / Doktora,https://student.metu.edu.tr/proxy/View_Program_Course_Details_64/main.php,2026-05-11T10:50:17+00:00,data\raw\sais\offerings\20252\EEE\20260511T105017Z\program.html
EEE,20252,2025-2026 Spring,567,Electrical and Electronics Engineering/Elektrik ve Elektronik Mühendisliği,5670690,EEE 690,690,GRADUATE SEMINARS (LİSANSÜSTÜ SEMİNERLER() ),10.0,"0.00 (0.00,2.00,0.00)",Graduate/Yüksek Lisans+Doktora,Seminar / Seminer,https://student.metu.edu.tr/proxy/View_Program_Course_Details_64/main.php,2026-05-11T10:50:17+00:00,data\raw\sais\offerings\20252\EEE\20260511T105017Z\program.html
EEE,20252,2025-2026 Spring,567,Electrical and Electronics Engineering/Elektrik ve Elektronik Mühendisliği,5670746,EEE 746,746,RADAR SIGNAL PROCESSING TECHNIQUES (RADAR SİNYAL İŞLEME TEKNİKLERİ() ),8.0,"3.00 (3.00,0.00,0.00)",Graduate/Yüksek Lisans+Doktora,Master's / Yüksek Lisans,https://student.metu.edu.tr/proxy/View_Program_Course_Details_64/main.php,2026-05-11T10:50:17+00:00,data\raw\sais\offerings\20252\EEE\20260511T105017Z\program.html
EEE,20252,2025-2026 Spring,567,Electrical and Electronics Engineering/Elektrik ve Elektronik Mühendisliği,5675506,EEE 5506,5506,ADVANCED STATISTICAL SIGNAL PROCESSING (GELİŞMİŞ İSTATİSTİKSEL SİNYAL İŞLEME() ),8.0,"3.00 (3.00,0.00,0.00)",Graduate/Yüksek Lisans+Doktora,Master's / Yüksek Lisans,https://student.metu.edu.tr/proxy/View_Program_Course_Details_64/main.php,2026-05-11T10:50:17+00:00,data\raw\sais\offerings\20252\EEE\20260511T105017Z\program.html
IE,20252,2025-2026 Spring,568,Industrial Engineering/Endüstri Mühendisliği,5680102,IE 102,102,INDUSTRIAL ENGINEERING ORIENTATION (ENDÜSTRİ MÜHENDİSLİĞİNE GİRİŞ ),2.0,"2.00 (2.00,0.00,0.00)",Undergraduate/Lisans,Undergraduate / Lisans,https://student.metu.edu.tr/proxy/View_Program_Course_Details_64/main.php,2026-05-11T10:50:17+00:00,data\raw\sais\offerings\20252\IE\20260511T105017Z\program.html
IE,20252,2025-2026 Spring,568,Industrial Engineering/Endüstri Mühendisliği,5680206,IE 206,206,SCIENTIFIC COMPUTING FOR INDUSTRIAL ENGINEERING (ENDÜSTRİ MÜHENDİSLERİ İÇİN BİLİMSEL HESAPLAMA ),5.0,"3.00 (3.00,0.00,0.00)",Undergraduate/Lisans,Undergraduate / Lisans,https://student.metu.edu.tr/proxy/View_Program_Course_Details_64/main.php,2026-05-11T10:50:17+00:00,data\raw\sais\offerings\20252\IE\20260511T105017Z\program.html
IE,20252,2025-2026 Spring,568,Industrial Engineering/Endüstri Mühendisliği,5680252,IE 252,252,NETWORK FLOWS AND INTEGER PROGRAMMING (AĞ AKIŞLARI ve TAMSAYILI PROGRAMLAMA ),6.0,"3.00 (3.00,0.00,0.00)",Undergraduate/Lisans,Undergraduate / Lisans,https://student.metu.edu.tr/proxy/View_Program_Course_Details_64/main.php,2026-05-11T10:50:17+00:00,data\raw\sais\offerings\20252\IE\20260511T105017Z\program.html
IE,20252,2025-2026 Spring,568,Industrial Engineering/Endüstri Mühendisliği,5680266,IE 266,266,ENGINEERING STATISTICS (MÜHENDİSLİK İSTATİSLİĞİ ),5.0,"4.00 (4.00,0.00,0.00)",Undergraduate/Lisans,Undergraduate / Lisans,https://student.metu.edu.tr/proxy/View_Program_Course_Details_64/main.php,2026-05-11T10:50:17+00:00,data\raw\sais\offerings\20252\IE\20260511T105017Z\program.html
IE,20252,2025-2026 Spring,568,Industrial Engineering/Endüstri Mühendisliği,5680300,IE 300,300,SUMMER PRACTICE I (YAZ STAJI I ),5.0,"0.00 (0.00,0.00,0.00)",Undergraduate/Lisans,Undergraduate Practice / Lisans Staj,https://student.metu.edu.tr/proxy/View_Program_Course_Details_64/main.php,2026-05-11T10:50:17+00:00,data\raw\sais\offerings\20252\IE\20260511T105017Z\program.html
IE,20252,2025-2026 Spring,568,Industrial Engineering/Endüstri Mühendisliği,5680304,IE 304,304,PRODUCTION AND SERVICE INFORMATION SYSTEMS (ÜRETİM VE HİZMET BİLİŞİM SİSTEMLERİ ),5.0,"3.00 (3.00,0.00,0.00)",Undergraduate/Lisans,Undergraduate / Lisans,https://student.metu.edu.tr/proxy/View_Program_Course_Details_64/main.php,2026-05-11T10:50:17+00:00,data\raw\sais\offerings\20252\IE\20260511T105017Z\program.html
IE,20252,2025-2026 Spring,568,Industrial Engineering/Endüstri Mühendisliği,5680324,IE 324,324,PRODUCTION AND SERVICE OPERATIONS PLANNING II (ÜRETİM ve HİZMET OPERASYONLARI PLANLAMASI II ),5.0,"3.00 (3.00,0.00,0.00)",Undergraduate/Lisans,Undergraduate / Lisans,https://student.metu.edu.tr/proxy/View_Program_Course_Details_64/main.php,2026-05-11T10:50:17+00:00,data\raw\sais\offerings\20252\IE\20260511T105017Z\program.html
IE,20252,2025-2026 Spring,568,Industrial Engineering/Endüstri Mühendisliği,5680368,IE 368,368,QUALITY PLANNING AND CONTROL (KALİTE PLANLAMASI VE KONTROLÜ ),5.0,"3.00 (3.00,0.00,0.00)",Undergraduate/Lisans,Undergraduate / Lisans,https://student.metu.edu.tr/proxy/View_Program_Course_Details_64/main.php,2026-05-11T10:50:17+00:00,data\raw\sais\offerings\20252\IE\20260511T105017Z\program.html
IE,20252,2025-2026 Spring,568,Industrial Engineering/Endüstri Mühendisliği,5680372,IE 372,372,SIMULATION (SİMÜLASYON ),5.0,"3.00 (3.00,0.00,)",Undergraduate/Lisans,Undergraduate / Lisans,https://student.metu.edu.tr/proxy/View_Program_Course_Details_64/main.php,2026-05-11T10:50:17+00:00,data\raw\sais\offerings\20252\IE\20260511T105017Z\program.html
IE,20252,2025-2026 Spring,568,Industrial Engineering/Endüstri Mühendisliği,5680400,IE 400,400,SUMMER PRACTICE II (YAZ STAJI II ),5.0,"0.00 (0.00,0.00,0.00)",Undergraduate/Lisans,Undergraduate Practice / Lisans Staj,https://student.metu.edu.tr/proxy/View_Program_Course_Details_64/main.php,2026-05-11T10:50:17+00:00,data\raw\sais\offerings\20252\IE\20260511T105017Z\program.html
IE,20252,2025-2026 Spring,568,Industrial Engineering/Endüstri Mühendisliği,5680407,IE 407,407,FUNDAMENTALS OF OPERATIONAL RESEARCH (YÖNEYLEM ARAŞTIRMASININ TEMELLERİ ),5.0,"3.00 (3.00,0.00,)",Undergraduate/Lisans,Undergraduate / Lisans,https://student.metu.edu.tr/proxy/View_Program_Course_Details_64/main.php,2026-05-11T10:50:17+00:00,data\raw\sais\offerings\20252\IE\20260511T105017Z\program.html
IE,20252,2025-2026 Spring,568,Industrial Engineering/Endüstri Mühendisliği,5680418,IE 418,418,SUPPLY CHAIN MANAGEMENT (TEDARİK ZİNCİRİ YÖNETİMİ ),5.0,"3.00 (3.00,0.00,0.00)",Undergraduate/Lisans,Undergraduate / Lisans,https://student.metu.edu.tr/proxy/View_Program_Course_Details_64/main.php,2026-05-11T10:50:17+00:00,data\raw\sais\offerings\20252\IE\20260511T105017Z\program.html
IE,20252,2025-2026 Spring,568,Industrial Engineering/Endüstri Mühendisliği,5680420,IE 420,420,SERVICE SYSTEMS (HİZMET SİSTEMLERİ ),5.0,"3.00 (3.00,0.00,)",Undergraduate/Lisans,Undergraduate / Lisans,https://student.metu.edu.tr/proxy/View_Program_Course_Details_64/main.php,2026-05-11T10:50:17+00:00,data\raw\sais\offerings\20252\IE\20260511T105017Z\program.html
IE,20252,2025-2026 Spring,568,Industrial Engineering/Endüstri Mühendisliği,5680453,IE 453,453,TOPICS IN OPTIMIZATION (OPTİMİZASYONDA SEÇİLMİŞ KONULAR ),5.0,"3.00 (3.00,0.00,)",Undergraduate/Lisans,Undergraduate / Lisans,https://student.metu.edu.tr/proxy/View_Program_Course_Details_64/main.php,2026-05-11T10:50:17+00:00,data\raw\sais\offerings\20252\IE\20260511T105017Z\program.html
IE,20252,2025-2026 Spring,568,Industrial Engineering/Endüstri Mühendisliği,5680460,IE 460,460,INTRODUCTION TO DATA MINING (VERİ MADENCİLİĞİNE GİRİŞ ),5.0,"3.00 (3.00,0.00,0.00)",Undergraduate/Lisans,Undergraduate / Lisans,https://student.metu.edu.tr/proxy/View_Program_Course_Details_64/main.php,2026-05-11T10:50:17+00:00,data\raw\sais\offerings\20252\IE\20260511T105017Z\program.html
IE,20252,2025-2026 Spring,568,Industrial Engineering/Endüstri Mühendisliği,5680494,IE 494,494,SPECIAL TOPICS IN INDUSTRY ANALYSIS (ENDÜSTRİ ANALİZİNDE SEÇİLMİŞ KONULAR ),5.0,"3.00 (3.00,0.00,0.00)",Undergraduate/Lisans,Undergraduate / Lisans,https://student.metu.edu.tr/proxy/View_Program_Course_Details_64/main.php,2026-05-11T10:50:17+00:00,data\raw\sais\offerings\20252\IE\20260511T105017Z\program.html
IE,20252,2025-2026 Spring,568,Industrial Engineering/Endüstri Mühendisliği,5680496,IE 496,496,FINANCIAL ENGINEERING (FİNANS MÜHENDİSLİĞİ ),5.0,"3.00 (3.00,0.00,0.00)",Undergraduate/Lisans,Undergraduate / Lisans,https://student.metu.edu.tr/proxy/View_Program_Course_Details_64/main.php,2026-05-11T10:50:17+00:00,data\raw\sais\offerings\20252\IE\20260511T105017Z\program.html
IE,20252,2025-2026 Spring,568,Industrial Engineering/Endüstri Mühendisliği,5680498,IE 498,498,SYSTEMS DESIGN II (SİSTEM TASARIMI II ),7.0,"3.00 (1.00,4.00,0.00)",Undergraduate/Lisans,Undergraduate / Lisans,https://student.metu.edu.tr/proxy/View_Program_Course_Details_64/main.php,2026-05-11T10:50:17+00:00,data\raw\sais\offerings\20252\IE\20260511T105017Z\program.html
IE,20252,2025-2026 Spring,568,Industrial Engineering/Endüstri Mühendisliği,5680500,IE 500,500,M.S. THESIS (YÜKSEK LİSANS TEZİ ),50.0,"0.00 (0.00,0.00,)",Master`s/Yüksek Lisans,M.S. Thesis / Yüksek Lisans Tez,https://student.metu.edu.tr/proxy/View_Program_Course_Details_64/main.php,2026-05-11T10:50:17+00:00,data\raw\sais\offerings\20252\IE\20260511T105017Z\program.html
IE,20252,2025-2026 Spring,568,Industrial Engineering/Endüstri Mühendisliği,5680543,IE 543,543,INDUSTRIAL ECONOMICS (İŞLETME EKONOMİSİ ),8.0,"3.00 (3.00,0.00,)",Graduate/Yüksek Lisans+Doktora,Master's / Yüksek Lisans,https://student.metu.edu.tr/proxy/View_Program_Course_Details_64/main.php,2026-05-11T10:50:17+00:00,data\raw\sais\offerings\20252\IE\20260511T105017Z\program.html
IE,20252,2025-2026 Spring,568,Industrial Engineering/Endüstri Mühendisliği,5680555,IE 555,555,NONLINEAR OPTIMIZATION (DOĞRUSAL OLMAYAN OPTİMİZASYON ),8.0,"3.00 (3.00,0.00,)",Graduate/Yüksek Lisans+Doktora,Master's / Yüksek Lisans,https://student.metu.edu.tr/proxy/View_Program_Course_Details_64/main.php,2026-05-11T10:50:17+00:00,data\raw\sais\offerings\20252\IE\20260511T105017Z\program.html
IE,20252,2025-2026 Spring,568,Industrial Engineering/Endüstri Mühendisliği,5680558,IE 558,558,MULTIOBJECTIVE DECISION MAKING (ÇOK AMAÇLI KARAR VERME ),8.0,"3.00 (3.00,0.00,)",Graduate/Yüksek Lisans+Doktora,Master's / Yüksek Lisans,https://student.metu.edu.tr/proxy/View_Program_Course_Details_64/main.php,2026-05-11T10:50:17+00:00,data\raw\sais\offerings\20252\IE\20260511T105017Z\program.html
IE,20252,2025-2026 Spring,568,Industrial Engineering/Endüstri Mühendisliği,5680590,IE 590,590,GRADUATE SEMINAR (LİSANSÜSTÜ SEMİNER ),10.0,"0.00 (0.00,2.00,0.00)",Graduate/Yüksek Lisans+Doktora,Seminar / Seminer,https://student.metu.edu.tr/proxy/View_Program_Course_Details_64/main.php,2026-05-11T10:50:17+00:00,data\raw\sais\offerings\20252\IE\20260511T105017Z\program.html
IE,20252,2025-2026 Spring,568,Industrial Engineering/Endüstri Mühendisliği,5680600,IE 600,600,PH.D. THESIS (DOKTORA TEZİ ),130.0,"0.00 (0.00,0.00,)",Doctoral/Doktora,Ph.D Thesis / Doktora Tez,https://student.metu.edu.tr/proxy/View_Program_Course_Details_64/main.php,2026-05-11T10:50:17+00:00,data\raw\sais\offerings\20252\IE\20260511T105017Z\program.html
IE,20252,2025-2026 Spring,568,Industrial Engineering/Endüstri Mühendisliği,5680690,IE 690,690,RESEARCH TOPICS (SEÇİLMİŞ ARAŞTIRMA KONULARI ),8.0,"3.00 (3.00,0.00,)",Graduate/Yüksek Lisans+Doktora,Ethics / Etik,https://student.metu.edu.tr/proxy/View_Program_Course_Details_64/main.php,2026-05-11T10:50:17+00:00,data\raw\sais\offerings\20252\IE\20260511T105017Z\program.html
IE,20252,2025-2026 Spring,568,Industrial Engineering/Endüstri Mühendisliği,5680691,IE 691,691,SEMINAR FOR PH.D. STUDENTS (DOKTORA ÖĞRENCİLERİ İÇİN SEMİNER ),10.0,"0.00 (0.00,2.00,0.00)",Graduate/Yüksek Lisans+Doktora,Seminar / Seminer,https://student.metu.edu.tr/proxy/View_Program_Course_Details_64/main.php,2026-05-11T10:50:17+00:00,data\raw\sais\offerings\20252\IE\20260511T105017Z\program.html
IE,20252,2025-2026 Spring,568,Industrial Engineering/Endüstri Mühendisliği,5680746,IE 746,746,RESEARCH METHODS AND ETHICS IN INDUSTRIAL ENGINEERING (ENDÜSTRİ MÜHENDİSLİĞİNDE ARAŞTIRMA YÖNTEMLERİ VE ETİK ),10.0,"0.00 (0.00,0.00,0.00)",Graduate/Yüksek Lisans+Doktora,Ethics / Etik,https://student.metu.edu.tr/proxy/View_Program_Course_Details_64/main.php,2026-05-11T10:50:17+00:00,data\raw\sais\offerings\20252\IE\20260511T105017Z\program.html
FDE,20252,2025-2026 Spring,573,Food Engineering/Gıda Mühendisliği,5730100,FDE 100,100,FOOD MYTHS & FACTS (GIDA MİTLERİ VE GERÇEKLERİ ),5.0,"3.00 (3.00,0.00,0.00)",Undergraduate/Lisans,Undergraduate / Lisans,https://student.metu.edu.tr/proxy/View_Program_Course_Details_64/main.php,2026-05-11T10:50:17+00:00,data\raw\sais\offerings\20252\FDE\20260511T105017Z\program.html
FDE,20252,2025-2026 Spring,573,Food Engineering/Gıda Mühendisliği,5730201,FDE 201,201,MATERIAL AND ENERGY BALANCES (MADDE VE ENERJİ DENKLİKLERİ ),8.0,"4.00 (4.00,0.00,0.00)",Undergraduate/Lisans,Undergraduate / Lisans,https://student.metu.edu.tr/proxy/View_Program_Course_Details_64/main.php,2026-05-11T10:50:17+00:00,data\raw\sais\offerings\20252\FDE\20260511T105017Z\program.html
FDE,20252,2025-2026 Spring,573,Food Engineering/Gıda Mühendisliği,5730224,FDE 224,224,FOOD ENGINEERING OPERATIONS I (GIDA MÜHENDİSLİĞİ İŞLEMLERİ I ),8.0,"4.00 (4.00,0.00,0.00)",Undergraduate/Lisans,Undergraduate / Lisans,https://student.metu.edu.tr/proxy/View_Program_Course_Details_64/main.php,2026-05-11T10:50:17+00:00,data\raw\sais\offerings\20252\FDE\20260511T105017Z\program.html
FDE,20252,2025-2026 Spring,573,Food Engineering/Gıda Mühendisliği,5730300,FDE 300,300,SUMMER PRACTICE I (YAZ STAJI I ),5.0,"0.00 (0.00,0.00,0.00)",Undergraduate/Lisans,Undergraduate Practice / Lisans Staj,https://student.metu.edu.tr/proxy/View_Program_Course_Details_64/main.php,2026-05-11T10:50:17+00:00,data\raw\sais\offerings\20252\FDE\20260511T105017Z\program.html
FDE,20252,2025-2026 Spring,573,Food Engineering/Gıda Mühendisliği,5730310,FDE 310,310,FOOD MATERIALS LAB. (GIDA MALZEMELERİ LABORATUVARI ),1.0,"1.00 (0.00,2.00,0.00)",Undergraduate/Lisans,Labaratory / Laboratuvar,https://student.metu.edu.tr/proxy/View_Program_Course_Details_64/main.php,2026-05-11T10:50:17+00:00,data\raw\sais\offerings\20252\FDE\20260511T105017Z\program.html
FDE,20252,2025-2026 Spring,573,Food Engineering/Gıda Mühendisliği,5730312,FDE 312,312,FOOD PROCESSING (GIDA İŞLEMLERİ ),5.0,"3.00 (3.00,0.00,)",Undergraduate/Lisans,Elective / Seçmeli,https://student.metu.edu.tr/proxy/View_Program_Course_Details_64/main.php,2026-05-11T10:50:17+00:00,data\raw\sais\offerings\20252\FDE\20260511T105017Z\program.html
FDE,20252,2025-2026 Spring,573,Food Engineering/Gıda Mühendisliği,5730313,FDE 313,313,FOOD CHEMISTRY (GIDA KİMYASI ),7.0,"4.00 (4.00,0.00,0.00)",Undergraduate/Lisans,Undergraduate / Lisans,https://student.metu.edu.tr/proxy/View_Program_Course_Details_64/main.php,2026-05-11T10:50:17+00:00,data\raw\sais\offerings\20252\FDE\20260511T105017Z\program.html
FDE,20252,2025-2026 Spring,573,Food Engineering/Gıda Mühendisliği,5730314,FDE 314,314,PHYSICAL PROPERTIES OF FOOD MATERIALS (GIDALARIN FİZİKSEL ÖZELLİKLERİ ),5.0,"3.00 (3.00,0.00,0.00)",Undergraduate/Lisans,Undergraduate / Lisans,https://student.metu.edu.tr/proxy/View_Program_Course_Details_64/main.php,2026-05-11T10:50:17+00:00,data\raw\sais\offerings\20252\FDE\20260511T105017Z\program.html
FDE,20252,2025-2026 Spring,573,Food Engineering/Gıda Mühendisliği,5730316,FDE 316,316,NUMERICAL METHODS AND MODELING FOR FOOD ENGINEERING (GIDA MÜHENDİSLİĞİ İÇİN NÜMERİK METOTLAR VE MODELLEME ),5.0,"3.00 (3.00,0.00,0.00)",Undergraduate/Lisans,Undergraduate / Lisans,https://student.metu.edu.tr/proxy/View_Program_Course_Details_64/main.php,2026-05-11T10:50:17+00:00,data\raw\sais\offerings\20252\FDE\20260511T105017Z\program.html
FDE,20252,2025-2026 Spring,573,Food Engineering/Gıda Mühendisliği,5730320,FDE 320,320,APPLIED KINETICS (UYGULAMALI KİNETİK ),5.0,"3.00 (3.00,0.00,0.00)",Undergraduate/Lisans,Undergraduate / Lisans,https://student.metu.edu.tr/proxy/View_Program_Course_Details_64/main.php,2026-05-11T10:50:17+00:00,data\raw\sais\offerings\20252\FDE\20260511T105017Z\program.html
FDE,20252,2025-2026 Spring,573,Food Engineering/Gıda Mühendisliği,5730321,FDE 321,321,FOOD ENGINEERING OPERATIONS II (GIDA MÜHENDİSLİĞİ İŞLEMLERİ II ),8.0,"4.00 (4.00,0.00,0.00)",Undergraduate/Lisans,Undergraduate / Lisans,https://student.metu.edu.tr/proxy/View_Program_Course_Details_64/main.php,2026-05-11T10:50:17+00:00,data\raw\sais\offerings\20252\FDE\20260511T105017Z\program.html
FDE,20252,2025-2026 Spring,573,Food Engineering/Gıda Mühendisliği,5730324,FDE 324,324,FOOD ENGINEERING OPERATIONS III (GIDA MÜHENDİSLİĞİ İŞLEMLERİ III ),8.0,"4.00 (4.00,0.00,0.00)",Undergraduate/Lisans,Undergraduate / Lisans,https://student.metu.edu.tr/proxy/View_Program_Course_Details_64/main.php,2026-05-11T10:50:17+00:00,data\raw\sais\offerings\20252\FDE\20260511T105017Z\program.html
FDE,20252,2025-2026 Spring,573,Food Engineering/Gıda Mühendisliği,5730400,FDE 400,400,SUMMER PRACTICE II (YAZ STAJI II ),5.0,"0.00 (0.00,0.00,0.00)",Undergraduate/Lisans,Undergraduate Practice / Lisans Staj,https://student.metu.edu.tr/proxy/View_Program_Course_Details_64/main.php,2026-05-11T10:50:17+00:00,data\raw\sais\offerings\20252\FDE\20260511T105017Z\program.html
FDE,20252,2025-2026 Spring,573,Food Engineering/Gıda Mühendisliği,5730413,FDE 413,413,FOOD TECHNOLOGY (GIDA TEKNOLOJİSİ ),5.0,"3.00 (3.00,0.00,)",Undergraduate/Lisans,Undergraduate / Lisans,https://student.metu.edu.tr/proxy/View_Program_Course_Details_64/main.php,2026-05-11T10:50:17+00:00,data\raw\sais\offerings\20252\FDE\20260511T105017Z\program.html
FDE,20252,2025-2026 Spring,573,Food Engineering/Gıda Mühendisliği,5730416,FDE 416,416,FOOD ENG.OPERATIONS LAB. (GIDA MÜHENDİSLİĞİ İŞLEMLERİ LABORATUVARI ),8.0,"3.00 (1.00,4.00,0.00)",Undergraduate/Lisans,Labaratory / Laboratuvar,https://student.metu.edu.tr/proxy/View_Program_Course_Details_64/main.php,2026-05-11T10:50:17+00:00,data\raw\sais\offerings\20252\FDE\20260511T105017Z\program.html
FDE,20252,2025-2026 Spring,573,Food Engineering/Gıda Mühendisliği,5730426,FDE 426,426,FOOD PRODUCT AND PLANT DESIGN (GIDA ÜRÜN VE FABRİKA TASARIMI ),7.0,"3.00 (1.00,4.00,0.00)",Undergraduate/Lisans,Undergraduate / Lisans,https://student.metu.edu.tr/proxy/View_Program_Course_Details_64/main.php,2026-05-11T10:50:17+00:00,data\raw\sais\offerings\20252\FDE\20260511T105017Z\program.html
FDE,20252,2025-2026 Spring,573,Food Engineering/Gıda Mühendisliği,5730428,FDE 428,428,FOOD & HEALTH (GIDA VE SAĞLIK ),5.0,"3.00 (3.00,0.00,0.00)",Undergraduate/Lisans,Undergraduate / Lisans,https://student.metu.edu.tr/proxy/View_Program_Course_Details_64/main.php,2026-05-11T10:50:17+00:00,data\raw\sais\offerings\20252\FDE\20260511T105017Z\program.html
FDE,20252,2025-2026 Spring,573,Food Engineering/Gıda Mühendisliği,5730431,FDE 431,431,FOOD QUALITY CONTROL (GIDA KALİTE KONTROLÜ ),5.0,"3.00 (3.00,0.00,)",Undergraduate/Lisans,Elective / Seçmeli,https://student.metu.edu.tr/proxy/View_Program_Course_Details_64/main.php,2026-05-11T10:50:17+00:00,data\raw\sais\offerings\20252\FDE\20260511T105017Z\program.html
FDE,20252,2025-2026 Spring,573,Food Engineering/Gıda Mühendisliği,5730489,FDE 489,489,SPECIAL TOPICS IN FOOD ENGINEERING: INTELLECTUAL PROPERTY AND ENTERPRENEURSHIP IN FOOD ENGINEERING (GIDA MÜHENDİSLİĞİNDE ÖZEL KONULAR: GIDA MÜHENDİSLİĞİNDE FİKRİ MÜLKİYET VE GİRİŞİMCİLİK ),5.0,"3.00 (3.00,0.00,0.00)",Undergraduate/Lisans,Undergraduate / Lisans,https://student.metu.edu.tr/proxy/View_Program_Course_Details_64/main.php,2026-05-11T10:50:17+00:00,data\raw\sais\offerings\20252\FDE\20260511T105017Z\program.html
FDE,20252,2025-2026 Spring,573,Food Engineering/Gıda Mühendisliği,5730490,FDE 490,490,FOOD ENGINEERING RESEARCH (GIDA MÜHENDİSLİĞİ ARAŞTIRMALARI ),5.0,"3.00 (1.00,4.00,0.00)",Undergraduate/Lisans,Term Project / Dönem Projesi,https://student.metu.edu.tr/proxy/View_Program_Course_Details_64/main.php,2026-05-11T10:50:17+00:00,data\raw\sais\offerings\20252\FDE\20260511T105017Z\program.html
FDE,20252,2025-2026 Spring,573,Food Engineering/Gıda Mühendisliği,5730492,FDE 492,492,SPECIAL TOPICS IN FOOD ENGINEERING: FUTURE PROTEINS: INNOVATIONS FOR SUSTAINABLE DIETS (GIDA MÜHENDİSLİĞİNDE ÖZEL KONULAR: GELECEĞİN PROTEİNLERİ: SÜRDÜRÜLEBİLİR DİYETLER İÇİN YENİLİKLER ),5.0,"3.00 (3.00,0.00,0.00)",Undergraduate/Lisans,Undergraduate / Lisans,https://student.metu.edu.tr/proxy/View_Program_Course_Details_64/main.php,2026-05-11T10:50:17+00:00,data\raw\sais\offerings\20252\FDE\20260511T105017Z\program.html
FDE,20252,2025-2026 Spring,573,Food Engineering/Gıda Mühendisliği,5730500,FDE 500,500,M.S. THESIS (YÜKSEK LİSANS TEZİ ),50.0,"0.00 (0.00,0.00,)",Master`s/Yüksek Lisans,M.S. Thesis / Yüksek Lisans Tez,https://student.metu.edu.tr/proxy/View_Program_Course_Details_64/main.php,2026-05-11T10:50:17+00:00,data\raw\sais\offerings\20252\FDE\20260511T105017Z\program.html
FDE,20252,2025-2026 Spring,573,Food Engineering/Gıda Mühendisliği,5730510,FDE 510,510,TOTAL QUALITY MAN.FOR THE FOOD IND. (GIDA ENDÜSTRİSİNDE TOPLAM KALİTE YÖNETİMİ ),8.0,"3.00 (3.00,0.00,0.00)",Graduate/Yüksek Lisans+Doktora,Master's / Yüksek Lisans,https://student.metu.edu.tr/proxy/View_Program_Course_Details_64/main.php,2026-05-11T10:50:17+00:00,data\raw\sais\offerings\20252\FDE\20260511T105017Z\program.html
FDE,20252,2025-2026 Spring,573,Food Engineering/Gıda Mühendisliği,5730515,FDE 515,515,ENZYME ENGINEERING (ENZİM MÜHENDİSLİĞİ ),8.0,"3.00 (3.00,0.00,)",Graduate/Yüksek Lisans+Doktora,Master's / Yüksek Lisans,https://student.metu.edu.tr/proxy/View_Program_Course_Details_64/main.php,2026-05-11T10:50:17+00:00,data\raw\sais\offerings\20252\FDE\20260511T105017Z\program.html
FDE,20252,2025-2026 Spring,573,Food Engineering/Gıda Mühendisliği,5730561,FDE 561,561,FOOD ENGINEERING ANALYSIS (GIDA MÜHENDİSLİĞİNDE MATEMATİKSEL ANALİZ ),8.0,"3.00 (3.00,0.00,)",Graduate/Yüksek Lisans+Doktora,Master's / Yüksek Lisans,https://student.metu.edu.tr/proxy/View_Program_Course_Details_64/main.php,2026-05-11T10:50:17+00:00,data\raw\sais\offerings\20252\FDE\20260511T105017Z\program.html
FDE,20252,2025-2026 Spring,573,Food Engineering/Gıda Mühendisliği,5730570,FDE 570,570,RESEARCH METHODS & ETHICS IN FOOD ENGINEERING (GIDA MÜHENDİSLİĞİNDE ARAŞTIRMA YÖNTEMLERİ VE ETİK ),7.0,"0.00 (0.00,0.00,0.00)",Graduate/Yüksek Lisans+Doktora,Ethics / Etik,https://student.metu.edu.tr/proxy/View_Program_Course_Details_64/main.php,2026-05-11T10:50:17+00:00,data\raw\sais\offerings\20252\FDE\20260511T105017Z\program.html
FDE,20252,2025-2026 Spring,573,Food Engineering/Gıda Mühendisliği,5730591,FDE 591,591,SEMINAR I (SEMİNER I ),10.0,"0.00 (0.00,0.00,0.00)",Graduate/Yüksek Lisans+Doktora,Seminar / Seminer,https://student.metu.edu.tr/proxy/View_Program_Course_Details_64/main.php,2026-05-11T10:50:17+00:00,data\raw\sais\offerings\20252\FDE\20260511T105017Z\program.html
FDE,20252,2025-2026 Spring,573,Food Engineering/Gıda Mühendisliği,5730600,FDE 600,600,PH.D THESIS (DOKTORA TEZİ ),130.0,"0.00 (0.00,0.00,)",Doctoral/Doktora,Ph.D Thesis / Doktora Tez,https://student.metu.edu.tr/proxy/View_Program_Course_Details_64/main.php,2026-05-11T10:50:17+00:00,data\raw\sais\offerings\20252\FDE\20260511T105017Z\program.html
FDE,20252,2025-2026 Spring,573,Food Engineering/Gıda Mühendisliği,5730691,FDE 691,691,SEMINAR FOR PH.D. STUDENTS (DOKTORA TEZ SEMINERİ ),10.0,"0.00 (0.00,2.00,0.00)",Graduate/Yüksek Lisans+Doktora,Seminar / Seminer,https://student.metu.edu.tr/proxy/View_Program_Course_Details_64/main.php,2026-05-11T10:50:17+00:00,data\raw\sais\offerings\20252\FDE\20260511T105017Z\program.html
FDE,20252,2025-2026 Spring,573,Food Engineering/Gıda Mühendisliği,5730713,FDE 713,713,SPECIAL TOPICS IN FOOD ENGINEERING: STATISTICS IN FOOD SCIENCE (GIDA MÜHENDİSLİĞİNDE ÖZEL KONULAR: GIDA BİLİMİ VE MÜHENDİSLİĞİNDE İSTATİSTİK ),8.0,"3.00 (3.00,0.00,0.00)",Graduate/Yüksek Lisans+Doktora,Master's / Yüksek Lisans,https://student.metu.edu.tr/proxy/View_Program_Course_Details_64/main.php,2026-05-11T10:50:17+00:00,data\raw\sais\offerings\20252\FDE\20260511T105017Z\program.html
AE,20252,2025-2026 Spring,572,Aerospace Engineering/Havacılık ve Uzay Mühendisliği,5720172,AE 172,172,INTRODUCTION TO AIRCRAFT PERFORMANCE (HAVA ARAÇLARI PERFORMANSINA GİRİŞ ),4.0,"3.00 (3.00,0.00,0.00)",Undergraduate/Lisans,Undergraduate / Lisans,https://student.metu.edu.tr/proxy/View_Program_Course_Details_64/main.php,2026-05-11T10:50:17+00:00,data\raw\sais\offerings\20252\AE\20260511T105017Z\program.html
AE,20252,2025-2026 Spring,572,Aerospace Engineering/Havacılık ve Uzay Mühendisliği,5720200,AE 200,200,SUMMER PRACTICE I (YAZ STAJI I ),2.0,"0.00 (0.00,0.00,)",Undergraduate/Lisans,Undergraduate Practice / Lisans Staj,https://student.metu.edu.tr/proxy/View_Program_Course_Details_64/main.php,2026-05-11T10:50:17+00:00,data\raw\sais\offerings\20252\AE\20260511T105017Z\program.html
AE,20252,2025-2026 Spring,572,Aerospace Engineering/Havacılık ve Uzay Mühendisliği,5720244,AE 244,244,FLUID MECHANICS (AKIŞKANLAR MEKANİĞİ ),6.0,"4.00 (4.00,0.00,0.00)",Undergraduate/Lisans,Undergraduate / Lisans,https://student.metu.edu.tr/proxy/View_Program_Course_Details_64/main.php,2026-05-11T10:50:17+00:00,data\raw\sais\offerings\20252\AE\20260511T105017Z\program.html
AE,20252,2025-2026 Spring,572,Aerospace Engineering/Havacılık ve Uzay Mühendisliği,5720261,AE 261,261,STATICS (STATİK ),4.5,"3.00 (3.00,0.00,0.00)",Undergraduate/Lisans,Undergraduate / Lisans,https://student.metu.edu.tr/proxy/View_Program_Course_Details_64/main.php,2026-05-11T10:50:17+00:00,data\raw\sais\offerings\20252\AE\20260511T105017Z\program.html
AE,20252,2025-2026 Spring,572,Aerospace Engineering/Havacılık ve Uzay Mühendisliği,5720262,AE 262,262,DYNAMICS (DİNAMİK ),4.5,"3.00 (3.00,0.00,0.00)",Undergraduate/Lisans,Undergraduate / Lisans,https://student.metu.edu.tr/proxy/View_Program_Course_Details_64/main.php,2026-05-11T10:50:17+00:00,data\raw\sais\offerings\20252\AE\20260511T105017Z\program.html
AE,20252,2025-2026 Spring,572,Aerospace Engineering/Havacılık ve Uzay Mühendisliği,5720264,AE 264,264,MECHANICS OF MATERIALS (MALZEME MEKANİĞİ ),5.5,"4.00 (4.00,0.00,0.00)",Undergraduate/Lisans,Undergraduate / Lisans,https://student.metu.edu.tr/proxy/View_Program_Course_Details_64/main.php,2026-05-11T10:50:17+00:00,data\raw\sais\offerings\20252\AE\20260511T105017Z\program.html
AE,20252,2025-2026 Spring,572,Aerospace Engineering/Havacılık ve Uzay Mühendisliği,5720300,AE 300,300,SUMMER PRACTICE II (YAZ STAJI II ),5.0,"0.00 (0.00,0.00,0.00)",Undergraduate/Lisans,Undergraduate Practice / Lisans Staj,https://student.metu.edu.tr/proxy/View_Program_Course_Details_64/main.php,2026-05-11T10:50:17+00:00,data\raw\sais\offerings\20252\AE\20260511T105017Z\program.html
AE,20252,2025-2026 Spring,572,Aerospace Engineering/Havacılık ve Uzay Mühendisliği,5720305,AE 305,305,NUMERICAL METHODS (SAYISAL YÖNTEMLER ),5.0,"3.00 (3.00,0.00,0.00)",Undergraduate/Lisans,Undergraduate / Lisans,https://student.metu.edu.tr/proxy/View_Program_Course_Details_64/main.php,2026-05-11T10:50:17+00:00,data\raw\sais\offerings\20252\AE\20260511T105017Z\program.html
AE,20252,2025-2026 Spring,572,Aerospace Engineering/Havacılık ve Uzay Mühendisliği,5720334,AE 334,334,PROPULSION SYSTEMS I (İTKİ SİSTEMLERİ I ),6.0,"4.00 (3.00,2.00,)",Undergraduate/Lisans,Undergraduate / Lisans,https://student.metu.edu.tr/proxy/View_Program_Course_Details_64/main.php,2026-05-11T10:50:17+00:00,data\raw\sais\offerings\20252\AE\20260511T105017Z\program.html
AE,20252,2025-2026 Spring,572,Aerospace Engineering/Havacılık ve Uzay Mühendisliği,5720342,AE 342,342,AERODYNAMICS II (AERODİNAMİK II ),6.0,"4.00 (3.00,2.00,0.00)",Undergraduate/Lisans,Undergraduate / Lisans,https://student.metu.edu.tr/proxy/View_Program_Course_Details_64/main.php,2026-05-11T10:50:17+00:00,data\raw\sais\offerings\20252\AE\20260511T105017Z\program.html
AE,20252,2025-2026 Spring,572,Aerospace Engineering/Havacılık ve Uzay Mühendisliği,5720362,AE 362,362,AEROSPACE STRUCTURES (HAVACILIK VE UZAY YAPILARI ),5.5,"4.00 (4.00,0.00,0.00)",Undergraduate/Lisans,Undergraduate / Lisans,https://student.metu.edu.tr/proxy/View_Program_Course_Details_64/main.php,2026-05-11T10:50:17+00:00,data\raw\sais\offerings\20252\AE\20260511T105017Z\program.html
AE,20252,2025-2026 Spring,572,Aerospace Engineering/Havacılık ve Uzay Mühendisliği,5720372,AE 372,372,FLIGHT MECHANICS (UÇUŞ MEKANİĞİ ),4.5,"3.00 (3.00,0.00,0.00)",Undergraduate/Lisans,Undergraduate / Lisans,https://student.metu.edu.tr/proxy/View_Program_Course_Details_64/main.php,2026-05-11T10:50:17+00:00,data\raw\sais\offerings\20252\AE\20260511T105017Z\program.html
AE,20252,2025-2026 Spring,572,Aerospace Engineering/Havacılık ve Uzay Mühendisliği,5720383,AE 383,383,SYSTEMS DYNAMICS (SİSTEM DİNAMİĞİ ),5.0,"3.00 (3.00,0.00,)",Undergraduate/Lisans,Undergraduate / Lisans,https://student.metu.edu.tr/proxy/View_Program_Course_Details_64/main.php,2026-05-11T10:50:17+00:00,data\raw\sais\offerings\20252\AE\20260511T105017Z\program.html
AE,20252,2025-2026 Spring,572,Aerospace Engineering/Havacılık ve Uzay Mühendisliği,5720384,AE 384,384,AUTOMATIC CONTROL SYSTEMS I (OTOMATİK KONTROL SİSTEMLERİ I ),5.0,"3.00 (3.00,0.00,)",Undergraduate/Lisans,Undergraduate / Lisans,https://student.metu.edu.tr/proxy/View_Program_Course_Details_64/main.php,2026-05-11T10:50:17+00:00,data\raw\sais\offerings\20252\AE\20260511T105017Z\program.html
AE,20252,2025-2026 Spring,572,Aerospace Engineering/Havacılık ve Uzay Mühendisliği,5720400,AE 400,400,SUMMER PRACTICE III (YAZ STAJI III ),5.0,"0.00 (0.00,0.00,0.00)",Undergraduate/Lisans,Undergraduate Practice / Lisans Staj,https://student.metu.edu.tr/proxy/View_Program_Course_Details_64/main.php,2026-05-11T10:50:17+00:00,data\raw\sais\offerings\20252\AE\20260511T105017Z\program.html
AE,20252,2025-2026 Spring,572,Aerospace Engineering/Havacılık ve Uzay Mühendisliği,5720404,AE 404,404,AEROSPACE ENGINEERING PROJECT (HAVACILIK VE UZAY MÜHENDİSLİĞİ PROJESİ ),5.0,"3.00 (1.00,4.00,0.00)",Undergraduate/Lisans,Undergraduate / Lisans,https://student.metu.edu.tr/proxy/View_Program_Course_Details_64/main.php,2026-05-11T10:50:17+00:00,data\raw\sais\offerings\20252\AE\20260511T105017Z\program.html
AE,20252,2025-2026 Spring,572,Aerospace Engineering/Havacılık ve Uzay Mühendisliği,5720438,AE 438,438,AIRCRAFT ENGINE DESIGN (HAVA ARACI MOTOR TASARIMI ),12.0,"3.00 (2.00,2.00,0.00)",Undergraduate/Lisans,Undergraduate / Lisans,https://student.metu.edu.tr/proxy/View_Program_Course_Details_64/main.php,2026-05-11T10:50:17+00:00,data\raw\sais\offerings\20252\AE\20260511T105017Z\program.html
AE,20252,2025-2026 Spring,572,Aerospace Engineering/Havacılık ve Uzay Mühendisliği,5720442,AE 442,442,INTRODUCTION TO ROCKET TECHNOLOGY (ROKET TEKNOLOJİSİNE GİRİŞ ),5.0,"3.00 (3.00,0.00,)",Undergraduate/Lisans,Undergraduate / Lisans,https://student.metu.edu.tr/proxy/View_Program_Course_Details_64/main.php,2026-05-11T10:50:17+00:00,data\raw\sais\offerings\20252\AE\20260511T105017Z\program.html
AE,20252,2025-2026 Spring,572,Aerospace Engineering/Havacılık ve Uzay Mühendisliği,5720443,AE 443,443,COMPUTATIONAL AERODYNAMICS (HESAPLAMALI AERODİNAMİK ),5.0,"3.00 (3.00,0.00,0.00)",Undergraduate/Lisans,Undergraduate / Lisans,https://student.metu.edu.tr/proxy/View_Program_Course_Details_64/main.php,2026-05-11T10:50:17+00:00,data\raw\sais\offerings\20252\AE\20260511T105017Z\program.html
AE,20252,2025-2026 Spring,572,Aerospace Engineering/Havacılık ve Uzay Mühendisliği,5720445,AE 445,445,HYPERSONIC FLOW (HİPERSONİK AKIŞ ),5.0,"3.00 (3.00,0.00,0.00)",Undergraduate/Lisans,Undergraduate / Lisans,https://student.metu.edu.tr/proxy/View_Program_Course_Details_64/main.php,2026-05-11T10:50:17+00:00,data\raw\sais\offerings\20252\AE\20260511T105017Z\program.html
AE,20252,2025-2026 Spring,572,Aerospace Engineering/Havacılık ve Uzay Mühendisliği,5720446,AE 446,446,INTR. TO HELICOPTER AERODYN. & HEL. DES. (HELİKOPTER AERODİNAMİĞİ VE HELİKOPTER TASARIMINA GİRİŞ ),12.0,"3.00 (2.00,2.00,)",Undergraduate/Lisans,Undergraduate / Lisans,https://student.metu.edu.tr/proxy/View_Program_Course_Details_64/main.php,2026-05-11T10:50:17+00:00,data\raw\sais\offerings\20252\AE\20260511T105017Z\program.html
AE,20252,2025-2026 Spring,572,Aerospace Engineering/Havacılık ve Uzay Mühendisliği,5720452,AE 452,452,AERONAUTICAL ENG.DESIGN (HAVA ARAÇLARI TASARIMI ),12.0,"3.00 (2.00,2.00,)",Undergraduate/Lisans,Undergraduate / Lisans,https://student.metu.edu.tr/proxy/View_Program_Course_Details_64/main.php,2026-05-11T10:50:17+00:00,data\raw\sais\offerings\20252\AE\20260511T105017Z\program.html
AE,20252,2025-2026 Spring,572,Aerospace Engineering/Havacılık ve Uzay Mühendisliği,5720462,AE 462,462,DESIGN OF AEROSPACE STRUCTURES (HAVACILIK VE UZAY YAPILARI TASARIMI ),12.0,"3.00 (2.00,2.00,0.00)",Undergraduate/Lisans,Undergraduate / Lisans,https://student.metu.edu.tr/proxy/View_Program_Course_Details_64/main.php,2026-05-11T10:50:17+00:00,data\raw\sais\offerings\20252\AE\20260511T105017Z\program.html
AE,20252,2025-2026 Spring,572,Aerospace Engineering/Havacılık ve Uzay Mühendisliği,5720464,AE 464,464,APPLICATION OF FINITE ELEMENT ANALYSIS IN AEROSPACE STRUCTURES (SONLU ELEMANLAR ANALİZİNİN HAVACILIK VE UZAY YAPILARINA UYGULANMASI ),6.0,"3.00 (2.00,2.00,0.00)",Undergraduate/Lisans,Undergraduate / Lisans,https://student.metu.edu.tr/proxy/View_Program_Course_Details_64/main.php,2026-05-11T10:50:17+00:00,data\raw\sais\offerings\20252\AE\20260511T105017Z\program.html
AE,20252,2025-2026 Spring,572,Aerospace Engineering/Havacılık ve Uzay Mühendisliği,5720466,AE 466,466,SPECIAL TOPICS IN AEROSPACE ENGINEERING: SPACECRAFT STRUCTURES (HAVACILIK VE UZAY MÜHENDİSLİĞİ ÖZEL KONULAR: UZAY ARACI YAPILARI ),5.0,"3.00 (3.00,0.00,0.00)",Undergraduate/Lisans,Undergraduate / Lisans,https://student.metu.edu.tr/proxy/View_Program_Course_Details_64/main.php,2026-05-11T10:50:17+00:00,data\raw\sais\offerings\20252\AE\20260511T105017Z\program.html
AE,20252,2025-2026 Spring,572,Aerospace Engineering/Havacılık ve Uzay Mühendisliği,5720484,AE 484,484,INERTIAL NAVIGATION SYSTEMS (ATALETLİ SEYRÜSEFER SİSTEMLERİ ),5.0,"3.00 (3.00,0.00,)",Undergraduate/Lisans,Undergraduate / Lisans,https://student.metu.edu.tr/proxy/View_Program_Course_Details_64/main.php,2026-05-11T10:50:17+00:00,data\raw\sais\offerings\20252\AE\20260511T105017Z\program.html
AE,20252,2025-2026 Spring,572,Aerospace Engineering/Havacılık ve Uzay Mühendisliği,5720495,AE 495,495,SPECIAL TOPICS IN AERONAUTICAL ENGINEERING: WIND ENERGY AND TURBINE TECHNOLOGY (HAVACILIK MÜHENDİSLİĞİNDE ÖZEL KONULAR : RÜZGAR ENERJİSİ VE TÜRBİN TEKNOLOJİSİ ),5.0,"3.00 (3.00,0.00,0.00)",Undergraduate/Lisans,Undergraduate / Lisans,https://student.metu.edu.tr/proxy/View_Program_Course_Details_64/main.php,2026-05-11T10:50:17+00:00,data\raw\sais\offerings\20252\AE\20260511T105017Z\program.html
AE,20252,2025-2026 Spring,572,Aerospace Engineering/Havacılık ve Uzay Mühendisliği,5720500,AE 500,500,M.S. THESIS (YÜKSEK LİSANS TEZİ ),50.0,"0.00 (0.00,0.00,)",Master`s/Yüksek Lisans,M.S. Thesis / Yüksek Lisans Tez,https://student.metu.edu.tr/proxy/View_Program_Course_Details_64/main.php,2026-05-11T10:50:17+00:00,data\raw\sais\offerings\20252\AE\20260511T105017Z\program.html
AE,20252,2025-2026 Spring,572,Aerospace Engineering/Havacılık ve Uzay Mühendisliği,5720502,AE 502,502,ADVANCED MATHEMATICS FOR ENGINEERS II (MÜHENDİSLER İÇİN İLERİ MATEMATİK II ),8.0,"3.00 (3.00,0.00,)",Graduate/Yüksek Lisans+Doktora,Master's / Yüksek Lisans,https://student.metu.edu.tr/proxy/View_Program_Course_Details_64/main.php,2026-05-11T10:50:17+00:00,data\raw\sais\offerings\20252\AE\20260511T105017Z\program.html
AE,20252,2025-2026 Spring,572,Aerospace Engineering/Havacılık ve Uzay Mühendisliği,5720544,AE 544,544,ADVANCED AIRFOIL AND PROPELLER THEORY (İLERİ KANAT PROFİLİ VE PERVANE TEORİSİ ),8.0,"3.00 (3.00,0.00,)",Graduate/Yüksek Lisans+Doktora,Master's / Yüksek Lisans,https://student.metu.edu.tr/proxy/View_Program_Course_Details_64/main.php,2026-05-11T10:50:17+00:00,data\raw\sais\offerings\20252\AE\20260511T105017Z\program.html
AE,20252,2025-2026 Spring,572,Aerospace Engineering/Havacılık ve Uzay Mühendisliği,5720547,AE 547,547,EXPERIMENTAL AERODYNAMICS (DENEYSEL AERODİNAMİK ),8.0,"3.00 (2.00,2.00,)",Graduate/Yüksek Lisans+Doktora,Master's / Yüksek Lisans,https://student.metu.edu.tr/proxy/View_Program_Course_Details_64/main.php,2026-05-11T10:50:17+00:00,data\raw\sais\offerings\20252\AE\20260511T105017Z\program.html
AE,20252,2025-2026 Spring,572,Aerospace Engineering/Havacılık ve Uzay Mühendisliği,5720549,AE 549,549,LIN. STA. THE.AND LAM.TUR.BOUN.LAY.TRAN (DOĞRUSAL KARARLILIK TEORİSİ VE LAMİNER-TÜRBÜLANSLI SINIR TABAKALARI GEÇİŞİ ),8.0,"3.00 (3.00,0.00,0.00)",Graduate/Yüksek Lisans+Doktora,Master's / Yüksek Lisans,https://student.metu.edu.tr/proxy/View_Program_Course_Details_64/main.php,2026-05-11T10:50:17+00:00,data\raw\sais\offerings\20252\AE\20260511T105017Z\program.html
AE,20252,2025-2026 Spring,572,Aerospace Engineering/Havacılık ve Uzay Mühendisliği,5720551,AE 551,551,INTRODUCTION TO SPACE SCIENCES (UZAY BİLİMLERİNE GİRİŞ ),8.0,"3.00 (3.00,0.00,)",Graduate/Yüksek Lisans+Doktora,Master's / Yüksek Lisans,https://student.metu.edu.tr/proxy/View_Program_Course_Details_64/main.php,2026-05-11T10:50:17+00:00,data\raw\sais\offerings\20252\AE\20260511T105017Z\program.html
AE,20252,2025-2026 Spring,572,Aerospace Engineering/Havacılık ve Uzay Mühendisliği,5720590,AE 590,590,GRADUATE SEMINAR (LİSANSÜSTÜ SEMİNERLERİ ),10.0,"0.00 (0.00,0.00,0.00)",Graduate/Yüksek Lisans+Doktora,Seminar / Seminer,https://student.metu.edu.tr/proxy/View_Program_Course_Details_64/main.php,2026-05-11T10:50:17+00:00,data\raw\sais\offerings\20252\AE\20260511T105017Z\program.html
AE,20252,2025-2026 Spring,572,Aerospace Engineering/Havacılık ve Uzay Mühendisliği,5720600,AE 600,600,PH.D. THESIS (DOKTORA TEZİ ),130.0,"0.00 (0.00,0.00,)",Doctoral/Doktora,Ph.D Thesis / Doktora Tez,https://student.metu.edu.tr/proxy/View_Program_Course_Details_64/main.php,2026-05-11T10:50:17+00:00,data\raw\sais\offerings\20252\AE\20260511T105017Z\program.html
AE,20252,2025-2026 Spring,572,Aerospace Engineering/Havacılık ve Uzay Mühendisliği,5720690,AE 690,690,PHD SEMINAR (DOKTORA SEMİNERLERİ ),10.0,"0.00 (0.00,2.00,0.00)",Graduate/Yüksek Lisans+Doktora,Seminar / Seminer,https://student.metu.edu.tr/proxy/View_Program_Course_Details_64/main.php,2026-05-11T10:50:17+00:00,data\raw\sais\offerings\20252\AE\20260511T105017Z\program.html
AE,20252,2025-2026 Spring,572,Aerospace Engineering/Havacılık ve Uzay Mühendisliği,5720718,AE 718,718,FATIGUE AND FRACTURE OF AEROSPACE STRUCTURES (HAVACILIK VE UZAY YAPILARINDA YORULMA VE KIRILMA ),8.0,"3.00 (3.00,0.00,0.00)",Graduate/Yüksek Lisans+Doktora,Master's / Yüksek Lisans,https://student.metu.edu.tr/proxy/View_Program_Course_Details_64/main.php,2026-05-11T10:50:17+00:00,data\raw\sais\offerings\20252\AE\20260511T105017Z\program.html
AE,20252,2025-2026 Spring,572,Aerospace Engineering/Havacılık ve Uzay Mühendisliği,5720725,AE 725,725,MICROMECHANICS OF METALLIC MATERIALS (METAL MALZEMELERİN MİKROMEKANİĞİ ),8.0,"3.00 (3.00,0.00,0.00)",Graduate/Yüksek Lisans+Doktora,Master's / Yüksek Lisans,https://student.metu.edu.tr/proxy/View_Program_Course_Details_64/main.php,2026-05-11T10:50:17+00:00,data\raw\sais\offerings\20252\AE\20260511T105017Z\program.html
AE,20252,2025-2026 Spring,572,Aerospace Engineering/Havacılık ve Uzay Mühendisliği,5720729,AE 729,729,ETHICAL BEHAVIOUR IN ENGINEERING (MÜHENDİSLİKTE ETİK DAVRANIŞ ),10.0,"0.00 (0.00,0.00,0.00)",Graduate/Yüksek Lisans+Doktora,Ethics / Etik,https://student.metu.edu.tr/proxy/View_Program_Course_Details_64/main.php,2026-05-11T10:50:17+00:00,data\raw\sais\offerings\20252\AE\20260511T105017Z\program.html
AE,20252,2025-2026 Spring,572,Aerospace Engineering/Havacılık ve Uzay Mühendisliği,5720734,AE 734,734,ADVANCED HEAT AND MASS TRANSFER (İLERİ ISI VE KÜTLE TRANSFERİ ),8.0,"3.00 (3.00,0.00,0.00)",Graduate/Yüksek Lisans+Doktora,Master's / Yüksek Lisans,https://student.metu.edu.tr/proxy/View_Program_Course_Details_64/main.php,2026-05-11T10:50:17+00:00,data\raw\sais\offerings\20252\AE\20260511T105017Z\program.html
AE,20252,2025-2026 Spring,572,Aerospace Engineering/Havacılık ve Uzay Mühendisliği,5724903,AE 4903,4903,SPECIAL TOPICS IN AEROSPACE ENGINEERING: APPLIED TOPICS IN MODERN GAS TURBINE COMPONENTS ( ),5.0,"3.00 (3.00,0.00,0.00)",Undergraduate/Lisans,Undergraduate / Lisans,https://student.metu.edu.tr/proxy/View_Program_Course_Details_64/main.php,2026-05-11T10:50:17+00:00,data\raw\sais\offerings\20252\AE\20260511T105017Z\program.html
CE,20252,2025-2026 Spring,562,Civil Engineering/İnşaat Mühendisliği,5620101,CE 101,101,CIVIL ENGINEERING DRAWING (İNŞAAT MÜHENDİSLİĞİ TEKNİK ÇİZİMİ ),4.0,"3.00 (2.00,2.00,0.00)",Undergraduate/Lisans,Undergraduate / Lisans,https://student.metu.edu.tr/proxy/View_Program_Course_Details_64/main.php,2026-05-11T10:50:18+00:00,data\raw\sais\offerings\20252\CE\20260511T105018Z\program.html
CE,20252,2025-2026 Spring,562,Civil Engineering/İnşaat Mühendisliği,5620102,CE 102,102,INTRODUCTION TO CIVIL ENGINEERING (İNŞAAT MÜHENDİSLİĞİNE GİRİŞ ),2.0,"0.00 (2.00,0.00,0.00)",Undergraduate/Lisans,Undergraduate / Lisans,https://student.metu.edu.tr/proxy/View_Program_Course_Details_64/main.php,2026-05-11T10:50:18+00:00,data\raw\sais\offerings\20252\CE\20260511T105018Z\program.html
CE,20252,2025-2026 Spring,562,Civil Engineering/İnşaat Mühendisliği,5620204,CE 204,204,UNCERTAINTY AND DATA ANALYSIS (BELİRSİZLİK VE VERİ ANALİZİ ),5.0,"3.00 (3.00,0.00,0.00)",Undergraduate/Lisans,Undergraduate / Lisans,https://student.metu.edu.tr/proxy/View_Program_Course_Details_64/main.php,2026-05-11T10:50:18+00:00,data\raw\sais\offerings\20252\CE\20260511T105018Z\program.html
CE,20252,2025-2026 Spring,562,Civil Engineering/İnşaat Mühendisliği,5620221,CE 221,221,ENGINEERING MECHANICS I (MÜHENDİSLİK MEKANİĞİ 1 ),5.0,"3.00 (,,)",Undergraduate/Lisans,Undergraduate / Lisans,https://student.metu.edu.tr/proxy/View_Program_Course_Details_64/main.php,2026-05-11T10:50:18+00:00,data\raw\sais\offerings\20252\CE\20260511T105018Z\program.html
CE,20252,2025-2026 Spring,562,Civil Engineering/İnşaat Mühendisliği,5620222,CE 222,222,ENGINEERING MECHANICS II (MÜHENDİSLİK MEKANİĞİ 2 ),5.0,"3.00 (3.00,0.00,)",Undergraduate/Lisans,Undergraduate / Lisans,https://student.metu.edu.tr/proxy/View_Program_Course_Details_64/main.php,2026-05-11T10:50:18+00:00,data\raw\sais\offerings\20252\CE\20260511T105018Z\program.html
CE,20252,2025-2026 Spring,562,Civil Engineering/İnşaat Mühendisliği,5620224,CE 224,224,MECHANICS OF MATERIALS (MUKAVEMET ),5.0,"4.00 (3.00,2.00,0.00)",Undergraduate/Lisans,Undergraduate / Lisans,https://student.metu.edu.tr/proxy/View_Program_Course_Details_64/main.php,2026-05-11T10:50:18+00:00,data\raw\sais\offerings\20252\CE\20260511T105018Z\program.html
CE,20252,2025-2026 Spring,562,Civil Engineering/İnşaat Mühendisliği,5620241,CE 241,241,MATERIALS SCIENCE (MALZEME BİLİMİ ),4.0,"3.00 (2.00,2.00,0.00)",Undergraduate/Lisans,Undergraduate / Lisans,https://student.metu.edu.tr/proxy/View_Program_Course_Details_64/main.php,2026-05-11T10:50:18+00:00,data\raw\sais\offerings\20252\CE\20260511T105018Z\program.html
CE,20252,2025-2026 Spring,562,Civil Engineering/İnşaat Mühendisliği,5620272,CE 272,272,FLUID MECHANICS (AKIŞKANLAR MEKANİĞİ ),5.0,"3.00 (3.00,0.00,0.00)",Undergraduate/Lisans,Undergraduate / Lisans,https://student.metu.edu.tr/proxy/View_Program_Course_Details_64/main.php,2026-05-11T10:50:18+00:00,data\raw\sais\offerings\20252\CE\20260511T105018Z\program.html
CE,20252,2025-2026 Spring,562,Civil Engineering/İnşaat Mühendisliği,5620300,CE 300,300,SUMMER PRACTICE I (YAZ STAJI 1 ),5.0,"0.00 (0.00,0.00,0.00)",Undergraduate/Lisans,Undergraduate Practice / Lisans Staj,https://student.metu.edu.tr/proxy/View_Program_Course_Details_64/main.php,2026-05-11T10:50:18+00:00,data\raw\sais\offerings\20252\CE\20260511T105018Z\program.html
CE,20252,2025-2026 Spring,562,Civil Engineering/İnşaat Mühendisliği,5620332,CE 332,332,CONSTRUCTION ENGINEERING &MANAGEMENT (YAPIM MÜHENDİSLİĞİ VE YÖNETİMİ ),5.0,"3.00 (3.00,0.00,)",Undergraduate/Lisans,Undergraduate / Lisans,https://student.metu.edu.tr/proxy/View_Program_Course_Details_64/main.php,2026-05-11T10:50:18+00:00,data\raw\sais\offerings\20252\CE\20260511T105018Z\program.html
CE,20252,2025-2026 Spring,562,Civil Engineering/İnşaat Mühendisliği,5620344,CE 344,344,MATERIALS OF CONSTRUCTION (YAPI MALZEMELERİ ),6.0,"4.00 (3.00,2.00,0.00)",Undergraduate/Lisans,Undergraduate / Lisans,https://student.metu.edu.tr/proxy/View_Program_Course_Details_64/main.php,2026-05-11T10:50:18+00:00,data\raw\sais\offerings\20252\CE\20260511T105018Z\program.html
CE,20252,2025-2026 Spring,562,Civil Engineering/İnşaat Mühendisliği,5620363,CE 363,363,SOIL MECHANICS (ZEMİN MEKANİĞİ ),5.0,"4.00 (3.00,2.00,)",Undergraduate/Lisans,Undergraduate / Lisans,https://student.metu.edu.tr/proxy/View_Program_Course_Details_64/main.php,2026-05-11T10:50:18+00:00,data\raw\sais\offerings\20252\CE\20260511T105018Z\program.html
CE,20252,2025-2026 Spring,562,Civil Engineering/İnşaat Mühendisliği,5620364,CE 364,364,SOIL MECHANICS (ZEMİN MEKANİĞİ ),5.0,"3.00 (2.00,2.00,0.00)",Undergraduate/Lisans,Undergraduate / Lisans,https://student.metu.edu.tr/proxy/View_Program_Course_Details_64/main.php,2026-05-11T10:50:18+00:00,data\raw\sais\offerings\20252\CE\20260511T105018Z\program.html
CE,20252,2025-2026 Spring,562,Civil Engineering/İnşaat Mühendisliği,5620366,CE 366,366,FOUNDATION ENGINEERING I (TEMEL MÜHENDİSLİĞİ 1 ),4.0,"3.00 (2.00,2.00,)",Undergraduate/Lisans,Undergraduate / Lisans,https://student.metu.edu.tr/proxy/View_Program_Course_Details_64/main.php,2026-05-11T10:50:18+00:00,data\raw\sais\offerings\20252\CE\20260511T105018Z\program.html
CE,20252,2025-2026 Spring,562,Civil Engineering/İnşaat Mühendisliği,5620372,CE 372,372,HYDROMECHANICS (HİDROMEKANİK ),6.0,"4.00 (3.00,2.00,)",Undergraduate/Lisans,Undergraduate / Lisans,https://student.metu.edu.tr/proxy/View_Program_Course_Details_64/main.php,2026-05-11T10:50:18+00:00,data\raw\sais\offerings\20252\CE\20260511T105018Z\program.html
CE,20252,2025-2026 Spring,562,Civil Engineering/İnşaat Mühendisliği,5620374,CE 374,374,FLUID MECHANICS (AKIŞKANLAR MEKANİĞİ ),5.0,"3.00 (3.00,0.00,0.00)",Undergraduate/Lisans,Undergraduate / Lisans,https://student.metu.edu.tr/proxy/View_Program_Course_Details_64/main.php,2026-05-11T10:50:18+00:00,data\raw\sais\offerings\20252\CE\20260511T105018Z\program.html
CE,20252,2025-2026 Spring,562,Civil Engineering/İnşaat Mühendisliği,5620378,CE 378,378,WATER RESOURCES ENGINEERING (SU KAYNAKLARI MÜHENDİSLİĞİ ),6.0,"4.00 (4.00,0.00,0.00)",Undergraduate/Lisans,Undergraduate / Lisans,https://student.metu.edu.tr/proxy/View_Program_Course_Details_64/main.php,2026-05-11T10:50:18+00:00,data\raw\sais\offerings\20252\CE\20260511T105018Z\program.html
CE,20252,2025-2026 Spring,562,Civil Engineering/İnşaat Mühendisliği,5620382,CE 382,382,REINFORCED CONCRETE FUNDAMENTALS (BETONARMENİN TEMEL İLKELERİ ),5.0,"3.00 (3.00,0.00,)",Undergraduate/Lisans,Undergraduate / Lisans,https://student.metu.edu.tr/proxy/View_Program_Course_Details_64/main.php,2026-05-11T10:50:18+00:00,data\raw\sais\offerings\20252\CE\20260511T105018Z\program.html
CE,20252,2025-2026 Spring,562,Civil Engineering/İnşaat Mühendisliği,5620383,CE 383,383,STRUCTURAL ANALYSIS (YAPISAL ANALİZ ),5.0,"3.00 (3.00,0.00,0.00)",Undergraduate/Lisans,Undergraduate / Lisans,https://student.metu.edu.tr/proxy/View_Program_Course_Details_64/main.php,2026-05-11T10:50:18+00:00,data\raw\sais\offerings\20252\CE\20260511T105018Z\program.html
CE,20252,2025-2026 Spring,562,Civil Engineering/İnşaat Mühendisliği,5620388,CE 388,388,FUNDAMENTALS OF STEEL DESIGN (ÇELİK YAPILARIN TASARIM ESASLARI ),5.0,"3.00 (3.00,0.00,0.00)",Undergraduate/Lisans,Undergraduate / Lisans,https://student.metu.edu.tr/proxy/View_Program_Course_Details_64/main.php,2026-05-11T10:50:18+00:00,data\raw\sais\offerings\20252\CE\20260511T105018Z\program.html
CE,20252,2025-2026 Spring,562,Civil Engineering/İnşaat Mühendisliği,5620400,CE 400,400,SUMMER PRACTICE II (YAZ STAJI 2 ),5.0,"0.00 (0.00,0.00,0.00)",Undergraduate/Lisans,Undergraduate Practice / Lisans Staj,https://student.metu.edu.tr/proxy/View_Program_Course_Details_64/main.php,2026-05-11T10:50:18+00:00,data\raw\sais\offerings\20252\CE\20260511T105018Z\program.html
CE,20252,2025-2026 Spring,562,Civil Engineering/İnşaat Mühendisliği,5620410,CE 410,410,CIVIL ENGINEERING DESIGN (İNŞAAT MÜHENDİSLİĞİNDE TASARIM ),7.0,"3.00 (2.00,2.00,0.00)",Undergraduate/Lisans,Undergraduate / Lisans,https://student.metu.edu.tr/proxy/View_Program_Course_Details_64/main.php,2026-05-11T10:50:18+00:00,data\raw\sais\offerings\20252\CE\20260511T105018Z\program.html
CE,20252,2025-2026 Spring,562,Civil Engineering/İnşaat Mühendisliği,5620421,CE 421,421,APPLIED SURFACE HYDROLOGY (UYGULAMALI YÜZEY HİDROLOJİSİ ),5.0,"3.00 (3.00,0.00,)",Undergraduate/Lisans,Undergraduate / Lisans,https://student.metu.edu.tr/proxy/View_Program_Course_Details_64/main.php,2026-05-11T10:50:18+00:00,data\raw\sais\offerings\20252\CE\20260511T105018Z\program.html
CE,20252,2025-2026 Spring,562,Civil Engineering/İnşaat Mühendisliği,5620422,CE 422,422,DESIGN OF DIVERSION WEIRS (REGÜLATÖRLERİN TASARIMI ),7.0,"3.00 (2.00,2.00,0.00)",Undergraduate/Lisans,Undergraduate / Lisans,https://student.metu.edu.tr/proxy/View_Program_Course_Details_64/main.php,2026-05-11T10:50:18+00:00,data\raw\sais\offerings\20252\CE\20260511T105018Z\program.html
CE,20252,2025-2026 Spring,562,Civil Engineering/İnşaat Mühendisliği,5620425,CE 425,425,INTRODUCTION TO FINITE ELEMENTS (SONLU ELEMANLAR YÖNTEMİNE GİRİŞ ),5.0,"3.00 (3.00,0.00,)",Undergraduate/Lisans,Undergraduate / Lisans,https://student.metu.edu.tr/proxy/View_Program_Course_Details_64/main.php,2026-05-11T10:50:18+00:00,data\raw\sais\offerings\20252\CE\20260511T105018Z\program.html
CE,20252,2025-2026 Spring,562,Civil Engineering/İnşaat Mühendisliği,5620428,CE 428,428,HYDROSYSTEMS ENGINEERING &MANAGEMENT (HİDROLİK SİSTEM MÜHENDİSLİĞİ VE YÖNETİMİ ),5.0,"3.00 (3.00,0.00,0.00)",Undergraduate/Lisans,Undergraduate / Lisans,https://student.metu.edu.tr/proxy/View_Program_Course_Details_64/main.php,2026-05-11T10:50:18+00:00,data\raw\sais\offerings\20252\CE\20260511T105018Z\program.html
CE,20252,2025-2026 Spring,562,Civil Engineering/İnşaat Mühendisliği,5620434,CE 434,434,CONSTRUCTION PLANNING (YAPIM PLANLAMA TEKNİKLERİ ),5.0,"3.00 (3.00,0.00,)",Undergraduate/Lisans,Undergraduate / Lisans,https://student.metu.edu.tr/proxy/View_Program_Course_Details_64/main.php,2026-05-11T10:50:18+00:00,data\raw\sais\offerings\20252\CE\20260511T105018Z\program.html
CE,20252,2025-2026 Spring,562,Civil Engineering/İnşaat Mühendisliği,5620438,CE 438,438,LEGAL ASPECTS IN CONSTRUCTION WORKS (YAPIM İŞLERİNİN HUKUKİ BOYUTLARI ),5.0,"3.00 (3.00,0.00,0.00)",Undergraduate/Lisans,Undergraduate / Lisans,https://student.metu.edu.tr/proxy/View_Program_Course_Details_64/main.php,2026-05-11T10:50:18+00:00,data\raw\sais\offerings\20252\CE\20260511T105018Z\program.html
CE,20252,2025-2026 Spring,562,Civil Engineering/İnşaat Mühendisliği,5620441,CE 441,441,HIGHWAY MATERIALS (YOL MALZEMELERİ ),5.0,"3.00 (2.00,2.00,0.00)",Undergraduate/Lisans,Undergraduate / Lisans,https://student.metu.edu.tr/proxy/View_Program_Course_Details_64/main.php,2026-05-11T10:50:18+00:00,data\raw\sais\offerings\20252\CE\20260511T105018Z\program.html
CE,20252,2025-2026 Spring,562,Civil Engineering/İnşaat Mühendisliği,5620452,CE 452,452,TRAFFIC SAFETY &ACCIDENT INVESTIGATION (TRAFİK GÜVENLİĞİ VE KAZA ARAŞTIRMASI ),5.0,"3.00 (3.00,0.00,)",Undergraduate/Lisans,Undergraduate / Lisans,https://student.metu.edu.tr/proxy/View_Program_Course_Details_64/main.php,2026-05-11T10:50:18+00:00,data\raw\sais\offerings\20252\CE\20260511T105018Z\program.html
CE,20252,2025-2026 Spring,562,Civil Engineering/İnşaat Mühendisliği,5620457,CE 457,457,HIGHWAY DESIGN (KARAYOLU TASARIMI ),7.0,"3.00 (2.00,2.00,0.00)",Undergraduate/Lisans,Undergraduate / Lisans,https://student.metu.edu.tr/proxy/View_Program_Course_Details_64/main.php,2026-05-11T10:50:18+00:00,data\raw\sais\offerings\20252\CE\20260511T105018Z\program.html
CE,20252,2025-2026 Spring,562,Civil Engineering/İnşaat Mühendisliği,5620458,CE 458,458,DESIGN OF HYDRAULIC STRUCTURES (HİDROLİK YAPILARIN TASARIMI ),7.0,"3.00 (3.00,0.00,0.00)",Undergraduate/Lisans,Undergraduate / Lisans,https://student.metu.edu.tr/proxy/View_Program_Course_Details_64/main.php,2026-05-11T10:50:18+00:00,data\raw\sais\offerings\20252\CE\20260511T105018Z\program.html
CE,20252,2025-2026 Spring,562,Civil Engineering/İnşaat Mühendisliği,5620460,CE 460,460,USE OF IN-SITU TEST IN GEOTECHNICAL ENGINEERING (GEOTEKNİK MÜHENDİSLİĞİNDE ARAZİ DENEYLERİNİN KULLANIMI ),5.0,"3.00 (3.00,0.00,0.00)",Undergraduate/Lisans,Undergraduate / Lisans,https://student.metu.edu.tr/proxy/View_Program_Course_Details_64/main.php,2026-05-11T10:50:18+00:00,data\raw\sais\offerings\20252\CE\20260511T105018Z\program.html
CE,20252,2025-2026 Spring,562,Civil Engineering/İnşaat Mühendisliği,5620466,CE 466,466,DAM BEHAVIOR AND SAFETY (BARAJ DAVRANIŞI VE GÜVENLİĞİ ),5.0,"3.00 (3.00,0.00,0.00)",Undergraduate/Lisans,Undergraduate / Lisans,https://student.metu.edu.tr/proxy/View_Program_Course_Details_64/main.php,2026-05-11T10:50:18+00:00,data\raw\sais\offerings\20252\CE\20260511T105018Z\program.html
CE,20252,2025-2026 Spring,562,Civil Engineering/İnşaat Mühendisliği,5620468,CE 468,468,GEOTECHNICAL DESIGN (GEOTEKNİK TASARIM ),7.0,"3.00 (2.00,2.00,0.00)",Undergraduate/Lisans,Undergraduate / Lisans,https://student.metu.edu.tr/proxy/View_Program_Course_Details_64/main.php,2026-05-11T10:50:18+00:00,data\raw\sais\offerings\20252\CE\20260511T105018Z\program.html
CE,20252,2025-2026 Spring,562,Civil Engineering/İnşaat Mühendisliği,5620469,CE 469,469,SHEAR STRENGTH AND SLOPE STABILITY IN SOILS (ZEMİNLERDE KAYMA MUKAVEMETİ VE ŞEV DURAYLILIĞI ),5.0,"3.00 (3.00,0.00,0.00)",Undergraduate/Lisans,Undergraduate / Lisans,https://student.metu.edu.tr/proxy/View_Program_Course_Details_64/main.php,2026-05-11T10:50:18+00:00,data\raw\sais\offerings\20252\CE\20260511T105018Z\program.html
CE,20252,2025-2026 Spring,562,Civil Engineering/İnşaat Mühendisliği,5620472,CE 472,472,STATISTICAL TECHNIQUES IN HYDROLOGY (HİDROLOJİDE İSTATİSTİKSEL TEKNİKLER ),5.0,"3.00 (3.00,0.00,)",Undergraduate/Lisans,Undergraduate / Lisans,https://student.metu.edu.tr/proxy/View_Program_Course_Details_64/main.php,2026-05-11T10:50:18+00:00,data\raw\sais\offerings\20252\CE\20260511T105018Z\program.html
CE,20252,2025-2026 Spring,562,Civil Engineering/İnşaat Mühendisliği,5620473,CE 473,473,OPEN CHANNEL HYDRAULICS (AÇIK KANAL HİDROLİĞİ ),5.0,"3.00 (3.00,0.00,)",Undergraduate/Lisans,Undergraduate / Lisans,https://student.metu.edu.tr/proxy/View_Program_Course_Details_64/main.php,2026-05-11T10:50:18+00:00,data\raw\sais\offerings\20252\CE\20260511T105018Z\program.html
CE,20252,2025-2026 Spring,562,Civil Engineering/İnşaat Mühendisliği,5620477,CE 477,477,DESIGN OF WASTEWATER COLLECTION SYSTEMS (ATIKSU TOPLAMA SİSTEMLERİNİN TASARIMI ),5.0,"3.00 (3.00,0.00,)",Undergraduate/Lisans,Undergraduate / Lisans,https://student.metu.edu.tr/proxy/View_Program_Course_Details_64/main.php,2026-05-11T10:50:18+00:00,data\raw\sais\offerings\20252\CE\20260511T105018Z\program.html
CE,20252,2025-2026 Spring,562,Civil Engineering/İnşaat Mühendisliği,5620481,CE 481,481,REINFORCED CONCRETE STRUCTURES (BETONARME YAPILAR ),5.0,"3.00 (3.00,0.00,)",Undergraduate/Lisans,Undergraduate / Lisans,https://student.metu.edu.tr/proxy/View_Program_Course_Details_64/main.php,2026-05-11T10:50:18+00:00,data\raw\sais\offerings\20252\CE\20260511T105018Z\program.html
CE,20252,2025-2026 Spring,562,Civil Engineering/İnşaat Mühendisliği,5620482,CE 482,482,DESIGN OF STEEL STRUCTURES (ÇELİK YAPILARIN TASARIMI ),7.0,"3.00 (3.00,0.00,0.00)",Undergraduate/Lisans,Undergraduate / Lisans,https://student.metu.edu.tr/proxy/View_Program_Course_Details_64/main.php,2026-05-11T10:50:18+00:00,data\raw\sais\offerings\20252\CE\20260511T105018Z\program.html
CE,20252,2025-2026 Spring,562,Civil Engineering/İnşaat Mühendisliği,5620483,CE 483,483,ADVANCED STRUCTURAL ANALYSIS (İLERİ YAPISAL ANALİZ ),5.0,"3.00 (3.00,0.00,)",Undergraduate/Lisans,Undergraduate / Lisans,https://student.metu.edu.tr/proxy/View_Program_Course_Details_64/main.php,2026-05-11T10:50:18+00:00,data\raw\sais\offerings\20252\CE\20260511T105018Z\program.html
CE,20252,2025-2026 Spring,562,Civil Engineering/İnşaat Mühendisliği,5620486,CE 486,486,DESIGN OF CONCRETE STRUCTURES (BETONARME YAPILARIN TASARIMI ),7.0,"3.00 (3.00,0.00,0.00)",Undergraduate/Lisans,Undergraduate / Lisans,https://student.metu.edu.tr/proxy/View_Program_Course_Details_64/main.php,2026-05-11T10:50:18+00:00,data\raw\sais\offerings\20252\CE\20260511T105018Z\program.html
CE,20252,2025-2026 Spring,562,Civil Engineering/İnşaat Mühendisliği,5620490,CE 490,490,INTRODUCTION TO STRUCTURAL EARTHQUAKE ENGINEERING (YAPISAL DEPREM MÜHENDİSLİĞİNE GİRİŞ ),7.0,"3.00 (3.00,0.00,0.00)",Undergraduate/Lisans,Undergraduate / Lisans,https://student.metu.edu.tr/proxy/View_Program_Course_Details_64/main.php,2026-05-11T10:50:18+00:00,data\raw\sais\offerings\20252\CE\20260511T105018Z\program.html
CE,20252,2025-2026 Spring,562,Civil Engineering/İnşaat Mühendisliği,5620491,CE 491,491,COASTAL ENGINEERING I (KIYI VE DENİZ MÜHENDİSLİĞİ 1 ),5.0,"3.00 (3.00,0.00,0.00)",Undergraduate/Lisans,Undergraduate / Lisans,https://student.metu.edu.tr/proxy/View_Program_Course_Details_64/main.php,2026-05-11T10:50:18+00:00,data\raw\sais\offerings\20252\CE\20260511T105018Z\program.html
CE,20252,2025-2026 Spring,562,Civil Engineering/İnşaat Mühendisliği,5620495,CE 495,495,OCEAN ENG. & UNDERWATER OPERATIONS (DENIZ MÜHENDISLIĞI VE SUALTI UYGULAMALARI ),5.0,"3.00 (3.00,0.00,)",Undergraduate/Lisans,Undergraduate / Lisans,https://student.metu.edu.tr/proxy/View_Program_Course_Details_64/main.php,2026-05-11T10:50:18+00:00,data\raw\sais\offerings\20252\CE\20260511T105018Z\program.html
CE,20252,2025-2026 Spring,562,Civil Engineering/İnşaat Mühendisliği,5620498,CE 498,498,COASTAL AND HARBOR STRUCTURE (KIYI VE LIMAN MÜHENDISLIĞI ),7.0,"3.00 (2.00,2.00,0.00)",Undergraduate/Lisans,Undergraduate / Lisans,https://student.metu.edu.tr/proxy/View_Program_Course_Details_64/main.php,2026-05-11T10:50:18+00:00,data\raw\sais\offerings\20252\CE\20260511T105018Z\program.html
CE,20252,2025-2026 Spring,562,Civil Engineering/İnşaat Mühendisliği,5620500,CE 500,500,M.S. THESIS (YÜKSEK LISANS TEZ DERSI ),50.0,"0.00 (0.00,0.00,)",Master`s/Yüksek Lisans,M.S. Thesis / Yüksek Lisans Tez,https://student.metu.edu.tr/proxy/View_Program_Course_Details_64/main.php,2026-05-11T10:50:18+00:00,data\raw\sais\offerings\20252\CE\20260511T105018Z\program.html
CE,20252,2025-2026 Spring,562,Civil Engineering/İnşaat Mühendisliği,5620520,CE 520,520,GRADUATE SEMINAR (YÜKSEK LİSANS SEMİNER DERSİ ),10.0,"0.00 (0.00,2.00,0.00)",Graduate/Yüksek Lisans+Doktora,Seminar / Seminer,https://student.metu.edu.tr/proxy/View_Program_Course_Details_64/main.php,2026-05-11T10:50:18+00:00,data\raw\sais\offerings\20252\CE\20260511T105018Z\program.html
CE,20252,2025-2026 Spring,562,Civil Engineering/İnşaat Mühendisliği,5620526,CE 526,526,FINITE ELEMENT METHOD (SONLU ELEMANLAR YÖNTEMI ),8.0,"3.00 (3.00,0.00,)",Graduate/Yüksek Lisans+Doktora,Master's / Yüksek Lisans,https://student.metu.edu.tr/proxy/View_Program_Course_Details_64/main.php,2026-05-11T10:50:18+00:00,data\raw\sais\offerings\20252\CE\20260511T105018Z\program.html
CE,20252,2025-2026 Spring,562,Civil Engineering/İnşaat Mühendisliği,5620529,CE 529,529,STRUCTURAL DYNAMICS (YAPI DINAMIĞI ),8.0,"3.00 (3.00,0.00,0.00)",Graduate/Yüksek Lisans+Doktora,Master's / Yüksek Lisans,https://student.metu.edu.tr/proxy/View_Program_Course_Details_64/main.php,2026-05-11T10:50:18+00:00,data\raw\sais\offerings\20252\CE\20260511T105018Z\program.html
CE,20252,2025-2026 Spring,562,Civil Engineering/İnşaat Mühendisliği,5620534,CE 534,534,FLUID TRANSIENTS IN CLOSED CONDUITS (KAPALI İLETIM HATLARINDA AKIŞKAN GEÇIŞLERI ),8.0,"3.00 (3.00,0.00,0.00)",Graduate/Yüksek Lisans+Doktora,Master's / Yüksek Lisans,https://student.metu.edu.tr/proxy/View_Program_Course_Details_64/main.php,2026-05-11T10:50:18+00:00,data\raw\sais\offerings\20252\CE\20260511T105018Z\program.html
CE,20252,2025-2026 Spring,562,Civil Engineering/İnşaat Mühendisliği,5620537,CE 537,537,TUNNEL DESIGN AND CONSTRUCTION (TÜNEL TASARIMI VE YAPIMI ),8.0,"3.00 (3.00,0.00,)",Graduate/Yüksek Lisans+Doktora,Master's / Yüksek Lisans,https://student.metu.edu.tr/proxy/View_Program_Course_Details_64/main.php,2026-05-11T10:50:18+00:00,data\raw\sais\offerings\20252\CE\20260511T105018Z\program.html
CE,20252,2025-2026 Spring,562,Civil Engineering/İnşaat Mühendisliği,5620541,CE 541,541,DURABILITY OF BUILDING MATERIALS (YAPI MALZEMELERININ DAYANIKLILIĞI ),8.0,"3.00 (3.00,0.00,)",Graduate/Yüksek Lisans+Doktora,Master's / Yüksek Lisans,https://student.metu.edu.tr/proxy/View_Program_Course_Details_64/main.php,2026-05-11T10:50:18+00:00,data\raw\sais\offerings\20252\CE\20260511T105018Z\program.html
CE,20252,2025-2026 Spring,562,Civil Engineering/İnşaat Mühendisliği,5620556,CE 556,556,TRAFFIC ENGINEERING II (TRAFIK MÜHENDISLIĞI 2 ),8.0,"3.00 (3.00,0.00,0.00)",Graduate/Yüksek Lisans+Doktora,Master's / Yüksek Lisans,https://student.metu.edu.tr/proxy/View_Program_Course_Details_64/main.php,2026-05-11T10:50:18+00:00,data\raw\sais\offerings\20252\CE\20260511T105018Z\program.html
CE,20252,2025-2026 Spring,562,Civil Engineering/İnşaat Mühendisliği,5620562,CE 562,562,APPLICATIONS OF GEOSYNTHETICS (GEOSENTETIK UYGULAMALARI ),8.0,"3.00 (3.00,0.00,)",Graduate/Yüksek Lisans+Doktora,Master's / Yüksek Lisans,https://student.metu.edu.tr/proxy/View_Program_Course_Details_64/main.php,2026-05-11T10:50:18+00:00,data\raw\sais\offerings\20252\CE\20260511T105018Z\program.html
CE,20252,2025-2026 Spring,562,Civil Engineering/İnşaat Mühendisliği,5620564,CE 564,564,ADVANCED SOIL MECHANICS II (İLERI ZEMIN MEKANIĞI 2 ),8.0,"3.00 (3.00,0.00,)",Graduate/Yüksek Lisans+Doktora,Master's / Yüksek Lisans,https://student.metu.edu.tr/proxy/View_Program_Course_Details_64/main.php,2026-05-11T10:50:18+00:00,data\raw\sais\offerings\20252\CE\20260511T105018Z\program.html
CE,20252,2025-2026 Spring,562,Civil Engineering/İnşaat Mühendisliği,5620580,CE 580,580,COMPUTATIONAL TECHNIQUES FOR FLUID DYNAMICS (HESAPLAMALI AKIŞKANLAR DINAMIĞI ),8.0,"3.00 (3.00,0.00,0.00)",Graduate/Yüksek Lisans+Doktora,Master's / Yüksek Lisans,https://student.metu.edu.tr/proxy/View_Program_Course_Details_64/main.php,2026-05-11T10:50:18+00:00,data\raw\sais\offerings\20252\CE\20260511T105018Z\program.html
CE,20252,2025-2026 Spring,562,Civil Engineering/İnşaat Mühendisliği,5620586,CE 586,586,EARTHQUAKE ENGINEERING (DEPREM MÜHENDISLIĞI ),8.0,"3.00 (3.00,0.00,)",Graduate/Yüksek Lisans+Doktora,Master's / Yüksek Lisans,https://student.metu.edu.tr/proxy/View_Program_Course_Details_64/main.php,2026-05-11T10:50:18+00:00,data\raw\sais\offerings\20252\CE\20260511T105018Z\program.html
CE,20252,2025-2026 Spring,562,Civil Engineering/İnşaat Mühendisliği,5620591,CE 591,591,WAVE HYDRODYNAMICS (DALGA HİDRODİNAMİKLER ),8.0,"3.00 (3.00,0.00,)",Graduate/Yüksek Lisans+Doktora,Master's / Yüksek Lisans,https://student.metu.edu.tr/proxy/View_Program_Course_Details_64/main.php,2026-05-11T10:50:18+00:00,data\raw\sais\offerings\20252\CE\20260511T105018Z\program.html
CE,20252,2025-2026 Spring,562,Civil Engineering/İnşaat Mühendisliği,5620598,CE 598,598,COASTAL&HARBOUR STRUCTURES DESIGN (KIYI VE DENIZ YAPILARI TASARIMI 1 ),8.0,"3.00 (3.00,0.00,0.00)",Graduate/Yüksek Lisans+Doktora,Master's / Yüksek Lisans,https://student.metu.edu.tr/proxy/View_Program_Course_Details_64/main.php,2026-05-11T10:50:18+00:00,data\raw\sais\offerings\20252\CE\20260511T105018Z\program.html
CE,20252,2025-2026 Spring,562,Civil Engineering/İnşaat Mühendisliği,5620600,CE 600,600,PH.D. THESIS (DOKTORA TEZ DERSI ),130.0,"0.00 (0.00,0.00,)",Doctoral/Doktora,Ph.D Thesis / Doktora Tez,https://student.metu.edu.tr/proxy/View_Program_Course_Details_64/main.php,2026-05-11T10:50:18+00:00,data\raw\sais\offerings\20252\CE\20260511T105018Z\program.html
CE,20252,2025-2026 Spring,562,Civil Engineering/İnşaat Mühendisliği,5620726,CE 726,726,STRATEGIC MAN.OF CONST.COMPANIES (İNŞAAT ŞIRKETLERININ STRATEJIK YÖNETIMI ),8.0,"3.00 (3.00,0.00,0.00)",Graduate/Yüksek Lisans+Doktora,Master's / Yüksek Lisans,https://student.metu.edu.tr/proxy/View_Program_Course_Details_64/main.php,2026-05-11T10:50:18+00:00,data\raw\sais\offerings\20252\CE\20260511T105018Z\program.html
CE,20252,2025-2026 Spring,562,Civil Engineering/İnşaat Mühendisliği,5620761,CE 761,761,MARINE HAZARDS AND TSUNAMIS (DENIZEL AFETLER VE TSUNAMILER ),8.0,"3.00 (3.00,0.00,0.00)",Graduate/Yüksek Lisans+Doktora,Doctoral / Doktora,https://student.metu.edu.tr/proxy/View_Program_Course_Details_64/main.php,2026-05-11T10:50:18+00:00,data\raw\sais\offerings\20252\CE\20260511T105018Z\program.html
CE,20252,2025-2026 Spring,562,Civil Engineering/İnşaat Mühendisliği,5624001,CE 4001,4001,SPECIAL TOPICS IN CIVIL ENGINEERING INTRODUCTION TO PAVEMENT DESIGN (YOL ÜSTYAPISI TASARIMINA GIRIŞ ),5.0,"3.00 (2.00,2.00,0.00)",Undergraduate/Lisans,Undergraduate / Lisans,https://student.metu.edu.tr/proxy/View_Program_Course_Details_64/main.php,2026-05-11T10:50:18+00:00,data\raw\sais\offerings\20252\CE\20260511T105018Z\program.html
CE,20252,2025-2026 Spring,562,Civil Engineering/İnşaat Mühendisliği,5624006,CE 4006,4006,INTRODUCTION TO COMPUTATIONAL MECHANICS OF MATERIALS (MALZEMELERIN HESAPLAMALI MEKANIĞINE GIRIŞ ),5.0,"3.00 (3.00,0.00,0.00)",Undergraduate/Lisans,Undergraduate / Lisans,https://student.metu.edu.tr/proxy/View_Program_Course_Details_64/main.php,2026-05-11T10:50:18+00:00,data\raw\sais\offerings\20252\CE\20260511T105018Z\program.html
CE,20252,2025-2026 Spring,562,Civil Engineering/İnşaat Mühendisliği,5624011,CE 4011,4011,SPECIAL TOPICS IN CIVIL ENGINEERING: STRUCTURAL ANALYSIS SOFTWARE DEVELOPMENT (İNŞAAT MÜHENDİSLİĞİNDE ÖZEL KONULAR: YAPISAL ANALİZ YAZILIMI GELİŞTİRME ),5.0,"3.00 (2.00,2.00,0.00)",Undergraduate/Lisans,Undergraduate / Lisans,https://student.metu.edu.tr/proxy/View_Program_Course_Details_64/main.php,2026-05-11T10:50:18+00:00,data\raw\sais\offerings\20252\CE\20260511T105018Z\program.html
CE,20252,2025-2026 Spring,562,Civil Engineering/İnşaat Mühendisliği,5625701,CE 5701,5701,HYDROCLIMATOLOGY (HIDROKLIMATOLOGY ),8.0,"3.00 (3.00,0.00,0.00)",Graduate/Yüksek Lisans+Doktora,Doctoral / Doktora,https://student.metu.edu.tr/proxy/View_Program_Course_Details_64/main.php,2026-05-11T10:50:18+00:00,data\raw\sais\offerings\20252\CE\20260511T105018Z\program.html
CE,20252,2025-2026 Spring,562,Civil Engineering/İnşaat Mühendisliği,5625802,CE 5802,5802,STRUCTURAL HEALTH MONITORING (YAPI SAĞLIĞI İZLEME ),8.0,"3.00 (3.00,0.00,0.00)",Graduate/Yüksek Lisans+Doktora,Master's / Yüksek Lisans,https://student.metu.edu.tr/proxy/View_Program_Course_Details_64/main.php,2026-05-11T10:50:18+00:00,data\raw\sais\offerings\20252\CE\20260511T105018Z\program.html
CE,20252,2025-2026 Spring,562,Civil Engineering/İnşaat Mühendisliği,5627010,CE 7010,7010,FIBER REINFORCED CEMENTITIOUS COMPOSITE STRUCTURES (LIFLI BETON ILE ÜRETILMIŞ YAPILAR ),8.0,"3.00 (3.00,0.00,0.00)",Graduate/Yüksek Lisans+Doktora,Master's / Yüksek Lisans,https://student.metu.edu.tr/proxy/View_Program_Course_Details_64/main.php,2026-05-11T10:50:18+00:00,data\raw\sais\offerings\20252\CE\20260511T105018Z\program.html
CE,20252,2025-2026 Spring,562,Civil Engineering/İnşaat Mühendisliği,5627011,CE 7011,7011,SUSTAINABILITY AND LIFE CYCLE ASSESSMENT OF CIVIL ENGINEERING STRUCTURES (SÜRDÜRÜLEBILIRLIK VE İNŞAAT MÜHENDISLIĞI YAPILARININ YAŞAM DÖNGÜSÜ ANALIZI ),8.0,"3.00 (3.00,0.00,0.00)",Graduate/Yüksek Lisans+Doktora,Doctoral / Doktora,https://student.metu.edu.tr/proxy/View_Program_Course_Details_64/main.php,2026-05-11T10:50:18+00:00,data\raw\sais\offerings\20252\CE\20260511T105018Z\program.html
CE,20252,2025-2026 Spring,562,Civil Engineering/İnşaat Mühendisliği,5627015,CE 7015,7015,SOFT COMPUTING METHODS FOR WATER RESOURCES MANAGEMENT (SU KAYNAKLARI YÖNETIMI IÇIN ESNEK HESAPLAMA METODLARI ),8.0,"3.00 (3.00,0.00,0.00)",Graduate/Yüksek Lisans+Doktora,Master's / Yüksek Lisans,https://student.metu.edu.tr/proxy/View_Program_Course_Details_64/main.php,2026-05-11T10:50:18+00:00,data\raw\sais\offerings\20252\CE\20260511T105018Z\program.html
CE,20252,2025-2026 Spring,562,Civil Engineering/İnşaat Mühendisliği,5627016,CE 7016,7016,NONLINEAR STRUCTURAL ANALYSIS (DOĞRUSAL OLMAYAN YAPI ANALIZI ),8.0,"3.00 (3.00,0.00,0.00)",Graduate/Yüksek Lisans+Doktora,Master's / Yüksek Lisans,https://student.metu.edu.tr/proxy/View_Program_Course_Details_64/main.php,2026-05-11T10:50:18+00:00,data\raw\sais\offerings\20252\CE\20260511T105018Z\program.html
CE,20252,2025-2026 Spring,562,Civil Engineering/İnşaat Mühendisliği,5627023,CE 7023,7023,COASTAL & HARBOUR STRUCTURES DESIGN 2 (KIYI VE DENIZ YAPILARI TASARIMI 2 ),8.0,"3.00 (3.00,0.00,0.00)",Graduate/Yüksek Lisans+Doktora,Master's / Yüksek Lisans,https://student.metu.edu.tr/proxy/View_Program_Course_Details_64/main.php,2026-05-11T10:50:18+00:00,data\raw\sais\offerings\20252\CE\20260511T105018Z\program.html
CE,20252,2025-2026 Spring,562,Civil Engineering/İnşaat Mühendisliği,5627024,CE 7024,7024,STRATEGIC CONTRACT MANAGEMENT IN CONSTRUCTION PROJECTS (İNŞAAT PROJELERINDE STRATEJIK SÖZLEŞME YÖNETIMI ),8.0,"3.00 (3.00,0.00,0.00)",Graduate/Yüksek Lisans+Doktora,Master's / Yüksek Lisans,https://student.metu.edu.tr/proxy/View_Program_Course_Details_64/main.php,2026-05-11T10:50:18+00:00,data\raw\sais\offerings\20252\CE\20260511T105018Z\program.html
GEOE,20252,2025-2026 Spring,564,Geological Engineering/Jeoloji Mühendisliği,5640104,GEOE 104,104,GEOLOGY FOR CIVIL ENGINEERING (İNŞAAT MÜHENDİSLİĞİ İÇİN JEOLOJİ ),5.0,"3.00 (3.00,0.00,0.00)",Undergraduate/Lisans,Undergraduate / Lisans,https://student.metu.edu.tr/proxy/View_Program_Course_Details_64/main.php,2026-05-11T10:50:18+00:00,data\raw\sais\offerings\20252\GEOE\20260511T105018Z\program.html
GEOE,20252,2025-2026 Spring,564,Geological Engineering/Jeoloji Mühendisliği,5640208,GEOE 208,208,MAPWORK (HARiTA ÇALIŞMASI ),5.0,"3.00 (2.00,2.00,0.00)",Undergraduate/Lisans,Undergraduate / Lisans,https://student.metu.edu.tr/proxy/View_Program_Course_Details_64/main.php,2026-05-11T10:50:18+00:00,data\raw\sais\offerings\20252\GEOE\20260511T105018Z\program.html
GEOE,20252,2025-2026 Spring,564,Geological Engineering/Jeoloji Mühendisliği,5640210,GEOE 210,210,PETROGRAPHY (PETROGRAFİ ),5.0,"3.00 (1.00,4.00,0.00)",Undergraduate/Lisans,Undergraduate / Lisans,https://student.metu.edu.tr/proxy/View_Program_Course_Details_64/main.php,2026-05-11T10:50:18+00:00,data\raw\sais\offerings\20252\GEOE\20260511T105018Z\program.html
GEOE,20252,2025-2026 Spring,564,Geological Engineering/Jeoloji Mühendisliği,5640214,GEOE 214,214,PRINCIPLES OF STRATIGRAPHY (STRATİGRAFİ İLKELERİ ),5.0,"3.00 (2.00,2.00,0.00)",Undergraduate/Lisans,Undergraduate / Lisans,https://student.metu.edu.tr/proxy/View_Program_Course_Details_64/main.php,2026-05-11T10:50:18+00:00,data\raw\sais\offerings\20252\GEOE\20260511T105018Z\program.html
GEOE,20252,2025-2026 Spring,564,Geological Engineering/Jeoloji Mühendisliği,5640215,GEOE 215,215,PRINCIPLES OF STRUCTURAL GEOLOGY (YAPISAL JEOLOJİ İLKELERİ ),6.0,"3.00 (2.00,2.00,0.00)",Undergraduate/Lisans,Undergraduate / Lisans,https://student.metu.edu.tr/proxy/View_Program_Course_Details_64/main.php,2026-05-11T10:50:18+00:00,data\raw\sais\offerings\20252\GEOE\20260511T105018Z\program.html
GEOE,20252,2025-2026 Spring,564,Geological Engineering/Jeoloji Mühendisliği,5640231,GEOE 231,231,ELEMENTS OF GEOLOGY (TEMEL JEOLOJİ ),5.0,"3.00 (3.00,0.00,)",Undergraduate/Lisans,Undergraduate / Lisans,https://student.metu.edu.tr/proxy/View_Program_Course_Details_64/main.php,2026-05-11T10:50:18+00:00,data\raw\sais\offerings\20252\GEOE\20260511T105018Z\program.html
GEOE,20252,2025-2026 Spring,564,Geological Engineering/Jeoloji Mühendisliği,5640300,GEOE 300,300,SUMMER PRACTICE I (YAZ STAJI I ),8.0,"0.00 (0.00,0.00,0.00)",Undergraduate/Lisans,Undergraduate Practice / Lisans Staj,https://student.metu.edu.tr/proxy/View_Program_Course_Details_64/main.php,2026-05-11T10:50:18+00:00,data\raw\sais\offerings\20252\GEOE\20260511T105018Z\program.html
GEOE,20252,2025-2026 Spring,564,Geological Engineering/Jeoloji Mühendisliği,5640318,GEOE 318,318,GEOCHEMICAL THERMODYNAMICS (JEOKİMYASAL TERMODİNAMİK ),5.0,"3.00 (3.00,0.00,0.00)",Undergraduate/Lisans,Undergraduate / Lisans,https://student.metu.edu.tr/proxy/View_Program_Course_Details_64/main.php,2026-05-11T10:50:18+00:00,data\raw\sais\offerings\20252\GEOE\20260511T105018Z\program.html
GEOE,20252,2025-2026 Spring,564,Geological Engineering/Jeoloji Mühendisliği,5640326,GEOE 326,326,FIELD GEOLOGY (SAHA JEOLOJİSİ ),3.5,"2.00 (2.00,0.00,0.00)",Undergraduate/Lisans,Undergraduate / Lisans,https://student.metu.edu.tr/proxy/View_Program_Course_Details_64/main.php,2026-05-11T10:50:18+00:00,data\raw\sais\offerings\20252\GEOE\20260511T105018Z\program.html
GEOE,20252,2025-2026 Spring,564,Geological Engineering/Jeoloji Mühendisliği,5640327,GEOE 327,327,FIELD GEOLOGICAL MAPPING (JEOLOJİK HARİTALAMA ),6.5,"3.00 (0.00,6.00,0.00)",Undergraduate/Lisans,Undergraduate / Lisans,https://student.metu.edu.tr/proxy/View_Program_Course_Details_64/main.php,2026-05-11T10:50:18+00:00,data\raw\sais\offerings\20252\GEOE\20260511T105018Z\program.html
GEOE,20252,2025-2026 Spring,564,Geological Engineering/Jeoloji Mühendisliği,5640400,GEOE 400,400,SUMMER PRACTICE II (YAZ STAJI II ),8.0,"0.00 (0.00,0.00,0.00)",Undergraduate/Lisans,Undergraduate Practice / Lisans Staj,https://student.metu.edu.tr/proxy/View_Program_Course_Details_64/main.php,2026-05-11T10:50:18+00:00,data\raw\sais\offerings\20252\GEOE\20260511T105018Z\program.html
GEOE,20252,2025-2026 Spring,564,Geological Engineering/Jeoloji Mühendisliği,5640404,GEOE 404,404,GEOLOGY OF TURKEY (TÜRKİYE JEOLOJİSİ ),5.0,"3.00 (3.00,0.00,)",Undergraduate/Lisans,Undergraduate / Lisans,https://student.metu.edu.tr/proxy/View_Program_Course_Details_64/main.php,2026-05-11T10:50:18+00:00,data\raw\sais\offerings\20252\GEOE\20260511T105018Z\program.html
GEOE,20252,2025-2026 Spring,564,Geological Engineering/Jeoloji Mühendisliği,5640406,GEOE 406,406,EARTHQUAKE GEOLOGY (DEPREM JEOLOJİSİ ),5.0,"3.00 (3.00,0.00,0.00)",Undergraduate/Lisans,Undergraduate / Lisans,https://student.metu.edu.tr/proxy/View_Program_Course_Details_64/main.php,2026-05-11T10:50:18+00:00,data\raw\sais\offerings\20252\GEOE\20260511T105018Z\program.html
GEOE,20252,2025-2026 Spring,564,Geological Engineering/Jeoloji Mühendisliği,5640410,GEOE 410,410,PETROLEUM GEOLOGY (PETROL JEOLOJİSİ ),5.0,"3.00 (2.00,2.00,0.00)",Undergraduate/Lisans,Undergraduate / Lisans,https://student.metu.edu.tr/proxy/View_Program_Course_Details_64/main.php,2026-05-11T10:50:18+00:00,data\raw\sais\offerings\20252\GEOE\20260511T105018Z\program.html
GEOE,20252,2025-2026 Spring,564,Geological Engineering/Jeoloji Mühendisliği,5640424,GEOE 424,424,GEOTHERMAL SYSTEMS (JEOTERMAL SİSTEMLER ),5.0,"3.00 (3.00,0.00,)",Undergraduate/Lisans,Undergraduate / Lisans,https://student.metu.edu.tr/proxy/View_Program_Course_Details_64/main.php,2026-05-11T10:50:18+00:00,data\raw\sais\offerings\20252\GEOE\20260511T105018Z\program.html
GEOE,20252,2025-2026 Spring,564,Geological Engineering/Jeoloji Mühendisliği,5640431,GEOE 431,431,INTRODUCTION TO REMOTE SENSING (UZAKTAN ALGILAMAYA GİRİŞ ),5.0,"3.00 (3.00,0.00,)",Undergraduate/Lisans,Undergraduate / Lisans,https://student.metu.edu.tr/proxy/View_Program_Course_Details_64/main.php,2026-05-11T10:50:18+00:00,data\raw\sais\offerings\20252\GEOE\20260511T105018Z\program.html
GEOE,20252,2025-2026 Spring,564,Geological Engineering/Jeoloji Mühendisliği,5640436,GEOE 436,436,STRATIGRAP.&PALEONTOLO.ANALY. IN EXPLO (ARAMADA STRATİGRAFİK VE PALEONTOLOJİK ANALİZLER ),5.0,"3.00 (2.00,2.00,0.00)",Undergraduate/Lisans,Undergraduate / Lisans,https://student.metu.edu.tr/proxy/View_Program_Course_Details_64/main.php,2026-05-11T10:50:18+00:00,data\raw\sais\offerings\20252\GEOE\20260511T105018Z\program.html
GEOE,20252,2025-2026 Spring,564,Geological Engineering/Jeoloji Mühendisliği,5640437,GEOE 437,437,GEOMECHANICS (JEOMEKANİK ),5.0,"3.00 (2.00,2.00,0.00)",Undergraduate/Lisans,Undergraduate / Lisans,https://student.metu.edu.tr/proxy/View_Program_Course_Details_64/main.php,2026-05-11T10:50:18+00:00,data\raw\sais\offerings\20252\GEOE\20260511T105018Z\program.html
GEOE,20252,2025-2026 Spring,564,Geological Engineering/Jeoloji Mühendisliği,5640439,GEOE 439,439,GEOLOGY AND PALEOBIOLOGY (JEOLOJİ VE PALEOBİYOLOJİ ),5.0,"3.00 (3.00,0.00,)",Undergraduate/Lisans,Undergraduate / Lisans,https://student.metu.edu.tr/proxy/View_Program_Course_Details_64/main.php,2026-05-11T10:50:18+00:00,data\raw\sais\offerings\20252\GEOE\20260511T105018Z\program.html
GEOE,20252,2025-2026 Spring,564,Geological Engineering/Jeoloji Mühendisliği,5640447,GEOE 447,447,DIGITAL TERRAIN ANALYSIS (SAYISAL ARAZİ ANALİZİ ),5.0,"3.00 (2.00,2.00,0.00)",Undergraduate/Lisans,Undergraduate / Lisans,https://student.metu.edu.tr/proxy/View_Program_Course_Details_64/main.php,2026-05-11T10:50:18+00:00,data\raw\sais\offerings\20252\GEOE\20260511T105018Z\program.html
GEOE,20252,2025-2026 Spring,564,Geological Engineering/Jeoloji Mühendisliği,5640492,GEOE 492,492,GEOLOGICAL ENGINEERING DESIGN II (JEOLOJİ MÜHENDİSLİĞİ TASARIMI II ),6.0,"3.00 (1.00,4.00,0.00)",Undergraduate/Lisans,Undergraduate / Lisans,https://student.metu.edu.tr/proxy/View_Program_Course_Details_64/main.php,2026-05-11T10:50:18+00:00,data\raw\sais\offerings\20252\GEOE\20260511T105018Z\program.html
GEOE,20252,2025-2026 Spring,564,Geological Engineering/Jeoloji Mühendisliği,5640494,GEOE 494,494,EXPLORATION SEDIMENTOLOGY (ARAŞTIRMA SEDİMANTOLOJİSİ ),5.0,"3.00 (2.00,2.00,0.00)",Undergraduate/Lisans,Undergraduate / Lisans,https://student.metu.edu.tr/proxy/View_Program_Course_Details_64/main.php,2026-05-11T10:50:18+00:00,data\raw\sais\offerings\20252\GEOE\20260511T105018Z\program.html
GEOE,20252,2025-2026 Spring,564,Geological Engineering/Jeoloji Mühendisliği,5640500,GEOE 500,500,M.S. THESIS (YL TEZİ ),50.0,"0.00 (0.00,0.00,)",Master`s/Yüksek Lisans,M.S. Thesis / Yüksek Lisans Tez,https://student.metu.edu.tr/proxy/View_Program_Course_Details_64/main.php,2026-05-11T10:50:18+00:00,data\raw\sais\offerings\20252\GEOE\20260511T105018Z\program.html
GEOE,20252,2025-2026 Spring,564,Geological Engineering/Jeoloji Mühendisliği,5640501,GEOE 501,501,GLOBAL TECTONICS (KÜRESEL TEKTONİK ),8.0,"3.00 (3.00,0.00,)",Graduate/Yüksek Lisans+Doktora,Master's / Yüksek Lisans,https://student.metu.edu.tr/proxy/View_Program_Course_Details_64/main.php,2026-05-11T10:50:18+00:00,data\raw\sais\offerings\20252\GEOE\20260511T105018Z\program.html
GEOE,20252,2025-2026 Spring,564,Geological Engineering/Jeoloji Mühendisliği,5640503,GEOE 503,503,ADVANCED IGNEOUS &METAMORPHIC PETROLOGY (İLERİ MAGMATİK VE METAMORFİK PETROLOJİ ),8.0,"3.00 (3.00,0.00,)",Graduate/Yüksek Lisans+Doktora,Master's / Yüksek Lisans,https://student.metu.edu.tr/proxy/View_Program_Course_Details_64/main.php,2026-05-11T10:50:18+00:00,data\raw\sais\offerings\20252\GEOE\20260511T105018Z\program.html
GEOE,20252,2025-2026 Spring,564,Geological Engineering/Jeoloji Mühendisliği,5640512,GEOE 512,512,PETROLEUM GEOCHEMISTRY (PETROL JEOKİMYASI ),8.0,"3.00 (2.00,2.00,)",Graduate/Yüksek Lisans+Doktora,Master's / Yüksek Lisans,https://student.metu.edu.tr/proxy/View_Program_Course_Details_64/main.php,2026-05-11T10:50:18+00:00,data\raw\sais\offerings\20252\GEOE\20260511T105018Z\program.html
GEOE,20252,2025-2026 Spring,564,Geological Engineering/Jeoloji Mühendisliği,5640516,GEOE 516,516,GEOCHRONOLOGY (JEOKRONOLOJİ ),8.0,"3.00 (3.00,0.00,)",Graduate/Yüksek Lisans+Doktora,Master's / Yüksek Lisans,https://student.metu.edu.tr/proxy/View_Program_Course_Details_64/main.php,2026-05-11T10:50:18+00:00,data\raw\sais\offerings\20252\GEOE\20260511T105018Z\program.html
GEOE,20252,2025-2026 Spring,564,Geological Engineering/Jeoloji Mühendisliği,5640524,GEOE 524,524,ORE MICROSCOPY (CEVHER MİKROSKOPİSİ ),8.0,"3.00 (2.00,2.00,)",Graduate/Yüksek Lisans+Doktora,Master's / Yüksek Lisans,https://student.metu.edu.tr/proxy/View_Program_Course_Details_64/main.php,2026-05-11T10:50:18+00:00,data\raw\sais\offerings\20252\GEOE\20260511T105018Z\program.html
GEOE,20252,2025-2026 Spring,564,Geological Engineering/Jeoloji Mühendisliği,5640530,GEOE 530,530,ECONOMICS OF ENERGY RESOURCES (ENERJİ KAYNAKLARININ EKONOMİSİ ),8.0,"3.00 (3.00,0.00,)",Graduate/Yüksek Lisans+Doktora,Master's / Yüksek Lisans,https://student.metu.edu.tr/proxy/View_Program_Course_Details_64/main.php,2026-05-11T10:50:18+00:00,data\raw\sais\offerings\20252\GEOE\20260511T105018Z\program.html
GEOE,20252,2025-2026 Spring,564,Geological Engineering/Jeoloji Mühendisliği,5640531,GEOE 531,531,CARBONATE PETROLOGY (KARBONAT PETROLOJİSİ ),8.0,"3.00 (2.00,2.00,)",Graduate/Yüksek Lisans+Doktora,Master's / Yüksek Lisans,https://student.metu.edu.tr/proxy/View_Program_Course_Details_64/main.php,2026-05-11T10:50:18+00:00,data\raw\sais\offerings\20252\GEOE\20260511T105018Z\program.html
GEOE,20252,2025-2026 Spring,564,Geological Engineering/Jeoloji Mühendisliği,5640544,GEOE 544,544,STABILITY OF SOIL SLOPES IN ENG.PRACTICE (MÜHENDİSLİK UYGULAMALARINDA ZEMİN ŞEVLERİNİN DURAYLILIĞI ),8.0,"3.00 (3.00,0.00,)",Graduate/Yüksek Lisans+Doktora,Master's / Yüksek Lisans,https://student.metu.edu.tr/proxy/View_Program_Course_Details_64/main.php,2026-05-11T10:50:18+00:00,data\raw\sais\offerings\20252\GEOE\20260511T105018Z\program.html
GEOE,20252,2025-2026 Spring,564,Geological Engineering/Jeoloji Mühendisliği,5640554,GEOE 554,554,ENGINEERING GEOLOGY CASE STUDIES (MÜHENDİSLİK JEOLOJİSİ VAKA ÇALIŞMALARI ),8.0,"3.00 (3.00,0.00,)",Graduate/Yüksek Lisans+Doktora,Master's / Yüksek Lisans,https://student.metu.edu.tr/proxy/View_Program_Course_Details_64/main.php,2026-05-11T10:50:18+00:00,data\raw\sais\offerings\20252\GEOE\20260511T105018Z\program.html
GEOE,20252,2025-2026 Spring,564,Geological Engineering/Jeoloji Mühendisliği,5640555,GEOE 555,555,PRINCIPLES AND APPLICATIONS OF IMAGING RADAR SYSTEMS (GÖRÜNTÜLEYİCİ RADAR SİSTEMLERİNİN İLKELERİ VE UYGULAMALARI ),8.0,"3.00 (3.00,0.00,0.00)",Master`s/Yüksek Lisans,Master's / Yüksek Lisans,https://student.metu.edu.tr/proxy/View_Program_Course_Details_64/main.php,2026-05-11T10:50:18+00:00,data\raw\sais\offerings\20252\GEOE\20260511T105018Z\program.html
GEOE,20252,2025-2026 Spring,564,Geological Engineering/Jeoloji Mühendisliği,5640557,GEOE 557,557,GEOGRAPHIC INFOR. SYS.IN EARTH SCIENCES (YER BİLİMLERİNDE COĞRAFİ BİLGİ SİSTEMLERİ ),8.0,"3.00 (2.00,2.00,)",Graduate/Yüksek Lisans+Doktora,Master's / Yüksek Lisans,https://student.metu.edu.tr/proxy/View_Program_Course_Details_64/main.php,2026-05-11T10:50:18+00:00,data\raw\sais\offerings\20252\GEOE\20260511T105018Z\program.html
GEOE,20252,2025-2026 Spring,564,Geological Engineering/Jeoloji Mühendisliği,5640590,GEOE 590,590,GRADUATE SEMINAR (LİSANSÜSTÜ SEMİNERİ ),10.0,"0.00 (0.00,2.00,0.00)",Graduate/Yüksek Lisans+Doktora,Seminar / Seminer,https://student.metu.edu.tr/proxy/View_Program_Course_Details_64/main.php,2026-05-11T10:50:18+00:00,data\raw\sais\offerings\20252\GEOE\20260511T105018Z\program.html
GEOE,20252,2025-2026 Spring,564,Geological Engineering/Jeoloji Mühendisliği,5640600,GEOE 600,600,PH.D. THESIS (DOKTORA TEZİ ),130.0,"0.00 (0.00,0.00,)",Doctoral/Doktora,Ph.D Thesis / Doktora Tez,https://student.metu.edu.tr/proxy/View_Program_Course_Details_64/main.php,2026-05-11T10:50:18+00:00,data\raw\sais\offerings\20252\GEOE\20260511T105018Z\program.html
GEOE,20252,2025-2026 Spring,564,Geological Engineering/Jeoloji Mühendisliği,5640610,GEOE 610,610,GEOLOGY OF CLAYS ( KİL JEOLOJİSİ ),8.0,"3.00 (3.00,0.00,)",Graduate/Yüksek Lisans+Doktora,Doctoral / Doktora,https://student.metu.edu.tr/proxy/View_Program_Course_Details_64/main.php,2026-05-11T10:50:18+00:00,data\raw\sais\offerings\20252\GEOE\20260511T105018Z\program.html
GEOE,20252,2025-2026 Spring,564,Geological Engineering/Jeoloji Mühendisliği,5640697,GEOE 697,697,ADVANCED SEMINAR I (PH.D.) (İLERİ DÜZEY SEMİNERLERİ I (DOKTORA) ),10.0,"0.00 (0.00,2.00,)",Graduate/Yüksek Lisans+Doktora,Seminar / Seminer,https://student.metu.edu.tr/proxy/View_Program_Course_Details_64/main.php,2026-05-11T10:50:18+00:00,data\raw\sais\offerings\20252\GEOE\20260511T105018Z\program.html
GEOE,20252,2025-2026 Spring,564,Geological Engineering/Jeoloji Mühendisliği,5640713,GEOE 713,713,GPS IN ACTIVE TECTONICS (AKTİF TEKTONİK ARAŞTRMALARINDA GPS KULLANIMI ),8.0,"3.00 (3.00,0.00,0.00)",Master`s/Yüksek Lisans,Doctoral / Doktora,https://student.metu.edu.tr/proxy/View_Program_Course_Details_64/main.php,2026-05-11T10:50:18+00:00,data\raw\sais\offerings\20252\GEOE\20260511T105018Z\program.html
GEOE,20252,2025-2026 Spring,564,Geological Engineering/Jeoloji Mühendisliği,5640737,GEOE 737,737,CHEMOSTRATIGRAPHY (KEMOSTRATİGRAFİ ),8.0,"3.00 (3.00,0.00,0.00)",Graduate/Yüksek Lisans+Doktora,Master's / Yüksek Lisans,https://student.metu.edu.tr/proxy/View_Program_Course_Details_64/main.php,2026-05-11T10:50:18+00:00,data\raw\sais\offerings\20252\GEOE\20260511T105018Z\program.html
CHE,20252,2025-2026 Spring,563,Chemical Engineering/Kimya Mühendisliği,5630102,CHE 102,102,INTRODUCTION TO CHEMICAL ENGINEERING (KİMYA MÜHENDİSLİĞİNE GİRİŞ ),1.0,"1.00 (1.00,0.00,)",Undergraduate/Lisans,Undergraduate / Lisans,https://student.metu.edu.tr/proxy/View_Program_Course_Details_64/main.php,2026-05-11T10:50:18+00:00,data\raw\sais\offerings\20252\CHE\20260511T105018Z\program.html
CHE,20252,2025-2026 Spring,563,Chemical Engineering/Kimya Mühendisliği,5630204,CHE 204,204,THERMODYNAMICS I (TERMODİNAMİK I ),7.0,"4.00 (4.00,0.00,0.00)",Undergraduate/Lisans,Undergraduate / Lisans,https://student.metu.edu.tr/proxy/View_Program_Course_Details_64/main.php,2026-05-11T10:50:18+00:00,data\raw\sais\offerings\20252\CHE\20260511T105018Z\program.html
CHE,20252,2025-2026 Spring,563,Chemical Engineering/Kimya Mühendisliği,5630222,CHE 222,222,FLUID MECHANICS (AKIŞKANLAR MEKANİĞİ ),7.0,"4.00 (4.00,0.00,)",Undergraduate/Lisans,Undergraduate / Lisans,https://student.metu.edu.tr/proxy/View_Program_Course_Details_64/main.php,2026-05-11T10:50:18+00:00,data\raw\sais\offerings\20252\CHE\20260511T105018Z\program.html
CHE,20252,2025-2026 Spring,563,Chemical Engineering/Kimya Mühendisliği,5630300,CHE 300,300,SUMMER PRACTICE (STAJ I ),5.0,"0.00 (0.00,0.00,0.00)",Undergraduate/Lisans,Undergraduate Practice / Lisans Staj,https://student.metu.edu.tr/proxy/View_Program_Course_Details_64/main.php,2026-05-11T10:50:18+00:00,data\raw\sais\offerings\20252\CHE\20260511T105018Z\program.html
CHE,20252,2025-2026 Spring,563,Chemical Engineering/Kimya Mühendisliği,5630305,CHE 305,305,THERMODYNAMICS II (TERMODİNAMİK II ),7.0,"4.00 (4.00,0.00,)",Undergraduate/Lisans,Undergraduate / Lisans,https://student.metu.edu.tr/proxy/View_Program_Course_Details_64/main.php,2026-05-11T10:50:18+00:00,data\raw\sais\offerings\20252\CHE\20260511T105018Z\program.html
CHE,20252,2025-2026 Spring,563,Chemical Engineering/Kimya Mühendisliği,5630311,CHE 311,311,CHEMICAL REACTION ENGINEERING (KİMYASAL REAKSİYON MÜHENDİSLİĞİ ),7.0,"4.00 (4.00,0.00,)",Undergraduate/Lisans,Undergraduate / Lisans,https://student.metu.edu.tr/proxy/View_Program_Course_Details_64/main.php,2026-05-11T10:50:18+00:00,data\raw\sais\offerings\20252\CHE\20260511T105018Z\program.html
CHE,20252,2025-2026 Spring,563,Chemical Engineering/Kimya Mühendisliği,5630320,CHE 320,320,CHEMICAL ENGINEERING LABORATORY I (KİMYA MÜHENDİSLİĞİ LABORATUVARLARI I ),5.0,"2.00 (0.00,4.00,0.00)",Undergraduate/Lisans,Labaratory / Laboratuvar,https://student.metu.edu.tr/proxy/View_Program_Course_Details_64/main.php,2026-05-11T10:50:18+00:00,data\raw\sais\offerings\20252\CHE\20260511T105018Z\program.html
CHE,20252,2025-2026 Spring,563,Chemical Engineering/Kimya Mühendisliği,5630328,CHE 328,328,SEPARATION PROCESSES (AYIRMA İŞLEMLERİ ),7.0,"4.00 (3.00,2.00,0.00)",Undergraduate/Lisans,Undergraduate / Lisans,https://student.metu.edu.tr/proxy/View_Program_Course_Details_64/main.php,2026-05-11T10:50:18+00:00,data\raw\sais\offerings\20252\CHE\20260511T105018Z\program.html
CHE,20252,2025-2026 Spring,563,Chemical Engineering/Kimya Mühendisliği,5630352,CHE 352,352,MATHEMATICAL MODELING IN CHEMICAL ENG. (KİMYA MÜHENDİSLİĞİNDE MATEMATİKSEL MODELLEME ),6.0,"3.00 (3.00,0.00,)",Undergraduate/Lisans,Undergraduate / Lisans,https://student.metu.edu.tr/proxy/View_Program_Course_Details_64/main.php,2026-05-11T10:50:18+00:00,data\raw\sais\offerings\20252\CHE\20260511T105018Z\program.html
CHE,20252,2025-2026 Spring,563,Chemical Engineering/Kimya Mühendisliği,5630400,CHE 400,400,SUMMER PRACTICE II (STAJ II ),5.0,"0.00 (0.00,0.00,0.00)",Undergraduate/Lisans,Undergraduate Practice / Lisans Staj,https://student.metu.edu.tr/proxy/View_Program_Course_Details_64/main.php,2026-05-11T10:50:18+00:00,data\raw\sais\offerings\20252\CHE\20260511T105018Z\program.html
CHE,20252,2025-2026 Spring,563,Chemical Engineering/Kimya Mühendisliği,5630418,CHE 418,418,CHEMICAL ENGINEERING DESIGN II (KİMYA MÜHENDİSLİĞİ TASARIMI II ),7.0,"4.00 (3.00,2.00,)",Undergraduate/Lisans,Undergraduate / Lisans,https://student.metu.edu.tr/proxy/View_Program_Course_Details_64/main.php,2026-05-11T10:50:18+00:00,data\raw\sais\offerings\20252\CHE\20260511T105018Z\program.html
CHE,20252,2025-2026 Spring,563,Chemical Engineering/Kimya Mühendisliği,5630420,CHE 420,420,CHEMICAL ENGINEERING LABORATORY III (KİMYA MÜHENDİSLİĞİ LABORATUVARLARI III ),4.0,"2.00 (0.00,4.00,)",Undergraduate/Lisans,Labaratory / Laboratuvar,https://student.metu.edu.tr/proxy/View_Program_Course_Details_64/main.php,2026-05-11T10:50:18+00:00,data\raw\sais\offerings\20252\CHE\20260511T105018Z\program.html
CHE,20252,2025-2026 Spring,563,Chemical Engineering/Kimya Mühendisliği,5630423,CHE 423,423,CHEMICAL ENGINEERING ECONOMICS (KİMYA MÜHENDİSLİĞİ EKONOMİSİ ),3.5,"3.00 (3.00,0.00,)",Undergraduate/Lisans,Undergraduate / Lisans,https://student.metu.edu.tr/proxy/View_Program_Course_Details_64/main.php,2026-05-11T10:50:18+00:00,data\raw\sais\offerings\20252\CHE\20260511T105018Z\program.html
CHE,20252,2025-2026 Spring,563,Chemical Engineering/Kimya Mühendisliği,5630426,CHE 426,426,REACTOR DESIGN (REAKTÖR TASARIMI ),5.0,"3.00 (3.00,0.00,0.00)",Undergraduate/Lisans,Undergraduate / Lisans,https://student.metu.edu.tr/proxy/View_Program_Course_Details_64/main.php,2026-05-11T10:50:18+00:00,data\raw\sais\offerings\20252\CHE\20260511T105018Z\program.html
CHE,20252,2025-2026 Spring,563,Chemical Engineering/Kimya Mühendisliği,5630448,CHE 448,448,CERAMIC TECHNOLOGY (SERAMİK TEKNOLOJİLERİ ),5.0,"3.00 (3.00,0.00,)",Undergraduate/Lisans,Undergraduate / Lisans,https://student.metu.edu.tr/proxy/View_Program_Course_Details_64/main.php,2026-05-11T10:50:18+00:00,data\raw\sais\offerings\20252\CHE\20260511T105018Z\program.html
CHE,20252,2025-2026 Spring,563,Chemical Engineering/Kimya Mühendisliği,5630495,CHE 495,495,GREEN AND SUSTAINABLE CHEMICAL PROCESS ENGINEERING (YEŞİL VE SÜRDÜRÜLEBİLİR KİMYASAL SÜREÇ MÜHENDİSLİĞİ ),5.0,"3.00 (3.00,0.00,0.00)",Undergraduate/Lisans,Elective / Seçmeli,https://student.metu.edu.tr/proxy/View_Program_Course_Details_64/main.php,2026-05-11T10:50:18+00:00,data\raw\sais\offerings\20252\CHE\20260511T105018Z\program.html
CHE,20252,2025-2026 Spring,563,Chemical Engineering/Kimya Mühendisliği,5630498,CHE 498,498,TOPICS IN CHEMICAL ENGINEERING I (KİMYA MÜHENDİSLİĞİ ÜZERİNE KONULAR I ),6.0,"3.00 (1.00,4.00,0.00)",Undergraduate/Lisans,Undergraduate / Lisans,https://student.metu.edu.tr/proxy/View_Program_Course_Details_64/main.php,2026-05-11T10:50:18+00:00,data\raw\sais\offerings\20252\CHE\20260511T105018Z\program.html
CHE,20252,2025-2026 Spring,563,Chemical Engineering/Kimya Mühendisliği,5630499,CHE 499,499,TOPICS IN CHEMICAL ENGINEERING II (KİMYA MÜHENDİSLİĞİ ÜZERİNE KONULAR II ),6.0,"3.00 (1.00,4.00,0.00)",Undergraduate/Lisans,Term Project / Dönem Projesi,https://student.metu.edu.tr/proxy/View_Program_Course_Details_64/main.php,2026-05-11T10:50:18+00:00,data\raw\sais\offerings\20252\CHE\20260511T105018Z\program.html
CHE,20252,2025-2026 Spring,563,Chemical Engineering/Kimya Mühendisliği,5630500,CHE 500,500,M.S. THESIS (M.S. TEZ ),50.0,"0.00 (0.00,0.00,)",Master`s/Yüksek Lisans,M.S. Thesis / Yüksek Lisans Tez,https://student.metu.edu.tr/proxy/View_Program_Course_Details_64/main.php,2026-05-11T10:50:18+00:00,data\raw\sais\offerings\20252\CHE\20260511T105018Z\program.html
CHE,20252,2025-2026 Spring,563,Chemical Engineering/Kimya Mühendisliği,5630501,CHE 501,501,ADVANCED CHEMICAL ENG.THERMODYNAMICS (İLERİ KİMYA MÜHENDİSLİĞİ TERMODİNAMİĞİ ),8.0,"3.00 (3.00,0.00,)",Graduate/Yüksek Lisans+Doktora,Master's / Yüksek Lisans,https://student.metu.edu.tr/proxy/View_Program_Course_Details_64/main.php,2026-05-11T10:50:18+00:00,data\raw\sais\offerings\20252\CHE\20260511T105018Z\program.html
CHE,20252,2025-2026 Spring,563,Chemical Engineering/Kimya Mühendisliği,5630515,CHE 515,515,ADVANCES IN CATALYSIS (KATALİZDEKİ GELİŞMELER ),8.0,"3.00 (3.00,0.00,)",Graduate/Yüksek Lisans+Doktora,Master's / Yüksek Lisans,https://student.metu.edu.tr/proxy/View_Program_Course_Details_64/main.php,2026-05-11T10:50:18+00:00,data\raw\sais\offerings\20252\CHE\20260511T105018Z\program.html
CHE,20252,2025-2026 Spring,563,Chemical Engineering/Kimya Mühendisliği,5630573,CHE 573,573,RESEARCH METHODS AND ETHICS (ARAŞTIRMA YÖNTEMLERİ VE ETİK ),10.0,"0.00 (0.00,0.00,0.00)",Graduate/Yüksek Lisans+Doktora,Ethics / Etik,https://student.metu.edu.tr/proxy/View_Program_Course_Details_64/main.php,2026-05-11T10:50:18+00:00,data\raw\sais\offerings\20252\CHE\20260511T105018Z\program.html
CHE,20252,2025-2026 Spring,563,Chemical Engineering/Kimya Mühendisliği,5630597,CHE 597,597,GRADUATE SEMINAR I (YÜKSEK LİSANS SEMİNERİ ),10.0,"0.00 (0.00,1.00,0.00)",Graduate/Yüksek Lisans+Doktora,Seminar / Seminer,https://student.metu.edu.tr/proxy/View_Program_Course_Details_64/main.php,2026-05-11T10:50:18+00:00,data\raw\sais\offerings\20252\CHE\20260511T105018Z\program.html
CHE,20252,2025-2026 Spring,563,Chemical Engineering/Kimya Mühendisliği,5630600,CHE 600,600,PH.D. THESIS (DOKTORA SEMİNERİ ),130.0,"0.00 (0.00,0.00,)",Doctoral/Doktora,Ph.D Thesis / Doktora Tez,https://student.metu.edu.tr/proxy/View_Program_Course_Details_64/main.php,2026-05-11T10:50:18+00:00,data\raw\sais\offerings\20252\CHE\20260511T105018Z\program.html
CHE,20252,2025-2026 Spring,563,Chemical Engineering/Kimya Mühendisliği,5630697,CHE 697,697,GRADUATE SEMINAR (DOKTORA SEMİNERİ ),10.0,"0.00 (0.00,1.00,0.00)",Graduate/Yüksek Lisans+Doktora,Seminar / Seminer,https://student.metu.edu.tr/proxy/View_Program_Course_Details_64/main.php,2026-05-11T10:50:18+00:00,data\raw\sais\offerings\20252\CHE\20260511T105018Z\program.html
CHE,20252,2025-2026 Spring,563,Chemical Engineering/Kimya Mühendisliği,5635555,CHE 5555,5555,INTERNATIONAL STUDENT PRACTICE (ULUSLARARASI ÖĞRENCİ EGZERSİZLERİ ),1.0,"0.00 (0.00,0.00,0.00)",Undergraduate/Lisans,Undergraduate Practice / Lisans Staj,https://student.metu.edu.tr/proxy/View_Program_Course_Details_64/main.php,2026-05-11T10:50:18+00:00,data\raw\sais\offerings\20252\CHE\20260511T105018Z\program.html
MINE,20252,2025-2026 Spring,565,Mining Engineering/Maden Mühendisliği,5650102,MINE 102,102,INTRODUCTION TO MINERAL INDUSTRIES (MİNERAL ENDÜSTRİSİNE GİRİŞ ),4.0,"2.00 (2.00,0.00,)",Undergraduate/Lisans,Undergraduate / Lisans,https://student.metu.edu.tr/proxy/View_Program_Course_Details_64/main.php,2026-05-11T10:50:18+00:00,data\raw\sais\offerings\20252\MINE\20260511T105018Z\program.html
MINE,20252,2025-2026 Spring,565,Mining Engineering/Maden Mühendisliği,5650202,MINE 202,202,SURFACE MINING (AÇIK OCAK MADEN İŞLETMECİLİĞİ ),6.0,"3.00 (3.00,0.00,)",Undergraduate/Lisans,Undergraduate / Lisans,https://student.metu.edu.tr/proxy/View_Program_Course_Details_64/main.php,2026-05-11T10:50:18+00:00,data\raw\sais\offerings\20252\MINE\20260511T105018Z\program.html
MINE,20252,2025-2026 Spring,565,Mining Engineering/Maden Mühendisliği,5650300,MINE 300,300,SUMMER PRACTICE I (YAZ STAJI-1 ),5.0,"0.00 (0.00,0.00,0.00)",Undergraduate/Lisans,Undergraduate Practice / Lisans Staj,https://student.metu.edu.tr/proxy/View_Program_Course_Details_64/main.php,2026-05-11T10:50:18+00:00,data\raw\sais\offerings\20252\MINE\20260511T105018Z\program.html
MINE,20252,2025-2026 Spring,565,Mining Engineering/Maden Mühendisliği,5650302,MINE 302,302,MINE POWER AND MACHINERY (MADEN MAKİNALARI VE GÜÇ SİSTEMLERİ ),3.0,"2.00 (2.00,0.00,)",Undergraduate/Lisans,Undergraduate / Lisans,https://student.metu.edu.tr/proxy/View_Program_Course_Details_64/main.php,2026-05-11T10:50:18+00:00,data\raw\sais\offerings\20252\MINE\20260511T105018Z\program.html
MINE,20252,2025-2026 Spring,565,Mining Engineering/Maden Mühendisliği,5650310,MINE 310,310,MINERAL PROCESSING II (CEVHER HAZIRLAMA-2 ),5.0,"3.00 (2.00,2.00,0.00)",Undergraduate/Lisans,Undergraduate / Lisans,https://student.metu.edu.tr/proxy/View_Program_Course_Details_64/main.php,2026-05-11T10:50:18+00:00,data\raw\sais\offerings\20252\MINE\20260511T105018Z\program.html
MINE,20252,2025-2026 Spring,565,Mining Engineering/Maden Mühendisliği,5650312,MINE 312,312,MINE SURVEYING (MADEN TOPOĞRAFYASI ),5.0,"3.00 (2.00,2.00,)",Undergraduate/Lisans,Undergraduate / Lisans,https://student.metu.edu.tr/proxy/View_Program_Course_Details_64/main.php,2026-05-11T10:50:18+00:00,data\raw\sais\offerings\20252\MINE\20260511T105018Z\program.html
MINE,20252,2025-2026 Spring,565,Mining Engineering/Maden Mühendisliği,5650324,MINE 324,324,ROCK FRAGMENTATION (MADENCİLİKTE DELME VE PATLATMA ),5.0,"3.00 (3.00,0.00,)",Undergraduate/Lisans,Undergraduate / Lisans,https://student.metu.edu.tr/proxy/View_Program_Course_Details_64/main.php,2026-05-11T10:50:18+00:00,data\raw\sais\offerings\20252\MINE\20260511T105018Z\program.html
MINE,20252,2025-2026 Spring,565,Mining Engineering/Maden Mühendisliği,5650332,MINE 332,332,MINE SYSTEM ANALYSIS (MADEN SİSTEM ANALİZİ ),5.0,"3.00 (3.00,0.00,)",Undergraduate/Lisans,Undergraduate / Lisans,https://student.metu.edu.tr/proxy/View_Program_Course_Details_64/main.php,2026-05-11T10:50:18+00:00,data\raw\sais\offerings\20252\MINE\20260511T105018Z\program.html
MINE,20252,2025-2026 Spring,565,Mining Engineering/Maden Mühendisliği,5650400,MINE 400,400,SUMMER PRACTICE II (YAZ STAJI-2 ),5.0,"0.00 (0.00,0.00,0.00)",Undergraduate/Lisans,Undergraduate Practice / Lisans Staj,https://student.metu.edu.tr/proxy/View_Program_Course_Details_64/main.php,2026-05-11T10:50:18+00:00,data\raw\sais\offerings\20252\MINE\20260511T105018Z\program.html
MINE,20252,2025-2026 Spring,565,Mining Engineering/Maden Mühendisliği,5650413,MINE 413,413,TAILINGS AND EFFLUENT MANAGEMENT (CEVHER HAZIRLAMA TESİSLERİNDE ATIK YÖNETİMİ ),5.0,"3.00 (3.00,0.00,)",Undergraduate/Lisans,Undergraduate / Lisans,https://student.metu.edu.tr/proxy/View_Program_Course_Details_64/main.php,2026-05-11T10:50:18+00:00,data\raw\sais\offerings\20252\MINE\20260511T105018Z\program.html
MINE,20252,2025-2026 Spring,565,Mining Engineering/Maden Mühendisliği,5650415,MINE 415,415,BENEFICIATION OF INDUSTRIAL MINERALS (ENDÜSTRİYEL MİNERALLERİN ZENGİNLEŞTİRİLMESİ ),5.0,"3.00 (3.00,0.00,)",Undergraduate/Lisans,Undergraduate / Lisans,https://student.metu.edu.tr/proxy/View_Program_Course_Details_64/main.php,2026-05-11T10:50:18+00:00,data\raw\sais\offerings\20252\MINE\20260511T105018Z\program.html
MINE,20252,2025-2026 Spring,565,Mining Engineering/Maden Mühendisliği,5650416,MINE 416,416,MINE DESIGN (MADEN TASARIMI ),7.0,"3.00 (1.00,4.00,0.00)",Undergraduate/Lisans,Undergraduate / Lisans,https://student.metu.edu.tr/proxy/View_Program_Course_Details_64/main.php,2026-05-11T10:50:18+00:00,data\raw\sais\offerings\20252\MINE\20260511T105018Z\program.html
MINE,20252,2025-2026 Spring,565,Mining Engineering/Maden Mühendisliği,5650422,MINE 422,422,"MINE HEALTH , SAFETY AND ETHICS (MADENCİLİKTE İSG VE ETİK )",5.0,"3.00 (3.00,0.00,0.00)",Undergraduate/Lisans,Undergraduate / Lisans,https://student.metu.edu.tr/proxy/View_Program_Course_Details_64/main.php,2026-05-11T10:50:18+00:00,data\raw\sais\offerings\20252\MINE\20260511T105018Z\program.html
MINE,20252,2025-2026 Spring,565,Mining Engineering/Maden Mühendisliği,5650425,MINE 425,425,ENVIRONMENTAL MANAGEMENT IN MINING (MADENCİLİKTE ÇEVRE YÖNETİMİ ),5.0,"3.00 (3.00,0.00,0.00)",Undergraduate/Lisans,Undergraduate / Lisans,https://student.metu.edu.tr/proxy/View_Program_Course_Details_64/main.php,2026-05-11T10:50:18+00:00,data\raw\sais\offerings\20252\MINE\20260511T105018Z\program.html
MINE,20252,2025-2026 Spring,565,Mining Engineering/Maden Mühendisliği,5650446,MINE 446,446,APPLIED ROCK MECH.: UNDERGROUND STRUCT. (UYGULAMALI KAYA MEKANİĞİ: YERALTI YAPILARI ),5.0,"3.00 (3.00,0.00,)",Undergraduate/Lisans,Undergraduate / Lisans,https://student.metu.edu.tr/proxy/View_Program_Course_Details_64/main.php,2026-05-11T10:50:18+00:00,data\raw\sais\offerings\20252\MINE\20260511T105018Z\program.html
MINE,20252,2025-2026 Spring,565,Mining Engineering/Maden Mühendisliği,5650500,MINE 500,500,M.S. THESIS (YÜKSEK LİSANS TEZ ),50.0,"0.00 (0.00,0.00,)",Master`s/Yüksek Lisans,M.S. Thesis / Yüksek Lisans Tez,https://student.metu.edu.tr/proxy/View_Program_Course_Details_64/main.php,2026-05-11T10:50:18+00:00,data\raw\sais\offerings\20252\MINE\20260511T105018Z\program.html
MINE,20252,2025-2026 Spring,565,Mining Engineering/Maden Mühendisliği,5650518,MINE 518,518,INTERFACIAL PHENOMENA IN MINERAL SYSTEMS (MİNERAL SİSTEMLERİNDE ARAYÜZEY OLGUSU ),8.0,"3.00 (3.00,0.00,0.00)",Graduate/Yüksek Lisans+Doktora,Master's / Yüksek Lisans,https://student.metu.edu.tr/proxy/View_Program_Course_Details_64/main.php,2026-05-11T10:50:18+00:00,data\raw\sais\offerings\20252\MINE\20260511T105018Z\program.html
MINE,20252,2025-2026 Spring,565,Mining Engineering/Maden Mühendisliği,5650526,MINE 526,526,FUNDAMENTALS OF THEORETICAL ROCK MECH. (TEORİK KAYA MEKANİĞİ TEMELLERİ ),8.0,"3.00 (3.00,0.00,)",Graduate/Yüksek Lisans+Doktora,Master's / Yüksek Lisans,https://student.metu.edu.tr/proxy/View_Program_Course_Details_64/main.php,2026-05-11T10:50:18+00:00,data\raw\sais\offerings\20252\MINE\20260511T105018Z\program.html
MINE,20252,2025-2026 Spring,565,Mining Engineering/Maden Mühendisliği,5650568,MINE 568,568,MINE SYSTEMS SIMULATION (MADEN SİSTEM SİMÜLASYONU ),8.0,"3.00 (3.00,0.00,)",Graduate/Yüksek Lisans+Doktora,Master's / Yüksek Lisans,https://student.metu.edu.tr/proxy/View_Program_Course_Details_64/main.php,2026-05-11T10:50:18+00:00,data\raw\sais\offerings\20252\MINE\20260511T105018Z\program.html
MINE,20252,2025-2026 Spring,565,Mining Engineering/Maden Mühendisliği,5650580,MINE 580,580,RESEARCH METHODS AND ETHICS IN MINING ENGINEERING (MADEN MÜHENDİSLERİ İÇİN ARAŞTIRMA YÖNTEMLERİ VE ETİK ),10.0,"0.00 (0.00,0.00,0.00)",Graduate/Yüksek Lisans+Doktora,Ethics / Etik,https://student.metu.edu.tr/proxy/View_Program_Course_Details_64/main.php,2026-05-11T10:50:18+00:00,data\raw\sais\offerings\20252\MINE\20260511T105018Z\program.html
MINE,20252,2025-2026 Spring,565,Mining Engineering/Maden Mühendisliği,5650590,MINE 590,590,GRADUATE SEMINAR (LİSANSÜSTÜ SEMİNER ),10.0,"0.00 (0.00,2.00,0.00)",Graduate/Yüksek Lisans+Doktora,Seminar / Seminer,https://student.metu.edu.tr/proxy/View_Program_Course_Details_64/main.php,2026-05-11T10:50:18+00:00,data\raw\sais\offerings\20252\MINE\20260511T105018Z\program.html
MINE,20252,2025-2026 Spring,565,Mining Engineering/Maden Mühendisliği,5650600,MINE 600,600,PH.D. THESIS (DOKTORA TEZİ ),130.0,"0.00 (0.00,0.00,)",Doctoral/Doktora,Ph.D Thesis / Doktora Tez,https://student.metu.edu.tr/proxy/View_Program_Course_Details_64/main.php,2026-05-11T10:50:18+00:00,data\raw\sais\offerings\20252\MINE\20260511T105018Z\program.html
MINE,20252,2025-2026 Spring,565,Mining Engineering/Maden Mühendisliği,5650690,MINE 690,690,GRADUATE SEMINAR (LİSANSÜSTÜ SEMİNER ),10.0,"0.00 (0.00,2.00,0.00)",Graduate/Yüksek Lisans+Doktora,Seminar / Seminer,https://student.metu.edu.tr/proxy/View_Program_Course_Details_64/main.php,2026-05-11T10:50:18+00:00,data\raw\sais\offerings\20252\MINE\20260511T105018Z\program.html
ME,20252,2025-2026 Spring,569,Mechanical Engineering/Makina Mühendisliği,5690098,ME 98,98,DOCTORAL QUALIFYING EXAMINATION (DOKTORA YETERLİK SINAVI ),10.0,"0.00 (0.00,0.00,0.00)",Doctoral/Doktora,Doctoral Qualifying Exam / Doktora Yeterlik Sınavı,https://student.metu.edu.tr/proxy/View_Program_Course_Details_64/main.php,2026-05-11T10:50:18+00:00,data\raw\sais\offerings\20252\ME\20260511T105018Z\program.html
ME,20252,2025-2026 Spring,569,Mechanical Engineering/Makina Mühendisliği,5690099,ME 99,99,THESIS PROPOSAL DEFENSE (TEZ ÖNERİSİ SAVUNMASI ),10.0,"0.00 (0.00,0.00,0.00)",Doctoral/Doktora,Thesis Proposal Defense / Tez Önerisi Savunması,https://student.metu.edu.tr/proxy/View_Program_Course_Details_64/main.php,2026-05-11T10:50:18+00:00,data\raw\sais\offerings\20252\ME\20260511T105018Z\program.html
ME,20252,2025-2026 Spring,569,Mechanical Engineering/Makina Mühendisliği,5690105,ME 105,105,COMPUTER AIDED ENGINEERING GRAPHICS (BİLGİSAYAR DESTEKLİ TEKNİK RESİM ),5.0,"3.00 (2.00,2.00,0.00)",Undergraduate/Lisans,Undergraduate / Lisans,https://student.metu.edu.tr/proxy/View_Program_Course_Details_64/main.php,2026-05-11T10:50:18+00:00,data\raw\sais\offerings\20252\ME\20260511T105018Z\program.html
ME,20252,2025-2026 Spring,569,Mechanical Engineering/Makina Mühendisliği,5690110,ME 110,110,INTRODUCTION TO MECHANICAL ENGINEERING (MAKİNA MÜHENDİSLİĞİNE GİRİŞ ),3.0,"2.00 (2.00,0.00,0.00)",Undergraduate/Lisans,Undergraduate / Lisans,https://student.metu.edu.tr/proxy/View_Program_Course_Details_64/main.php,2026-05-11T10:50:18+00:00,data\raw\sais\offerings\20252\ME\20260511T105018Z\program.html
ME,20252,2025-2026 Spring,569,Mechanical Engineering/Makina Mühendisliği,5690117,ME 117,117,COMPUTER AIDED ENGINEERING DRAWING (BİLGİSAYAR DESTEKLİ TEKNİK ÇİZİM ),5.0,"3.00 (2.00,2.00,0.00)",Undergraduate/Lisans,Undergraduate / Lisans,https://student.metu.edu.tr/proxy/View_Program_Course_Details_64/main.php,2026-05-11T10:50:18+00:00,data\raw\sais\offerings\20252\ME\20260511T105018Z\program.html
ME,20252,2025-2026 Spring,569,Mechanical Engineering/Makina Mühendisliği,5690202,ME 202,202,MANUFACTURING TECHNOLOGIES (İMALAT TEKNOLOJİLERİ ),5.0,"3.00 (3.00,0.00,)",Undergraduate/Lisans,Undergraduate / Lisans,https://student.metu.edu.tr/proxy/View_Program_Course_Details_64/main.php,2026-05-11T10:50:18+00:00,data\raw\sais\offerings\20252\ME\20260511T105018Z\program.html
ME,20252,2025-2026 Spring,569,Mechanical Engineering/Makina Mühendisliği,5690204,ME 204,204,THERMODYNAMICS II (TERMODİNAMİK II ),5.0,"3.00 (3.00,0.00,)",Undergraduate/Lisans,Undergraduate / Lisans,https://student.metu.edu.tr/proxy/View_Program_Course_Details_64/main.php,2026-05-11T10:50:18+00:00,data\raw\sais\offerings\20252\ME\20260511T105018Z\program.html
ME,20252,2025-2026 Spring,569,Mechanical Engineering/Makina Mühendisliği,5690206,ME 206,206,STRENGTH OF MATERIALS (MUKAVEMET ),5.0,"3.00 (3.00,0.00,)",Undergraduate/Lisans,Undergraduate / Lisans,https://student.metu.edu.tr/proxy/View_Program_Course_Details_64/main.php,2026-05-11T10:50:18+00:00,data\raw\sais\offerings\20252\ME\20260511T105018Z\program.html
ME,20252,2025-2026 Spring,569,Mechanical Engineering/Makina Mühendisliği,5690208,ME 208,208,DYNAMICS (DİNAMİK ),5.0,"3.00 (3.00,0.00,)",Undergraduate/Lisans,Undergraduate / Lisans,https://student.metu.edu.tr/proxy/View_Program_Course_Details_64/main.php,2026-05-11T10:50:18+00:00,data\raw\sais\offerings\20252\ME\20260511T105018Z\program.html
ME,20252,2025-2026 Spring,569,Mechanical Engineering/Makina Mühendisliği,5690210,ME 210,210,APPLIED MATH. FOR MECHANICAL ENGINEERS (MAKİNA MÜHENDİSLİĞİ İÇİN UYGULAMALI MATEMATİK ),5.0,"3.00 (3.00,0.00,)",Undergraduate/Lisans,Undergraduate / Lisans,https://student.metu.edu.tr/proxy/View_Program_Course_Details_64/main.php,2026-05-11T10:50:18+00:00,data\raw\sais\offerings\20252\ME\20260511T105018Z\program.html
ME,20252,2025-2026 Spring,569,Mechanical Engineering/Makina Mühendisliği,5690212,ME 212,212,PRINCIPLES OF PRODUCTION ENGINEERING (TEMEL ÜRETİM MÜHENDİSLİĞİ ),5.0,"3.00 (3.00,0.00,0.00)",Undergraduate/Lisans,Undergraduate / Lisans,https://student.metu.edu.tr/proxy/View_Program_Course_Details_64/main.php,2026-05-11T10:50:18+00:00,data\raw\sais\offerings\20252\ME\20260511T105018Z\program.html
ME,20252,2025-2026 Spring,569,Mechanical Engineering/Makina Mühendisliği,5690300,ME 300,300,SUMMER PRACTICE I (YAZ STAJI I ),5.0,"0.00 (0.00,0.00,0.00)",Undergraduate/Lisans,Undergraduate Practice / Lisans Staj,https://student.metu.edu.tr/proxy/View_Program_Course_Details_64/main.php,2026-05-11T10:50:18+00:00,data\raw\sais\offerings\20252\ME\20260511T105018Z\program.html
ME,20252,2025-2026 Spring,569,Mechanical Engineering/Makina Mühendisliği,5690302,ME 302,302,THEORY OF MACHINES II (MAKİNA TEORİSİ II ),5.0,"3.00 (3.00,0.00,)",Undergraduate/Lisans,Undergraduate / Lisans,https://student.metu.edu.tr/proxy/View_Program_Course_Details_64/main.php,2026-05-11T10:50:18+00:00,data\raw\sais\offerings\20252\ME\20260511T105018Z\program.html
ME,20252,2025-2026 Spring,569,Mechanical Engineering/Makina Mühendisliği,5690303,ME 303,303,MANUFACTURING ENGINEERING (ÜRETİM MÜHENDİSLİĞİ ),5.0,"3.00 (3.00,0.00,)",Undergraduate/Lisans,Undergraduate / Lisans,https://student.metu.edu.tr/proxy/View_Program_Course_Details_64/main.php,2026-05-11T10:50:18+00:00,data\raw\sais\offerings\20252\ME\20260511T105018Z\program.html
ME,20252,2025-2026 Spring,569,Mechanical Engineering/Makina Mühendisliği,5690304,ME 304,304,CONTROL SYSTEMS (KONTROL SİSTEMLERİ ),5.0,"3.00 (3.00,0.00,)",Undergraduate/Lisans,Undergraduate / Lisans,https://student.metu.edu.tr/proxy/View_Program_Course_Details_64/main.php,2026-05-11T10:50:18+00:00,data\raw\sais\offerings\20252\ME\20260511T105018Z\program.html
ME,20252,2025-2026 Spring,569,Mechanical Engineering/Makina Mühendisliği,5690306,ME 306,306,FLUID MECHANICS II (AKIŞKANLAR MEKANİĞİ II ),5.0,"3.00 (3.00,0.00,)",Undergraduate/Lisans,Undergraduate / Lisans,https://student.metu.edu.tr/proxy/View_Program_Course_Details_64/main.php,2026-05-11T10:50:18+00:00,data\raw\sais\offerings\20252\ME\20260511T105018Z\program.html
ME,20252,2025-2026 Spring,569,Mechanical Engineering/Makina Mühendisliği,5690308,ME 308,308,MACHINE ELEMENTS II (MAKİNA ELEMANLARI II ),5.0,"3.00 (3.00,0.00,0.00)",Undergraduate/Lisans,Undergraduate / Lisans,https://student.metu.edu.tr/proxy/View_Program_Course_Details_64/main.php,2026-05-11T10:50:18+00:00,data\raw\sais\offerings\20252\ME\20260511T105018Z\program.html
ME,20252,2025-2026 Spring,569,Mechanical Engineering/Makina Mühendisliği,5690310,ME 310,310,NUMERICAL METHODS (SAYISAL YÖNTEMLER ),5.0,"3.00 (3.00,0.00,)",Undergraduate/Lisans,Undergraduate / Lisans,https://student.metu.edu.tr/proxy/View_Program_Course_Details_64/main.php,2026-05-11T10:50:18+00:00,data\raw\sais\offerings\20252\ME\20260511T105018Z\program.html
ME,20252,2025-2026 Spring,569,Mechanical Engineering/Makina Mühendisliği,5690312,ME 312,312,THERMAL ENGINEERING (ISIL MÜHENDİSLİK ),5.0,"3.00 (3.00,0.00,)",Undergraduate/Lisans,Undergraduate / Lisans,https://student.metu.edu.tr/proxy/View_Program_Course_Details_64/main.php,2026-05-11T10:50:18+00:00,data\raw\sais\offerings\20252\ME\20260511T105018Z\program.html
ME,20252,2025-2026 Spring,569,Mechanical Engineering/Makina Mühendisliği,5690351,ME 351,351,THERMODYNAMICS OF HEAT POWER (ISIL GÜÇ TERMODİNAMİĞİ ),5.0,"3.00 (3.00,0.00,0.00)",Undergraduate/Lisans,Undergraduate / Lisans,https://student.metu.edu.tr/proxy/View_Program_Course_Details_64/main.php,2026-05-11T10:50:18+00:00,data\raw\sais\offerings\20252\ME\20260511T105018Z\program.html
ME,20252,2025-2026 Spring,569,Mechanical Engineering/Makina Mühendisliği,5690400,ME 400,400,SUMMER PRACTICE II (YAZ STAJI II ),5.0,"0.00 (0.00,0.00,0.00)",Undergraduate/Lisans,Undergraduate Practice / Lisans Staj,https://student.metu.edu.tr/proxy/View_Program_Course_Details_64/main.php,2026-05-11T10:50:18+00:00,data\raw\sais\offerings\20252\ME\20260511T105018Z\program.html
ME,20252,2025-2026 Spring,569,Mechanical Engineering/Makina Mühendisliği,5690402,ME 402,402,FLUID MACHINERY (AKIŞKAN MAKİNALARI ),5.0,"3.00 (3.00,0.00,)",Undergraduate/Lisans,Undergraduate / Lisans,https://student.metu.edu.tr/proxy/View_Program_Course_Details_64/main.php,2026-05-11T10:50:18+00:00,data\raw\sais\offerings\20252\ME\20260511T105018Z\program.html
ME,20252,2025-2026 Spring,569,Mechanical Engineering/Makina Mühendisliği,5690403,ME 403,403,"HEATING, VENT., AIR COND. & REFRIGERAT (ISITMA, HAVALANDIRMA, İKLİMLENDİRME VE SOĞUTMA )",5.0,"3.00 (3.00,0.00,)",Undergraduate/Lisans,Undergraduate / Lisans,https://student.metu.edu.tr/proxy/View_Program_Course_Details_64/main.php,2026-05-11T10:50:18+00:00,data\raw\sais\offerings\20252\ME\20260511T105018Z\program.html
ME,20252,2025-2026 Spring,569,Mechanical Engineering/Makina Mühendisliği,5690407,ME 407,407,MECHANICAL ENGINEERING DESIGN (MAKİNA MÜHENDİSLİĞİ TASARIMI ),6.0,"3.00 (2.00,2.00,)",Undergraduate/Lisans,Undergraduate / Lisans,https://student.metu.edu.tr/proxy/View_Program_Course_Details_64/main.php,2026-05-11T10:50:18+00:00,data\raw\sais\offerings\20252\ME\20260511T105018Z\program.html
ME,20252,2025-2026 Spring,569,Mechanical Engineering/Makina Mühendisliği,5690410,ME 410,410,MECHANICAL ENGINEERING SYSTEMS LAB. (MAKİNA MÜHENDİSLİĞİ SİSTEMLERİ LABORATUVARI ),5.0,"3.00 (2.00,2.00,)",Undergraduate/Lisans,Undergraduate / Lisans,https://student.metu.edu.tr/proxy/View_Program_Course_Details_64/main.php,2026-05-11T10:50:18+00:00,data\raw\sais\offerings\20252\ME\20260511T105018Z\program.html
ME,20252,2025-2026 Spring,569,Mechanical Engineering/Makina Mühendisliği,5690418,ME 418,418,DYNAMICS OF MACHINERY (MAKİNA DİNAMİĞİ ),5.0,"3.00 (3.00,0.00,)",Undergraduate/Lisans,Undergraduate / Lisans,https://student.metu.edu.tr/proxy/View_Program_Course_Details_64/main.php,2026-05-11T10:50:18+00:00,data\raw\sais\offerings\20252\ME\20260511T105018Z\program.html
ME,20252,2025-2026 Spring,569,Mechanical Engineering/Makina Mühendisliği,5690420,ME 420,420,REFRIGERATION ENGINEERING (SOĞUTMA MÜHENDİSLİĞİ ),5.0,"3.00 (3.00,0.00,)",Undergraduate/Lisans,Undergraduate / Lisans,https://student.metu.edu.tr/proxy/View_Program_Course_Details_64/main.php,2026-05-11T10:50:18+00:00,data\raw\sais\offerings\20252\ME\20260511T105018Z\program.html
ME,20252,2025-2026 Spring,569,Mechanical Engineering/Makina Mühendisliği,5690421,ME 421,421,STEAM GENERATOR & HEAT EXCHANGER DESIGN (BUHAR ÜRETECİ VE ISI DEĞİŞTİRGECİ TASARIMI ),5.0,"3.00 (3.00,0.00,)",Undergraduate/Lisans,Undergraduate / Lisans,https://student.metu.edu.tr/proxy/View_Program_Course_Details_64/main.php,2026-05-11T10:50:18+00:00,data\raw\sais\offerings\20252\ME\20260511T105018Z\program.html
ME,20252,2025-2026 Spring,569,Mechanical Engineering/Makina Mühendisliği,5690438,ME 438,438,THEORY OF COMBUSTION (YANMA TEORİSİ ),5.0,"3.00 (3.00,0.00,)",Undergraduate/Lisans,Undergraduate / Lisans,https://student.metu.edu.tr/proxy/View_Program_Course_Details_64/main.php,2026-05-11T10:50:18+00:00,data\raw\sais\offerings\20252\ME\20260511T105018Z\program.html
ME,20252,2025-2026 Spring,569,Mechanical Engineering/Makina Mühendisliği,5690445,ME 445,445,INTEGRATED MANUFACTURING SYSTEMS (BÜTÜNLEŞİK İMALAT SİSTEMLERİ ),5.0,"3.00 (3.00,0.00,)",Undergraduate/Lisans,Undergraduate / Lisans,https://student.metu.edu.tr/proxy/View_Program_Course_Details_64/main.php,2026-05-11T10:50:18+00:00,data\raw\sais\offerings\20252\ME\20260511T105018Z\program.html
ME,20252,2025-2026 Spring,569,Mechanical Engineering/Makina Mühendisliği,5690448,ME 448,448,FUNDAMENTALS OF MICRO ELECTROMECHAN.SYST.&MICROSYST. (MİKROELEKTROMEKANİK VE MİKROSİSTEMLERİN TEMELLERİ ),5.0,"3.00 (3.00,0.00,0.00)",Undergraduate/Lisans,Undergraduate / Lisans,https://student.metu.edu.tr/proxy/View_Program_Course_Details_64/main.php,2026-05-11T10:50:18+00:00,data\raw\sais\offerings\20252\ME\20260511T105018Z\program.html
ME,20252,2025-2026 Spring,569,Mechanical Engineering/Makina Mühendisliği,5690451,ME 451,451,INTRODUCTION TO COMPOSITE STRUCTURES (KOMPOZİT YAPILARA GİRİŞ ),5.0,"3.00 (3.00,0.00,)",Undergraduate/Lisans,Undergraduate / Lisans,https://student.metu.edu.tr/proxy/View_Program_Course_Details_64/main.php,2026-05-11T10:50:18+00:00,data\raw\sais\offerings\20252\ME\20260511T105018Z\program.html
ME,20252,2025-2026 Spring,569,Mechanical Engineering/Makina Mühendisliği,5690462,ME 462,462,MECHATRONIC DESIGN (MEKATRONİK TASARIM ),5.0,"3.00 (2.00,2.00,0.00)",Undergraduate/Lisans,Undergraduate / Lisans,https://student.metu.edu.tr/proxy/View_Program_Course_Details_64/main.php,2026-05-11T10:50:18+00:00,data\raw\sais\offerings\20252\ME\20260511T105018Z\program.html
ME,20252,2025-2026 Spring,569,Mechanical Engineering/Makina Mühendisliği,5690474,ME 474,474,DESIGN OF RENEWABLE ENERGY SYSTEMS (YENİLENEBİLİR ENERJİ SİSTEMİ TASARIMI ),5.0,"3.00 (3.00,0.00,0.00)",Undergraduate/Lisans,Undergraduate / Lisans,https://student.metu.edu.tr/proxy/View_Program_Course_Details_64/main.php,2026-05-11T10:50:18+00:00,data\raw\sais\offerings\20252\ME\20260511T105018Z\program.html
ME,20252,2025-2026 Spring,569,Mechanical Engineering/Makina Mühendisliği,5690484,ME 484,484,TURBULENCE AND ITS MEASUREMENT (TÜRBÜLANS VE ÖLÇÜMÜ ),5.0,"3.00 (3.00,0.00,)",Undergraduate/Lisans,Undergraduate / Lisans,https://student.metu.edu.tr/proxy/View_Program_Course_Details_64/main.php,2026-05-11T10:50:18+00:00,data\raw\sais\offerings\20252\ME\20260511T105018Z\program.html
ME,20252,2025-2026 Spring,569,Mechanical Engineering/Makina Mühendisliği,5690500,ME 500,500,M.S. THESIS (YÜKSEK LİSANS TEZİ ),50.0,"0.00 (0.00,0.00,)",Master`s/Yüksek Lisans,M.S. Thesis / Yüksek Lisans Tez,https://student.metu.edu.tr/proxy/View_Program_Course_Details_64/main.php,2026-05-11T10:50:18+00:00,data\raw\sais\offerings\20252\ME\20260511T105018Z\program.html
ME,20252,2025-2026 Spring,569,Mechanical Engineering/Makina Mühendisliği,5690503,ME 503,503,ADVANCED GAS DYNAMICS (İLERİ GAZ DİNAMİĞİ ),8.0,"3.00 (3.00,0.00,)",Graduate/Yüksek Lisans+Doktora,Master's / Yüksek Lisans,https://student.metu.edu.tr/proxy/View_Program_Course_Details_64/main.php,2026-05-11T10:50:18+00:00,data\raw\sais\offerings\20252\ME\20260511T105018Z\program.html
ME,20252,2025-2026 Spring,569,Mechanical Engineering/Makina Mühendisliği,5690505,ME 505,505,ADVANCED HEAT TRANSFER II (İLERİ ISI TRANSFERİ II ),8.0,"3.00 (3.00,0.00,)",Graduate/Yüksek Lisans+Doktora,Master's / Yüksek Lisans,https://student.metu.edu.tr/proxy/View_Program_Course_Details_64/main.php,2026-05-11T10:50:18+00:00,data\raw\sais\offerings\20252\ME\20260511T105018Z\program.html
ME,20252,2025-2026 Spring,569,Mechanical Engineering/Makina Mühendisliği,5690506,ME 506,506,DYNAMICS OF NONLINEAR SYSTEMS (DOĞRUSAL OLMAYAN SİSTEM DİNAMİĞİ ),8.0,"3.00 (3.00,0.00,)",Graduate/Yüksek Lisans+Doktora,Master's / Yüksek Lisans,https://student.metu.edu.tr/proxy/View_Program_Course_Details_64/main.php,2026-05-11T10:50:18+00:00,data\raw\sais\offerings\20252\ME\20260511T105018Z\program.html
ME,20252,2025-2026 Spring,569,Mechanical Engineering/Makina Mühendisliği,5690507,ME 507,507,APPLIED OPTIMAL CONTROL (UYGULAMALI OPTİMAL KONTROL ),8.0,"3.00 (3.00,0.00,)",Graduate/Yüksek Lisans+Doktora,Master's / Yüksek Lisans,https://student.metu.edu.tr/proxy/View_Program_Course_Details_64/main.php,2026-05-11T10:50:18+00:00,data\raw\sais\offerings\20252\ME\20260511T105018Z\program.html
ME,20252,2025-2026 Spring,569,Mechanical Engineering/Makina Mühendisliği,5690518,ME 518,518,BOUNDARY LAYER THEORY (SINIR TABAKASI TEORİSİ ),8.0,"3.00 (3.00,0.00,)",Graduate/Yüksek Lisans+Doktora,Master's / Yüksek Lisans,https://student.metu.edu.tr/proxy/View_Program_Course_Details_64/main.php,2026-05-11T10:50:18+00:00,data\raw\sais\offerings\20252\ME\20260511T105018Z\program.html
ME,20252,2025-2026 Spring,569,Mechanical Engineering/Makina Mühendisliği,5690521,ME 521,521,ANALYTICAL METHODS IN ENGINEERING I (MÜHENDİSLİKTE ANALİTİK YÖNTEMLER I ),8.0,"3.00 (3.00,0.00,)",Graduate/Yüksek Lisans+Doktora,Master's / Yüksek Lisans,https://student.metu.edu.tr/proxy/View_Program_Course_Details_64/main.php,2026-05-11T10:50:18+00:00,data\raw\sais\offerings\20252\ME\20260511T105018Z\program.html
ME,20252,2025-2026 Spring,569,Mechanical Engineering/Makina Mühendisliği,5690522,ME 522,522,PRINCIPLES OF ROBOTICS (TEMEL ROBOTİK ),8.0,"3.00 (3.00,0.00,)",Graduate/Yüksek Lisans+Doktora,Master's / Yüksek Lisans,https://student.metu.edu.tr/proxy/View_Program_Course_Details_64/main.php,2026-05-11T10:50:18+00:00,data\raw\sais\offerings\20252\ME\20260511T105018Z\program.html
ME,20252,2025-2026 Spring,569,Mechanical Engineering/Makina Mühendisliği,5690540,ME 540,540,ANALYTICAL METHODS IN ENGINEERING II (MÜHENDİSLİKTE ANALİTİK YÖNTEMLER II ),8.0,"3.00 (3.00,0.00,)",Graduate/Yüksek Lisans+Doktora,Master's / Yüksek Lisans,https://student.metu.edu.tr/proxy/View_Program_Course_Details_64/main.php,2026-05-11T10:50:18+00:00,data\raw\sais\offerings\20252\ME\20260511T105018Z\program.html
ME,20252,2025-2026 Spring,569,Mechanical Engineering/Makina Mühendisliği,5690541,ME 541,541,PLASTICITY & COMP. AIDED METAL FORMING (PLASTİSİTE VE BİLGİSAYAR DESTEKLİ METAL ŞEKİLLENDİRME ),8.0,"3.00 (3.00,0.00,)",Graduate/Yüksek Lisans+Doktora,Master's / Yüksek Lisans,https://student.metu.edu.tr/proxy/View_Program_Course_Details_64/main.php,2026-05-11T10:50:18+00:00,data\raw\sais\offerings\20252\ME\20260511T105018Z\program.html
ME,20252,2025-2026 Spring,569,Mechanical Engineering/Makina Mühendisliği,5690546,ME 546,546,DIFFUSION PROBLEMS IN THERMAL-FLUID SCIENCES (ISI AKIŞKAN BİLİMİNDE DİFÜZYON PROBLEMLERİ ),8.0,"3.00 (3.00,0.00,0.00)",Graduate/Yüksek Lisans+Doktora,Master's / Yüksek Lisans,https://student.metu.edu.tr/proxy/View_Program_Course_Details_64/main.php,2026-05-11T10:50:18+00:00,data\raw\sais\offerings\20252\ME\20260511T105018Z\program.html
ME,20252,2025-2026 Spring,569,Mechanical Engineering/Makina Mühendisliği,5690579,ME 579,579,NONLINEAR VIBRATIONS (DOĞRUSAL OLMAYAN TİTREŞİMLER ),8.0,"3.00 (3.00,0.00,0.00)",Graduate/Yüksek Lisans+Doktora,Master's / Yüksek Lisans,https://student.metu.edu.tr/proxy/View_Program_Course_Details_64/main.php,2026-05-11T10:50:18+00:00,data\raw\sais\offerings\20252\ME\20260511T105018Z\program.html
ME,20252,2025-2026 Spring,569,Mechanical Engineering/Makina Mühendisliği,5690581,ME 581,581,FINITE ELEMENT ANALY.IN SOLID MECHANIC (SONLU ELEMANLAR ANALİZİ: KATI CİSİM MEKANİĞİ UYGULAMALARI ),8.0,"3.00 (3.00,0.00,)",Graduate/Yüksek Lisans+Doktora,Master's / Yüksek Lisans,https://student.metu.edu.tr/proxy/View_Program_Course_Details_64/main.php,2026-05-11T10:50:18+00:00,data\raw\sais\offerings\20252\ME\20260511T105018Z\program.html
ME,20252,2025-2026 Spring,569,Mechanical Engineering/Makina Mühendisliği,5690590,ME 590,590,THESIS SEMINAR (TEZ SEMİNERİ ),10.0,"0.00 (0.00,2.00,0.00)",Graduate/Yüksek Lisans+Doktora,Seminar / Seminer,https://student.metu.edu.tr/proxy/View_Program_Course_Details_64/main.php,2026-05-11T10:50:18+00:00,data\raw\sais\offerings\20252\ME\20260511T105018Z\program.html
ME,20252,2025-2026 Spring,569,Mechanical Engineering/Makina Mühendisliği,5690599,ME 599,599,RESEARCH METHODS AND ETHICS IN ENGINEERING (MÜHENDİSLİKTE ARAŞTIRMA METODLARI VE ETİK ),10.0,"0.00 (0.00,0.00,0.00)",Graduate/Yüksek Lisans+Doktora,Ethics / Etik,https://student.metu.edu.tr/proxy/View_Program_Course_Details_64/main.php,2026-05-11T10:50:18+00:00,data\raw\sais\offerings\20252\ME\20260511T105018Z\program.html
ME,20252,2025-2026 Spring,569,Mechanical Engineering/Makina Mühendisliği,5690600,ME 600,600,PH.D. THESIS (DOKTORA TEZİ ),130.0,"0.00 (0.00,0.00,)",Doctoral/Doktora,Ph.D Thesis / Doktora Tez,https://student.metu.edu.tr/proxy/View_Program_Course_Details_64/main.php,2026-05-11T10:50:18+00:00,data\raw\sais\offerings\20252\ME\20260511T105018Z\program.html
ME,20252,2025-2026 Spring,569,Mechanical Engineering/Makina Mühendisliği,5690690,ME 690,690,PH.D. THESIS SEMINAR (DOKTORA TEZ SEMİNERİ ),10.0,"0.00 (0.00,0.00,0.00)",Graduate/Yüksek Lisans+Doktora,Seminar / Seminer,https://student.metu.edu.tr/proxy/View_Program_Course_Details_64/main.php,2026-05-11T10:50:18+00:00,data\raw\sais\offerings\20252\ME\20260511T105018Z\program.html
ME,20252,2025-2026 Spring,569,Mechanical Engineering/Makina Mühendisliği,5690714,ME 714,714,GENERATIVE DESIGN FOR DIGITAL MANUFACTURING (SAYISAL İMALAT İÇİN ÜRETKEN TASARIM ),8.0,"3.00 (3.00,0.00,0.00)",Graduate/Yüksek Lisans+Doktora,Master's / Yüksek Lisans,https://student.metu.edu.tr/proxy/View_Program_Course_Details_64/main.php,2026-05-11T10:50:18+00:00,data\raw\sais\offerings\20252\ME\20260511T105018Z\program.html
METE,20252,2025-2026 Spring,570,Metallurgical and Materials Engineering/Metalurji ve Malzeme Mühendisliği,5700102,METE 102,102,INTRODUCTION TO METALLURGICAL AND MATERIALS ENGINEERING (METALURJİ VE MALZEME MÜHENDİSLİĞİNE GİRİŞ ),5.0,"2.00 (2.00,0.00,0.00)",Undergraduate/Lisans,Undergraduate / Lisans,https://student.metu.edu.tr/proxy/View_Program_Course_Details_64/main.php,2026-05-11T10:50:18+00:00,data\raw\sais\offerings\20252\METE\20260511T105018Z\program.html
METE,20252,2025-2026 Spring,570,Metallurgical and Materials Engineering/Metalurji ve Malzeme Mühendisliği,5700202,METE 202,202,MATERIALS SCIENCE II (MALZEME BİLİMİ II ),5.0,"3.00 (3.00,0.00,)",Undergraduate/Lisans,Undergraduate / Lisans,https://student.metu.edu.tr/proxy/View_Program_Course_Details_64/main.php,2026-05-11T10:50:18+00:00,data\raw\sais\offerings\20252\METE\20260511T105018Z\program.html
METE,20252,2025-2026 Spring,570,Metallurgical and Materials Engineering/Metalurji ve Malzeme Mühendisliği,5700204,METE 204,204,THERMODYNAMICS OF MATERIALS II (MALZEMELERİN TERMODİNAMİĞİ II ),5.0,"3.00 (3.00,0.00,0.00)",Undergraduate/Lisans,Undergraduate / Lisans,https://student.metu.edu.tr/proxy/View_Program_Course_Details_64/main.php,2026-05-11T10:50:18+00:00,data\raw\sais\offerings\20252\METE\20260511T105018Z\program.html
METE,20252,2025-2026 Spring,570,Metallurgical and Materials Engineering/Metalurji ve Malzeme Mühendisliği,5700206,METE 206,206,MATERIALS LABORATORY (MALZEME LABORATUVARI ),6.0,"2.00 (1.00,2.00,0.00)",Undergraduate/Lisans,Undergraduate / Lisans,https://student.metu.edu.tr/proxy/View_Program_Course_Details_64/main.php,2026-05-11T10:50:18+00:00,data\raw\sais\offerings\20252\METE\20260511T105018Z\program.html
METE,20252,2025-2026 Spring,570,Metallurgical and Materials Engineering/Metalurji ve Malzeme Mühendisliği,5700230,METE 230,230,FUNDAMENTALS OF MATERIALS SCIENCE AND ENGINEERING (MALZEME BİLİMİ VE MÜHENDİSLİĞİNİN TEMEL PRENSİPLERİ ),5.0,"3.00 (3.00,0.00,0.00)",Undergraduate/Lisans,Elective / Seçmeli,https://student.metu.edu.tr/proxy/View_Program_Course_Details_64/main.php,2026-05-11T10:50:18+00:00,data\raw\sais\offerings\20252\METE\20260511T105018Z\program.html
METE,20252,2025-2026 Spring,570,Metallurgical and Materials Engineering/Metalurji ve Malzeme Mühendisliği,5700300,METE 300,300,SUMMER PRACTICE I (YAZ STAJI I ),6.0,"0.00 (0.00,0.00,0.00)",Undergraduate/Lisans,Undergraduate Practice / Lisans Staj,https://student.metu.edu.tr/proxy/View_Program_Course_Details_64/main.php,2026-05-11T10:50:18+00:00,data\raw\sais\offerings\20252\METE\20260511T105018Z\program.html
METE,20252,2025-2026 Spring,570,Metallurgical and Materials Engineering/Metalurji ve Malzeme Mühendisliği,5700302,METE 302,302,PRINCIPLES OF SOLIDIFICATION (KATILAŞMA PRENSİPLERİ ),5.0,"3.00 (3.00,0.00,0.00)",Undergraduate/Lisans,Undergraduate / Lisans,https://student.metu.edu.tr/proxy/View_Program_Course_Details_64/main.php,2026-05-11T10:50:18+00:00,data\raw\sais\offerings\20252\METE\20260511T105018Z\program.html
METE,20252,2025-2026 Spring,570,Metallurgical and Materials Engineering/Metalurji ve Malzeme Mühendisliği,5700306,METE 306,306,CHEMICAL PRINCIPLES OF PRIMARY MATERIALS PROCESSING (BİRİNCİL MALZEME ÜRETİMİNİN KİMYASAL TEMELLERİ ),6.0,"4.00 (4.00,0.00,0.00)",Undergraduate/Lisans,Undergraduate / Lisans,https://student.metu.edu.tr/proxy/View_Program_Course_Details_64/main.php,2026-05-11T10:50:18+00:00,data\raw\sais\offerings\20252\METE\20260511T105018Z\program.html
METE,20252,2025-2026 Spring,570,Metallurgical and Materials Engineering/Metalurji ve Malzeme Mühendisliği,5700307,METE 307,307,METALLIC MATERIALS AND METALLOGRAPHY (METALİK MALZEMELER VE METALOGRAFİ ),7.0,"4.00 (3.00,2.00,0.00)",Undergraduate/Lisans,Undergraduate / Lisans,https://student.metu.edu.tr/proxy/View_Program_Course_Details_64/main.php,2026-05-11T10:50:18+00:00,data\raw\sais\offerings\20252\METE\20260511T105018Z\program.html
METE,20252,2025-2026 Spring,570,Metallurgical and Materials Engineering/Metalurji ve Malzeme Mühendisliği,5700308,METE 308,308,PHYSICAL FOUNDATIONS OF MATERIALS (MALZEMELERİN FİZİKSEL TEMELLERİ ),6.0,"4.00 (4.00,0.00,0.00)",Undergraduate/Lisans,Undergraduate / Lisans,https://student.metu.edu.tr/proxy/View_Program_Course_Details_64/main.php,2026-05-11T10:50:18+00:00,data\raw\sais\offerings\20252\METE\20260511T105018Z\program.html
METE,20252,2025-2026 Spring,570,Metallurgical and Materials Engineering/Metalurji ve Malzeme Mühendisliği,5700310,METE 310,310,STRUCTURE AND CHARACTERIZATION OF MATERIALS (MALZEMELERİN YAPISI VE KARAKTERİZASYONU ),7.0,"4.00 (3.00,2.00,0.00)",Undergraduate/Lisans,Undergraduate / Lisans,https://student.metu.edu.tr/proxy/View_Program_Course_Details_64/main.php,2026-05-11T10:50:18+00:00,data\raw\sais\offerings\20252\METE\20260511T105018Z\program.html
METE,20252,2025-2026 Spring,570,Metallurgical and Materials Engineering/Metalurji ve Malzeme Mühendisliği,5700350,METE 350,350,MULTI-SCALE MODELING AND SIMULATION OF MATERIALS (MALZEMELERİN ÇOK ÖLÇEKLİ MODELLEME VE SİMÜLASYONU ),5.0,"3.00 (2.00,2.00,0.00)",Undergraduate/Lisans,Undergraduate / Lisans,https://student.metu.edu.tr/proxy/View_Program_Course_Details_64/main.php,2026-05-11T10:50:18+00:00,data\raw\sais\offerings\20252\METE\20260511T105018Z\program.html
METE,20252,2025-2026 Spring,570,Metallurgical and Materials Engineering/Metalurji ve Malzeme Mühendisliği,5700388,METE 388,388,MATERIALS RESEARCH I (MALZEME ARAŞTIRMALARI I ),2.0,"1.00 (0.00,2.00,0.00)",Undergraduate/Lisans,Term Project / Dönem Projesi,https://student.metu.edu.tr/proxy/View_Program_Course_Details_64/main.php,2026-05-11T10:50:18+00:00,data\raw\sais\offerings\20252\METE\20260511T105018Z\program.html
METE,20252,2025-2026 Spring,570,Metallurgical and Materials Engineering/Metalurji ve Malzeme Mühendisliği,5700400,METE 400,400,SUMMER PRACTICE II (YAZ STAJI II ),6.0,"0.00 (0.00,0.00,0.00)",Undergraduate/Lisans,Undergraduate Practice / Lisans Staj,https://student.metu.edu.tr/proxy/View_Program_Course_Details_64/main.php,2026-05-11T10:50:18+00:00,data\raw\sais\offerings\20252\METE\20260511T105018Z\program.html
METE,20252,2025-2026 Spring,570,Metallurgical and Materials Engineering/Metalurji ve Malzeme Mühendisliği,5700402,METE 402,402,MATERIALS ENGINEERING DESIGN II (MALZEME MÜHENDİSLİĞİ TASARIM II ),5.0,"3.00 (1.00,4.00,0.00)",Undergraduate/Lisans,Undergraduate / Lisans,https://student.metu.edu.tr/proxy/View_Program_Course_Details_64/main.php,2026-05-11T10:50:18+00:00,data\raw\sais\offerings\20252\METE\20260511T105018Z\program.html
METE,20252,2025-2026 Spring,570,Metallurgical and Materials Engineering/Metalurji ve Malzeme Mühendisliği,5700421,METE 421,421,GLASS SCIENCE AND TECHNOLOGY (CAM BİLİMİ VE TEKNOLOJİSİ ),5.0,"3.00 (3.00,0.00,0.00)",Undergraduate/Lisans,Undergraduate / Lisans,https://student.metu.edu.tr/proxy/View_Program_Course_Details_64/main.php,2026-05-11T10:50:18+00:00,data\raw\sais\offerings\20252\METE\20260511T105018Z\program.html
METE,20252,2025-2026 Spring,570,Metallurgical and Materials Engineering/Metalurji ve Malzeme Mühendisliği,5700422,METE 422,422,STRUCTURAL CERAMICS AND CERAMIC COMPOSITES (YAPISAL SERAMİKLER VE SERAMİK KOMPOZİTLER ),5.0,"3.00 (3.00,0.00,0.00)",Undergraduate/Lisans,Undergraduate / Lisans,https://student.metu.edu.tr/proxy/View_Program_Course_Details_64/main.php,2026-05-11T10:50:18+00:00,data\raw\sais\offerings\20252\METE\20260511T105018Z\program.html
METE,20252,2025-2026 Spring,570,Metallurgical and Materials Engineering/Metalurji ve Malzeme Mühendisliği,5700436,METE 436,436,FOUNDRY LABORATORY II (DÖKÜM LABORATUVARI II ),5.0,"3.00 (2.00,2.00,)",Undergraduate/Lisans,Undergraduate / Lisans,https://student.metu.edu.tr/proxy/View_Program_Course_Details_64/main.php,2026-05-11T10:50:18+00:00,data\raw\sais\offerings\20252\METE\20260511T105018Z\program.html
METE,20252,2025-2026 Spring,570,Metallurgical and Materials Engineering/Metalurji ve Malzeme Mühendisliği,5700462,METE 462,462,RESIDUAL STRESS IN MATER. PROCESS. (MALZEME SÜREÇLERİNDE KALINTI GERİLMELER ),5.0,"3.00 (3.00,0.00,0.00)",Undergraduate/Lisans,Undergraduate / Lisans,https://student.metu.edu.tr/proxy/View_Program_Course_Details_64/main.php,2026-05-11T10:50:18+00:00,data\raw\sais\offerings\20252\METE\20260511T105018Z\program.html
METE,20252,2025-2026 Spring,570,Metallurgical and Materials Engineering/Metalurji ve Malzeme Mühendisliği,5700464,METE 464,464,HEAT TREATMENT OF METALS (METALLERİN ISIL İŞLEMİ ),5.0,"3.00 (2.00,2.00,0.00)",Undergraduate/Lisans,Undergraduate / Lisans,https://student.metu.edu.tr/proxy/View_Program_Course_Details_64/main.php,2026-05-11T10:50:18+00:00,data\raw\sais\offerings\20252\METE\20260511T105018Z\program.html
METE,20252,2025-2026 Spring,570,Metallurgical and Materials Engineering/Metalurji ve Malzeme Mühendisliği,5700466,METE 466,466,POWDER METALLURGY (TOZ METALURJİSİ ),5.0,"3.00 (3.00,0.00,)",Undergraduate/Lisans,Undergraduate / Lisans,https://student.metu.edu.tr/proxy/View_Program_Course_Details_64/main.php,2026-05-11T10:50:18+00:00,data\raw\sais\offerings\20252\METE\20260511T105018Z\program.html
METE,20252,2025-2026 Spring,570,Metallurgical and Materials Engineering/Metalurji ve Malzeme Mühendisliği,5700470,METE 470,470,COMPOSITE MATERIALS (KOMPOZİT MALZEMELER ),5.0,"3.00 (3.00,0.00,0.00)",Undergraduate/Lisans,Undergraduate / Lisans,https://student.metu.edu.tr/proxy/View_Program_Course_Details_64/main.php,2026-05-11T10:50:18+00:00,data\raw\sais\offerings\20252\METE\20260511T105018Z\program.html
METE,20252,2025-2026 Spring,570,Metallurgical and Materials Engineering/Metalurji ve Malzeme Mühendisliği,5700472,METE 472,472,CORROSION AND OXI. OF METALS (METALLERİN KOROZYONU VE OKSİTLENMESİ ),5.0,"3.00 (3.00,0.00,)",Undergraduate/Lisans,Undergraduate / Lisans,https://student.metu.edu.tr/proxy/View_Program_Course_Details_64/main.php,2026-05-11T10:50:18+00:00,data\raw\sais\offerings\20252\METE\20260511T105018Z\program.html
METE,20252,2025-2026 Spring,570,Metallurgical and Materials Engineering/Metalurji ve Malzeme Mühendisliği,5700477,METE 477,477,TESTING & EVALUATION OF ENG. MATERIALS (MÜHENDİSLİK MALZEMELERİN TESTLERİ VE DEĞERLENDİRİLMESİ ),5.0,"3.00 (2.00,2.00,)",Undergraduate/Lisans,Undergraduate / Lisans,https://student.metu.edu.tr/proxy/View_Program_Course_Details_64/main.php,2026-05-11T10:50:18+00:00,data\raw\sais\offerings\20252\METE\20260511T105018Z\program.html
METE,20252,2025-2026 Spring,570,Metallurgical and Materials Engineering/Metalurji ve Malzeme Mühendisliği,5700488,METE 488,488,MATERIALS RESEARCH II (MALZEME ARAŞTIRMALARI II ),3.0,"2.00 (1.00,2.00,0.00)",Undergraduate/Lisans,Term Project / Dönem Projesi,https://student.metu.edu.tr/proxy/View_Program_Course_Details_64/main.php,2026-05-11T10:50:18+00:00,data\raw\sais\offerings\20252\METE\20260511T105018Z\program.html
METE,20252,2025-2026 Spring,570,Metallurgical and Materials Engineering/Metalurji ve Malzeme Mühendisliği,5700489,METE 489,489,BIOMATERIALS (BİYOMALZEMELER ),5.0,"3.00 (3.00,0.00,0.00)",Undergraduate/Lisans,Undergraduate / Lisans,https://student.metu.edu.tr/proxy/View_Program_Course_Details_64/main.php,2026-05-11T10:50:18+00:00,data\raw\sais\offerings\20252\METE\20260511T105018Z\program.html
METE,20252,2025-2026 Spring,570,Metallurgical and Materials Engineering/Metalurji ve Malzeme Mühendisliği,5700500,METE 500,500,M.S. THESIS (YÜKSEK LİSANS TEZİ ),50.0,"0.00 (0.00,0.00,)",Master`s/Yüksek Lisans,M.S. Thesis / Yüksek Lisans Tez,https://student.metu.edu.tr/proxy/View_Program_Course_Details_64/main.php,2026-05-11T10:50:18+00:00,data\raw\sais\offerings\20252\METE\20260511T105018Z\program.html
METE,20252,2025-2026 Spring,570,Metallurgical and Materials Engineering/Metalurji ve Malzeme Mühendisliği,5700508,METE 508,508,CHARACTERIZATION OF MATERIALS (MALZEMELERİN KARAKTERİZASYONU ),8.0,"3.00 (2.00,2.00,0.00)",Graduate/Yüksek Lisans+Doktora,Master's / Yüksek Lisans,https://student.metu.edu.tr/proxy/View_Program_Course_Details_64/main.php,2026-05-11T10:50:18+00:00,data\raw\sais\offerings\20252\METE\20260511T105018Z\program.html
METE,20252,2025-2026 Spring,570,Metallurgical and Materials Engineering/Metalurji ve Malzeme Mühendisliği,5700522,METE 522,522,BIOCERAMICS (BİYOSERAMİKLER ),8.0,"3.00 (3.00,0.00,0.00)",Graduate/Yüksek Lisans+Doktora,Master's / Yüksek Lisans,https://student.metu.edu.tr/proxy/View_Program_Course_Details_64/main.php,2026-05-11T10:50:18+00:00,data\raw\sais\offerings\20252\METE\20260511T105018Z\program.html
METE,20252,2025-2026 Spring,570,Metallurgical and Materials Engineering/Metalurji ve Malzeme Mühendisliği,5700550,METE 550,550,SOLAR CELLS (GÜNEŞ GÖZELERİ ),8.0,"3.00 (3.00,0.00,0.00)",Graduate/Yüksek Lisans+Doktora,Master's / Yüksek Lisans,https://student.metu.edu.tr/proxy/View_Program_Course_Details_64/main.php,2026-05-11T10:50:18+00:00,data\raw\sais\offerings\20252\METE\20260511T105018Z\program.html
METE,20252,2025-2026 Spring,570,Metallurgical and Materials Engineering/Metalurji ve Malzeme Mühendisliği,5700560,METE 560,560,POLYMER NANOCOMPOSITES (POLİMER NANOKOMPOZİTLER ),8.0,"3.00 (3.00,0.00,0.00)",Graduate/Yüksek Lisans+Doktora,Master's / Yüksek Lisans,https://student.metu.edu.tr/proxy/View_Program_Course_Details_64/main.php,2026-05-11T10:50:18+00:00,data\raw\sais\offerings\20252\METE\20260511T105018Z\program.html
METE,20252,2025-2026 Spring,570,Metallurgical and Materials Engineering/Metalurji ve Malzeme Mühendisliği,5700570,METE 570,570,RESEARCH METHODS AND ETHICS IN METALLURGICAL AND MATERIALS ENGINEERING (METALURJİ VE MALZEME MÜHENDİSLİĞİNDE ARAŞTIRMA YÖNTEMLERİ VE ETİK ),8.0,"2.00 (2.00,0.00,0.00)",Graduate/Yüksek Lisans+Doktora,Ethics / Etik,https://student.metu.edu.tr/proxy/View_Program_Course_Details_64/main.php,2026-05-11T10:50:18+00:00,data\raw\sais\offerings\20252\METE\20260511T105018Z\program.html
METE,20252,2025-2026 Spring,570,Metallurgical and Materials Engineering/Metalurji ve Malzeme Mühendisliği,5700580,METE 580,580,M.S. SEMINAR (YÜKSEK LİSANS SEMİNERİ ),10.0,"0.00 (0.00,2.00,0.00)",Graduate/Yüksek Lisans+Doktora,Seminar / Seminer,https://student.metu.edu.tr/proxy/View_Program_Course_Details_64/main.php,2026-05-11T10:50:18+00:00,data\raw\sais\offerings\20252\METE\20260511T105018Z\program.html
METE,20252,2025-2026 Spring,570,Metallurgical and Materials Engineering/Metalurji ve Malzeme Mühendisliği,5700581,METE 581,581,PH.D. SEMINAR (DOKTORA SEMİNERİ ),10.0,"0.00 (0.00,2.00,0.00)",Doctoral/Doktora,Seminar / Seminer,https://student.metu.edu.tr/proxy/View_Program_Course_Details_64/main.php,2026-05-11T10:50:18+00:00,data\raw\sais\offerings\20252\METE\20260511T105018Z\program.html
METE,20252,2025-2026 Spring,570,Metallurgical and Materials Engineering/Metalurji ve Malzeme Mühendisliği,5700600,METE 600,600,PH.D. THESIS (DOKTORA TEZİ ),130.0,"0.00 (0.00,0.00,)",Doctoral/Doktora,Ph.D Thesis / Doktora Tez,https://student.metu.edu.tr/proxy/View_Program_Course_Details_64/main.php,2026-05-11T10:50:18+00:00,data\raw\sais\offerings\20252\METE\20260511T105018Z\program.html
METE,20252,2025-2026 Spring,570,Metallurgical and Materials Engineering/Metalurji ve Malzeme Mühendisliği,5700731,METE 731,731,COLLOIDAL FOUNDATIONS OF NANOSCIENCE (NANOBİLİMİN KOLLOİDAL TEMELLERİ ),8.0,"3.00 (3.00,0.00,0.00)",Graduate/Yüksek Lisans+Doktora,Master's / Yüksek Lisans,https://student.metu.edu.tr/proxy/View_Program_Course_Details_64/main.php,2026-05-11T10:50:18+00:00,data\raw\sais\offerings\20252\METE\20260511T105018Z\program.html
METE,20252,2025-2026 Spring,570,Metallurgical and Materials Engineering/Metalurji ve Malzeme Mühendisliği,5700782,METE 782,782,HYDROMETALLURGICAL RECYLING OF CRITICAL RAW MATERIALS (KRİTİK HAMMADDELERİN HİDROMETALURJİK GERİ DÖNÜŞÜMÜ ),8.0,"3.00 (3.00,0.00,0.00)",Graduate/Yüksek Lisans+Doktora,Doctoral / Doktora,https://student.metu.edu.tr/proxy/View_Program_Course_Details_64/main.php,2026-05-11T10:50:18+00:00,data\raw\sais\offerings\20252\METE\20260511T105018Z\program.html
PETE,20252,2025-2026 Spring,566,Petroleum and Natural Gas Engineering/Petrol ve Doğal Gaz Mühendisliği,5660110,PETE 110,110,INTRODUCTION TO PETROLEUM ENGINEERING (PETROL MÜHENDİSLİĞİNE GİRİŞ ),2.0,"0.00 (0.00,0.00,0.00)",Undergraduate/Lisans,Undergraduate / Lisans,https://student.metu.edu.tr/proxy/View_Program_Course_Details_64/main.php,2026-05-11T10:50:19+00:00,data\raw\sais\offerings\20252\PETE\20260511T105019Z\program.html
PETE,20252,2025-2026 Spring,566,Petroleum and Natural Gas Engineering/Petrol ve Doğal Gaz Mühendisliği,5660211,PETE 211,211,INTRODUCTION TO FLUID MECHANICS (AKIŞKANLAR MEKANİĞİNE GİRİŞ ),6.0,"4.00 (3.00,2.00,0.00)",Undergraduate/Lisans,Undergraduate / Lisans,https://student.metu.edu.tr/proxy/View_Program_Course_Details_64/main.php,2026-05-11T10:50:19+00:00,data\raw\sais\offerings\20252\PETE\20260511T105019Z\program.html
PETE,20252,2025-2026 Spring,566,Petroleum and Natural Gas Engineering/Petrol ve Doğal Gaz Mühendisliği,5660218,PETE 218,218,RESERVOIR FLUID PROPERTIES (REZERVUAR AKIŞKAN ÖZELLİKLERİ ),5.0,"3.00 (2.00,2.00,0.00)",Undergraduate/Lisans,Undergraduate / Lisans,https://student.metu.edu.tr/proxy/View_Program_Course_Details_64/main.php,2026-05-11T10:50:19+00:00,data\raw\sais\offerings\20252\PETE\20260511T105019Z\program.html
PETE,20252,2025-2026 Spring,566,Petroleum and Natural Gas Engineering/Petrol ve Doğal Gaz Mühendisliği,5660300,PETE 300,300,SUMMER PRACTICE I (YAZ STAJI I ),5.0,"0.00 (0.00,0.00,0.00)",Undergraduate/Lisans,Undergraduate Practice / Lisans Staj,https://student.metu.edu.tr/proxy/View_Program_Course_Details_64/main.php,2026-05-11T10:50:19+00:00,data\raw\sais\offerings\20252\PETE\20260511T105019Z\program.html
PETE,20252,2025-2026 Spring,566,Petroleum and Natural Gas Engineering/Petrol ve Doğal Gaz Mühendisliği,5660322,PETE 322,322,DRILLING ENGINEERING II (SONDAJ MÜHENDİSLİĞİ II ),6.0,"3.00 (3.00,0.00,)",Undergraduate/Lisans,Undergraduate / Lisans,https://student.metu.edu.tr/proxy/View_Program_Course_Details_64/main.php,2026-05-11T10:50:19+00:00,data\raw\sais\offerings\20252\PETE\20260511T105019Z\program.html
PETE,20252,2025-2026 Spring,566,Petroleum and Natural Gas Engineering/Petrol ve Doğal Gaz Mühendisliği,5660332,PETE 332,332,PETROLEUM PRODUCTION ENGINEERING II (PETROL ÜRETİM MÜHENDİSLİĞİ II ),5.0,"3.00 (3.00,0.00,0.00)",Undergraduate/Lisans,Undergraduate / Lisans,https://student.metu.edu.tr/proxy/View_Program_Course_Details_64/main.php,2026-05-11T10:50:19+00:00,data\raw\sais\offerings\20252\PETE\20260511T105019Z\program.html
PETE,20252,2025-2026 Spring,566,Petroleum and Natural Gas Engineering/Petrol ve Doğal Gaz Mühendisliği,5660344,PETE 344,344,PETROLEUM RESERVOIR ENGINEERING II (PETROL REZERVUAR MÜHENDİSLİĞİ II ),5.0,"3.00 (3.00,0.00,0.00)",Undergraduate/Lisans,Undergraduate / Lisans,https://student.metu.edu.tr/proxy/View_Program_Course_Details_64/main.php,2026-05-11T10:50:19+00:00,data\raw\sais\offerings\20252\PETE\20260511T105019Z\program.html
PETE,20252,2025-2026 Spring,566,Petroleum and Natural Gas Engineering/Petrol ve Doğal Gaz Mühendisliği,5660352,PETE 352,352,WELL LOGGING (KUYU LOGLARI ),5.0,"3.00 (3.00,0.00,)",Undergraduate/Lisans,Undergraduate / Lisans,https://student.metu.edu.tr/proxy/View_Program_Course_Details_64/main.php,2026-05-11T10:50:19+00:00,data\raw\sais\offerings\20252\PETE\20260511T105019Z\program.html
PETE,20252,2025-2026 Spring,566,Petroleum and Natural Gas Engineering/Petrol ve Doğal Gaz Mühendisliği,5660400,PETE 400,400,SUMMER PRACTICE II (YAZ STAJI II ),5.0,"0.00 (0.00,0.00,0.00)",Undergraduate/Lisans,Undergraduate Practice / Lisans Staj,https://student.metu.edu.tr/proxy/View_Program_Course_Details_64/main.php,2026-05-11T10:50:19+00:00,data\raw\sais\offerings\20252\PETE\20260511T105019Z\program.html
PETE,20252,2025-2026 Spring,566,Petroleum and Natural Gas Engineering/Petrol ve Doğal Gaz Mühendisliği,5660418,PETE 418,418,PETROLEUM ENGINEERING DESIGN II (PETROL MÜHENDİSLİĞİ TASARIM II ),5.0,"3.00 (1.00,4.00,0.00)",Undergraduate/Lisans,Undergraduate / Lisans,https://student.metu.edu.tr/proxy/View_Program_Course_Details_64/main.php,2026-05-11T10:50:19+00:00,data\raw\sais\offerings\20252\PETE\20260511T105019Z\program.html
PETE,20252,2025-2026 Spring,566,Petroleum and Natural Gas Engineering/Petrol ve Doğal Gaz Mühendisliği,5660436,PETE 436,436,RESERVOIR CHARACTERIZATION (REZERVUAR KARAKTERİZASYONU ),5.0,"3.00 (3.00,0.00,0.00)",Undergraduate/Lisans,Undergraduate / Lisans,https://student.metu.edu.tr/proxy/View_Program_Course_Details_64/main.php,2026-05-11T10:50:19+00:00,data\raw\sais\offerings\20252\PETE\20260511T105019Z\program.html
PETE,20252,2025-2026 Spring,566,Petroleum and Natural Gas Engineering/Petrol ve Doğal Gaz Mühendisliği,5660440,PETE 440,440,WELL TEST ANALYSIS (KUYU TEST ANALİZİ ),5.0,"3.00 (3.00,0.00,)",Undergraduate/Lisans,Undergraduate / Lisans,https://student.metu.edu.tr/proxy/View_Program_Course_Details_64/main.php,2026-05-11T10:50:19+00:00,data\raw\sais\offerings\20252\PETE\20260511T105019Z\program.html
PETE,20252,2025-2026 Spring,566,Petroleum and Natural Gas Engineering/Petrol ve Doğal Gaz Mühendisliği,5660450,PETE 450,450,INTRODUCTION TO GEOTHERMAL RESERVOIR ENGINEERING (JEOTERMAL REZERVUAR MÜH. GİRİŞ ),5.0,"3.00 (3.00,0.00,0.00)",Undergraduate/Lisans,Undergraduate / Lisans,https://student.metu.edu.tr/proxy/View_Program_Course_Details_64/main.php,2026-05-11T10:50:19+00:00,data\raw\sais\offerings\20252\PETE\20260511T105019Z\program.html
PETE,20252,2025-2026 Spring,566,Petroleum and Natural Gas Engineering/Petrol ve Doğal Gaz Mühendisliği,5660462,PETE 462,462,UNDERGROUND GAS STORAGE (YERALTI GAZ DEPOLAMA ),5.0,"3.00 (3.00,0.00,)",Undergraduate/Lisans,Undergraduate / Lisans,https://student.metu.edu.tr/proxy/View_Program_Course_Details_64/main.php,2026-05-11T10:50:19+00:00,data\raw\sais\offerings\20252\PETE\20260511T105019Z\program.html
PETE,20252,2025-2026 Spring,566,Petroleum and Natural Gas Engineering/Petrol ve Doğal Gaz Mühendisliği,5660488,PETE 488,488,SPECIAL TOPICS : UNCONVENTIONAL OIL AND GAS RESOURCES (ÖZEL KONULAR: KONVANSİYONEL OLMAYAN PETROL VE GAZ KAYNAKLARI ),5.0,"3.00 (3.00,0.00,0.00)",Undergraduate/Lisans,Undergraduate / Lisans,https://student.metu.edu.tr/proxy/View_Program_Course_Details_64/main.php,2026-05-11T10:50:19+00:00,data\raw\sais\offerings\20252\PETE\20260511T105019Z\program.html
PETE,20252,2025-2026 Spring,566,Petroleum and Natural Gas Engineering/Petrol ve Doğal Gaz Mühendisliği,5660492,PETE 492,492,SPECIAL TOPICS : EMERGING TECHNOLOGIES IN DRILLING ENGINEERING (SONDAJ MÜH. YENİ TEKNOLOJİLERİNDE ÖZEL KONULAR ),5.0,"3.00 (3.00,0.00,0.00)",Undergraduate/Lisans,Elective / Seçmeli,https://student.metu.edu.tr/proxy/View_Program_Course_Details_64/main.php,2026-05-11T10:50:19+00:00,data\raw\sais\offerings\20252\PETE\20260511T105019Z\program.html
PETE,20252,2025-2026 Spring,566,Petroleum and Natural Gas Engineering/Petrol ve Doğal Gaz Mühendisliği,5660499,PETE 499,499,OCCUPATIONAL HEALTH AND SAFETY FOR OIL INDUSTRY (PETROL ENDÜSTRİSİNDE İŞ SAĞLIĞI VE GÜVENLİĞİ ),5.0,"3.00 (3.00,0.00,0.00)",Undergraduate/Lisans,Undergraduate / Lisans,https://student.metu.edu.tr/proxy/View_Program_Course_Details_64/main.php,2026-05-11T10:50:19+00:00,data\raw\sais\offerings\20252\PETE\20260511T105019Z\program.html
PETE,20252,2025-2026 Spring,566,Petroleum and Natural Gas Engineering/Petrol ve Doğal Gaz Mühendisliği,5660500,PETE 500,500,M.S. THESIS (YÜKSEK LİSANS TEZİ ),50.0,"0.00 (0.00,0.00,)",Master`s/Yüksek Lisans,M.S. Thesis / Yüksek Lisans Tez,https://student.metu.edu.tr/proxy/View_Program_Course_Details_64/main.php,2026-05-11T10:50:19+00:00,data\raw\sais\offerings\20252\PETE\20260511T105019Z\program.html
PETE,20252,2025-2026 Spring,566,Petroleum and Natural Gas Engineering/Petrol ve Doğal Gaz Mühendisliği,5660505,PETE 505,505,SURFACE PRODUCTION OPERATIONS (YÜZEY ÜRETİM OPERASYONLARI ),8.0,"3.00 (3.00,0.00,)",Graduate/Yüksek Lisans+Doktora,Master's / Yüksek Lisans,https://student.metu.edu.tr/proxy/View_Program_Course_Details_64/main.php,2026-05-11T10:50:19+00:00,data\raw\sais\offerings\20252\PETE\20260511T105019Z\program.html
PETE,20252,2025-2026 Spring,566,Petroleum and Natural Gas Engineering/Petrol ve Doğal Gaz Mühendisliği,5660507,PETE 507,507,NUMERICAL RESERVOIR SIMULATION I (SAYISAL REZERVUAR SİMÜLASYONU I ),8.0,"3.00 (3.00,0.00,)",Graduate/Yüksek Lisans+Doktora,Master's / Yüksek Lisans,https://student.metu.edu.tr/proxy/View_Program_Course_Details_64/main.php,2026-05-11T10:50:19+00:00,data\raw\sais\offerings\20252\PETE\20260511T105019Z\program.html
PETE,20252,2025-2026 Spring,566,Petroleum and Natural Gas Engineering/Petrol ve Doğal Gaz Mühendisliği,5660509,PETE 509,509,MODELLING OF GEOTHERMAL RESERVOIRS (JEOTERMAL REZERVUARLARIN MODELLENMESİ ),8.0,"3.00 (3.00,0.00,)",Graduate/Yüksek Lisans+Doktora,Master's / Yüksek Lisans,https://student.metu.edu.tr/proxy/View_Program_Course_Details_64/main.php,2026-05-11T10:50:19+00:00,data\raw\sais\offerings\20252\PETE\20260511T105019Z\program.html
PETE,20252,2025-2026 Spring,566,Petroleum and Natural Gas Engineering/Petrol ve Doğal Gaz Mühendisliği,5660519,PETE 519,519,WORLD ENERGY SOURCES (DÜNYA ENERJİ KAYNAKLARI ),8.0,"3.00 (3.00,0.00,)",Graduate/Yüksek Lisans+Doktora,Master's / Yüksek Lisans,https://student.metu.edu.tr/proxy/View_Program_Course_Details_64/main.php,2026-05-11T10:50:19+00:00,data\raw\sais\offerings\20252\PETE\20260511T105019Z\program.html
PETE,20252,2025-2026 Spring,566,Petroleum and Natural Gas Engineering/Petrol ve Doğal Gaz Mühendisliği,5660560,PETE 560,560,OPTIMIZ.OF PETROLEUM RECOVERY PROCESSE (PETROL ÜRETİM SÜRECİNİN OPTİMİZE EDİLMESİ ),8.0,"3.00 (3.00,0.00,)",Graduate/Yüksek Lisans+Doktora,Master's / Yüksek Lisans,https://student.metu.edu.tr/proxy/View_Program_Course_Details_64/main.php,2026-05-11T10:50:19+00:00,data\raw\sais\offerings\20252\PETE\20260511T105019Z\program.html
PETE,20252,2025-2026 Spring,566,Petroleum and Natural Gas Engineering/Petrol ve Doğal Gaz Mühendisliği,5660563,PETE 563,563,RESERVOIR MANAGEMENT (REZERVUAR YÖNETİMİ ),8.0,"3.00 (3.00,0.00,)",Graduate/Yüksek Lisans+Doktora,Master's / Yüksek Lisans,https://student.metu.edu.tr/proxy/View_Program_Course_Details_64/main.php,2026-05-11T10:50:19+00:00,data\raw\sais\offerings\20252\PETE\20260511T105019Z\program.html
PETE,20252,2025-2026 Spring,566,Petroleum and Natural Gas Engineering/Petrol ve Doğal Gaz Mühendisliği,5660580,PETE 580,580,RESEARCH METHODS AND ETHICS IN PETROLEUM AND NATURAL GAS ENGINEERING (PETROL VE DOĞAL GAZ MÜHENDİSLİĞİNDE ARAŞTIRMA YÖNTEMLERİ VE ETİK ),10.0,"0.00 (0.00,0.00,0.00)",Graduate/Yüksek Lisans+Doktora,Ethics / Etik,https://student.metu.edu.tr/proxy/View_Program_Course_Details_64/main.php,2026-05-11T10:50:19+00:00,data\raw\sais\offerings\20252\PETE\20260511T105019Z\program.html
PETE,20252,2025-2026 Spring,566,Petroleum and Natural Gas Engineering/Petrol ve Doğal Gaz Mühendisliği,5660590,PETE 590,590,SEMINAR I (SEMİNER I ),10.0,"0.00 (0.00,2.00,0.00)",Graduate/Yüksek Lisans+Doktora,Seminar / Seminer,https://student.metu.edu.tr/proxy/View_Program_Course_Details_64/main.php,2026-05-11T10:50:19+00:00,data\raw\sais\offerings\20252\PETE\20260511T105019Z\program.html
PETE,20252,2025-2026 Spring,566,Petroleum and Natural Gas Engineering/Petrol ve Doğal Gaz Mühendisliği,5660600,PETE 600,600,PH.D. THESIS (DOKTORA TEZİ ),130.0,"0.00 (0.00,0.00,)",Doctoral/Doktora,Ph.D Thesis / Doktora Tez,https://student.metu.edu.tr/proxy/View_Program_Course_Details_64/main.php,2026-05-11T10:50:19+00:00,data\raw\sais\offerings\20252\PETE\20260511T105019Z\program.html
PETE,20252,2025-2026 Spring,566,Petroleum and Natural Gas Engineering/Petrol ve Doğal Gaz Mühendisliği,5660690,PETE 690,690,GRADUATE SEMINAR (LİSANSÜSTÜ SEMİNERİ ),10.0,"0.00 (0.00,2.00,0.00)",Graduate/Yüksek Lisans+Doktora,Seminar / Seminer,https://student.metu.edu.tr/proxy/View_Program_Course_Details_64/main.php,2026-05-11T10:50:19+00:00,data\raw\sais\offerings\20252\PETE\20260511T105019Z\program.html
PETE,20252,2025-2026 Spring,566,Petroleum and Natural Gas Engineering/Petrol ve Doğal Gaz Mühendisliği,5660702,PETE 702,702,DYNAMICS OF WORLD OIL (KÜRESEL PETROL PİYASASI DİNAMİKLERİ ),8.0,"3.00 (3.00,0.00,0.00)",Graduate/Yüksek Lisans+Doktora,Master's / Yüksek Lisans,https://student.metu.edu.tr/proxy/View_Program_Course_Details_64/main.php,2026-05-11T10:50:19+00:00,data\raw\sais\offerings\20252\PETE\20260511T105019Z\program.html
BA,20252,2025-2026 Spring,312,Business Administration/İşletme,3120100,BA 100,100,CAREER PLANNING (KARİYER PLANLAMA ),2.0,"0.00 (1.00,0.00,0.00)",Undergraduate/Lisans,Undergraduate / Lisans,https://student.metu.edu.tr/proxy/View_Program_Course_Details_64/main.php,2026-05-11T10:50:19+00:00,data\raw\sais\offerings\20252\BA\20260511T105019Z\program.html
BA,20252,2025-2026 Spring,312,Business Administration/İşletme,3120401,BA 401,401,FUNDAMENTALS OF ENTREPRENEURSHIP (Girişimciliğin Temelleri ),6.0,"3.00 (3.00,0.00,0.00)",Undergraduate/Lisans,Undergraduate / Lisans,https://student.metu.edu.tr/proxy/View_Program_Course_Details_64/main.php,2026-05-11T10:50:19+00:00,data\raw\sais\offerings\20252\BA\20260511T105019Z\program.html
BA,20252,2025-2026 Spring,312,Business Administration/İşletme,3120409,BA 409,409,SECTORAL APPLICATIONS FOR SUSTAINABLE DEVELOPMENT (SÜRDÜRÜLEBİLİR KALKINMA İÇİN SEKTÖR UYGULAMALARI ),6.0,"3.00 (3.00,0.00,0.00)",Undergraduate/Lisans,Undergraduate / Lisans,https://student.metu.edu.tr/proxy/View_Program_Course_Details_64/main.php,2026-05-11T10:50:19+00:00,data\raw\sais\offerings\20252\BA\20260511T105019Z\program.html
BA,20252,2025-2026 Spring,312,Business Administration/İşletme,3121502,BA 1502,1502,BUSINESS STATISTICS (İşletme için İstatistik ),6.0,"3.00 (3.00,0.00,0.00)",Undergraduate/Lisans,Undergraduate / Lisans,https://student.metu.edu.tr/proxy/View_Program_Course_Details_64/main.php,2026-05-11T10:50:19+00:00,data\raw\sais\offerings\20252\BA\20260511T105019Z\program.html
BA,20252,2025-2026 Spring,312,Business Administration/İşletme,3122204,BA 2204,2204,HUMAN RESOURCE MANAGEMENT (İnsan Kaynakları Yönetimi ),6.0,"3.00 (3.00,0.00,0.00)",Undergraduate/Lisans,Undergraduate / Lisans,https://student.metu.edu.tr/proxy/View_Program_Course_Details_64/main.php,2026-05-11T10:50:19+00:00,data\raw\sais\offerings\20252\BA\20260511T105019Z\program.html
BA,20252,2025-2026 Spring,312,Business Administration/İşletme,3122206,BA 2206,2206,ORGANIZATION THEORY ( Örgüt Kuramı ),6.0,"3.00 (3.00,0.00,0.00)",Undergraduate/Lisans,Undergraduate / Lisans,https://student.metu.edu.tr/proxy/View_Program_Course_Details_64/main.php,2026-05-11T10:50:19+00:00,data\raw\sais\offerings\20252\BA\20260511T105019Z\program.html
BA,20252,2025-2026 Spring,312,Business Administration/İşletme,3122802,BA 2802,2802,PRINCIPLES OF FINANCE (Finansın İlkeleri ),6.0,"3.00 (3.00,0.00,0.00)",Undergraduate/Lisans,Undergraduate / Lisans,https://student.metu.edu.tr/proxy/View_Program_Course_Details_64/main.php,2026-05-11T10:50:19+00:00,data\raw\sais\offerings\20252\BA\20260511T105019Z\program.html
BA,20252,2025-2026 Spring,312,Business Administration/İşletme,3123504,BA 3504,3504,MANAGEMENT SCIENCE (Yönetim Bilimi ),6.0,"3.00 (3.00,0.00,0.00)",Undergraduate/Lisans,Undergraduate / Lisans,https://student.metu.edu.tr/proxy/View_Program_Course_Details_64/main.php,2026-05-11T10:50:19+00:00,data\raw\sais\offerings\20252\BA\20260511T105019Z\program.html
BA,20252,2025-2026 Spring,312,Business Administration/İşletme,3124098,BA 4098,4098,HONORS SEMINAR (Onur Öğrencileri için Seminer ),6.0,"3.00 (3.00,0.00,0.00)",Undergraduate/Lisans,Undergraduate / Lisans,https://student.metu.edu.tr/proxy/View_Program_Course_Details_64/main.php,2026-05-11T10:50:19+00:00,data\raw\sais\offerings\20252\BA\20260511T105019Z\program.html
BA,20252,2025-2026 Spring,312,Business Administration/İşletme,3124099,BA 4099,4099,INDEPENDENT STUDY (Bireysel Çalışma ),6.0,"3.00 (3.00,0.00,0.00)",Undergraduate/Lisans,Undergraduate / Lisans,https://student.metu.edu.tr/proxy/View_Program_Course_Details_64/main.php,2026-05-11T10:50:19+00:00,data\raw\sais\offerings\20252\BA\20260511T105019Z\program.html
BA,20252,2025-2026 Spring,312,Business Administration/İşletme,3124104,BA 4104,4104,MANAGERIAL SKILLS LABORATORY II (Yönetim Becerileri Laboratuvarı II ),1.0,"1.00 (0.00,2.00,0.00)",Undergraduate/Lisans,Labaratory / Laboratuvar,https://student.metu.edu.tr/proxy/View_Program_Course_Details_64/main.php,2026-05-11T10:50:19+00:00,data\raw\sais\offerings\20252\BA\20260511T105019Z\program.html
BA,20252,2025-2026 Spring,312,Business Administration/İşletme,3124106,BA 4106,4106,BUSINESS LAW (İşletme Hukuku ),6.0,"3.00 (3.00,0.00,0.00)",Undergraduate/Lisans,Undergraduate / Lisans,https://student.metu.edu.tr/proxy/View_Program_Course_Details_64/main.php,2026-05-11T10:50:19+00:00,data\raw\sais\offerings\20252\BA\20260511T105019Z\program.html
BA,20252,2025-2026 Spring,312,Business Administration/İşletme,3124115,BA 4115,4115,BUSINESS ETHICS (İş Etiği ),6.0,"3.00 (3.00,0.00,0.00)",Undergraduate/Lisans,Undergraduate / Lisans,https://student.metu.edu.tr/proxy/View_Program_Course_Details_64/main.php,2026-05-11T10:50:19+00:00,data\raw\sais\offerings\20252\BA\20260511T105019Z\program.html
BA,20252,2025-2026 Spring,312,Business Administration/İşletme,3124137,BA 4137,4137,ENTREPRENEURSHIP (Girişimcilik ),6.0,"3.00 (3.00,0.00,0.00)",Undergraduate/Lisans,Undergraduate / Lisans,https://student.metu.edu.tr/proxy/View_Program_Course_Details_64/main.php,2026-05-11T10:50:19+00:00,data\raw\sais\offerings\20252\BA\20260511T105019Z\program.html
BA,20252,2025-2026 Spring,312,Business Administration/İşletme,3124140,BA 4140,4140,STRATEGIC BEHAVIOR AND EXPERIMENTS (Stratejik Davranış ve Deneyler ),6.0,"3.00 (3.00,0.00,0.00)",Undergraduate/Lisans,Undergraduate / Lisans,https://student.metu.edu.tr/proxy/View_Program_Course_Details_64/main.php,2026-05-11T10:50:19+00:00,data\raw\sais\offerings\20252\BA\20260511T105019Z\program.html
BA,20252,2025-2026 Spring,312,Business Administration/İşletme,3124144,BA 4144,4144,THE NEW ECONOMY OF INDUSTRY 4.0 (Endüstri 4.0ın Yeni Ekonomisi ),6.0,"3.00 (3.00,0.00,0.00)",Undergraduate/Lisans,Undergraduate / Lisans,https://student.metu.edu.tr/proxy/View_Program_Course_Details_64/main.php,2026-05-11T10:50:19+00:00,data\raw\sais\offerings\20252\BA\20260511T105019Z\program.html
BA,20252,2025-2026 Spring,312,Business Administration/İşletme,3124149,BA 4149,4149,SUSTAINABILITY AND BUSINESS VALUE CREATION (Sürdürülebilirlik ve İşletme Değeri Yaratma ),6.0,"3.00 (3.00,0.00,0.00)",Undergraduate/Lisans,Undergraduate / Lisans,https://student.metu.edu.tr/proxy/View_Program_Course_Details_64/main.php,2026-05-11T10:50:19+00:00,data\raw\sais\offerings\20252\BA\20260511T105019Z\program.html
BA,20252,2025-2026 Spring,312,Business Administration/İşletme,3124150,BA 4150,4150,CLIMATE ISSUES IN BUSINESS (İKLİM SORUNLARI VE İŞLETMECİLİK ),6.0,"3.00 (3.00,0.00,0.00)",Undergraduate/Lisans,Undergraduate / Lisans,https://student.metu.edu.tr/proxy/View_Program_Course_Details_64/main.php,2026-05-11T10:50:19+00:00,data\raw\sais\offerings\20252\BA\20260511T105019Z\program.html
BA,20252,2025-2026 Spring,312,Business Administration/İşletme,3124151,BA 4151,4151,ESSENTIAL LEADERSHIP SKILLS (TEMEL LİDERLİK YETENEKLERİ ),6.0,"3.00 (3.00,0.00,0.00)",Undergraduate/Lisans,Undergraduate / Lisans,https://student.metu.edu.tr/proxy/View_Program_Course_Details_64/main.php,2026-05-11T10:50:19+00:00,data\raw\sais\offerings\20252\BA\20260511T105019Z\program.html
BA,20252,2025-2026 Spring,312,Business Administration/İşletme,3124154,BA 4154,4154,NEUROSCIENCE APPLICATIONS FOR BUSINESS (İŞLETME İÇİN SİNİRBİLİM UYGULAMALARI ),6.0,"3.00 (3.00,0.00,0.00)",Undergraduate/Lisans,Undergraduate / Lisans,https://student.metu.edu.tr/proxy/View_Program_Course_Details_64/main.php,2026-05-11T10:50:19+00:00,data\raw\sais\offerings\20252\BA\20260511T105019Z\program.html
BA,20252,2025-2026 Spring,312,Business Administration/İşletme,3124155,BA 4155,4155,AI IN BUSINESS AND DIGITAL TRANSFORMATION (İŞLETMELERDE YAPAY ZEKÂ VE DİJİTAL DÖNÜŞÜM ),6.0,"3.00 (3.00,0.00,0.00)",Undergraduate/Lisans,Undergraduate / Lisans,https://student.metu.edu.tr/proxy/View_Program_Course_Details_64/main.php,2026-05-11T10:50:19+00:00,data\raw\sais\offerings\20252\BA\20260511T105019Z\program.html
BA,20252,2025-2026 Spring,312,Business Administration/İşletme,3124156,BA 4156,4156,SUSTAINABLE TRANSITIONS MANAGEMENT AND ENERGY GOVERNANCE (SÜRDÜRÜLEBİLİRLİK GEÇİŞLERİ YÖNETİMİ VE ENERJİ YÖNETİŞİMİ ),6.0,"3.00 (3.00,0.00,0.00)",Undergraduate/Lisans,Undergraduate / Lisans,https://student.metu.edu.tr/proxy/View_Program_Course_Details_64/main.php,2026-05-11T10:50:19+00:00,data\raw\sais\offerings\20252\BA\20260511T105019Z\program.html
BA,20252,2025-2026 Spring,312,Business Administration/İşletme,3124216,BA 4216,4216,CROSS CULTURAL STUDIES IN ORGANIZATIONS (Örgütlerde Kültürlerarası Çalışmalar ),6.0,"3.00 (3.00,0.00,0.00)",Undergraduate/Lisans,Undergraduate / Lisans,https://student.metu.edu.tr/proxy/View_Program_Course_Details_64/main.php,2026-05-11T10:50:19+00:00,data\raw\sais\offerings\20252\BA\20260511T105019Z\program.html
BA,20252,2025-2026 Spring,312,Business Administration/İşletme,3124224,BA 4224,4224,CURRENT ISSUES IN INDUS. RELATIONS (Endüstriyel İlişkilerde Güncel Konular ),6.0,"3.00 (3.00,0.00,0.00)",Undergraduate/Lisans,Undergraduate / Lisans,https://student.metu.edu.tr/proxy/View_Program_Course_Details_64/main.php,2026-05-11T10:50:19+00:00,data\raw\sais\offerings\20252\BA\20260511T105019Z\program.html
BA,20252,2025-2026 Spring,312,Business Administration/İşletme,3124230,BA 4230,4230,LEADING BY ENNEAGRAM (ENNEAGRAM İLE LİDERLİK ),6.0,"3.00 (3.00,0.00,0.00)",Undergraduate/Lisans,Undergraduate / Lisans,https://student.metu.edu.tr/proxy/View_Program_Course_Details_64/main.php,2026-05-11T10:50:19+00:00,data\raw\sais\offerings\20252\BA\20260511T105019Z\program.html
BA,20252,2025-2026 Spring,312,Business Administration/İşletme,3124312,BA 4312,4312,TOPICS IN MIS (Bilgi Sistemlerinde Konular ),6.0,"3.00 (3.00,0.00,0.00)",Undergraduate/Lisans,Undergraduate / Lisans,https://student.metu.edu.tr/proxy/View_Program_Course_Details_64/main.php,2026-05-11T10:50:19+00:00,data\raw\sais\offerings\20252\BA\20260511T105019Z\program.html
BA,20252,2025-2026 Spring,312,Business Administration/İşletme,3124314,BA 4314,4314,COMPUTER APPLICATIONS IN MANAGEMENT ( ),6.0,"3.00 (3.00,0.00,0.00)",Undergraduate/Lisans,Undergraduate / Lisans,https://student.metu.edu.tr/proxy/View_Program_Course_Details_64/main.php,2026-05-11T10:50:19+00:00,data\raw\sais\offerings\20252\BA\20260511T105019Z\program.html
BA,20252,2025-2026 Spring,312,Business Administration/İşletme,3124416,BA 4416,4416,MANAGERIAL ACCOUNTING (Yönetim Muhasebesi ),6.0,"3.00 (3.00,0.00,0.00)",Undergraduate/Lisans,Undergraduate / Lisans,https://student.metu.edu.tr/proxy/View_Program_Course_Details_64/main.php,2026-05-11T10:50:19+00:00,data\raw\sais\offerings\20252\BA\20260511T105019Z\program.html
BA,20252,2025-2026 Spring,312,Business Administration/İşletme,3124519,BA 4519,4519,SIMULATION & QUANTITATIVE MODELS IN BUSINESS (İşletmecilikte Simülasyon ve Nicel Modeller ),6.0,"3.00 (3.00,0.00,0.00)",Undergraduate/Lisans,Undergraduate / Lisans,https://student.metu.edu.tr/proxy/View_Program_Course_Details_64/main.php,2026-05-11T10:50:19+00:00,data\raw\sais\offerings\20252\BA\20260511T105019Z\program.html
BA,20252,2025-2026 Spring,312,Business Administration/İşletme,3124616,BA 4616,4616,SERVICES MANAGEMENT (Hizmet Yönetimi ),6.0,"3.00 (3.00,0.00,0.00)",Undergraduate/Lisans,Undergraduate / Lisans,https://student.metu.edu.tr/proxy/View_Program_Course_Details_64/main.php,2026-05-11T10:50:19+00:00,data\raw\sais\offerings\20252\BA\20260511T105019Z\program.html
BA,20252,2025-2026 Spring,312,Business Administration/İşletme,3124618,BA 4618,4618,PROJECT MANAGEMENT (Proje Yönetimi ),6.0,"3.00 (3.00,0.00,0.00)",Undergraduate/Lisans,Undergraduate / Lisans,https://student.metu.edu.tr/proxy/View_Program_Course_Details_64/main.php,2026-05-11T10:50:19+00:00,data\raw\sais\offerings\20252\BA\20260511T105019Z\program.html
BA,20252,2025-2026 Spring,312,Business Administration/İşletme,3124621,BA 4621,4621,SUPPLY CHAIN MANAGEMENT (Tedarik Zinciri Yönetimi ),15.0,"3.00 (3.00,0.00,0.00)",Undergraduate/Lisans,Undergraduate / Lisans,https://student.metu.edu.tr/proxy/View_Program_Course_Details_64/main.php,2026-05-11T10:50:19+00:00,data\raw\sais\offerings\20252\BA\20260511T105019Z\program.html
BA,20252,2025-2026 Spring,312,Business Administration/İşletme,3124714,BA 4714,4714,CONSUMER BEHAVIOR (Tüketici Davranışı ),6.0,"3.00 (3.00,0.00,0.00)",Undergraduate/Lisans,Undergraduate / Lisans,https://student.metu.edu.tr/proxy/View_Program_Course_Details_64/main.php,2026-05-11T10:50:19+00:00,data\raw\sais\offerings\20252\BA\20260511T105019Z\program.html
BA,20252,2025-2026 Spring,312,Business Administration/İşletme,3124717,BA 4717,4717,MARKETING RESEARCH (Pazarlama Araştırması ),6.0,"3.00 (3.00,0.00,0.00)",Undergraduate/Lisans,Undergraduate / Lisans,https://student.metu.edu.tr/proxy/View_Program_Course_Details_64/main.php,2026-05-11T10:50:19+00:00,data\raw\sais\offerings\20252\BA\20260511T105019Z\program.html
BA,20252,2025-2026 Spring,312,Business Administration/İşletme,3124725,BA 4725,4725,BRAND MANAGEMENT (Marka Yönetimi ),6.0,"3.00 (3.00,0.00,0.00)",Undergraduate/Lisans,Elective / Seçmeli,https://student.metu.edu.tr/proxy/View_Program_Course_Details_64/main.php,2026-05-11T10:50:19+00:00,data\raw\sais\offerings\20252\BA\20260511T105019Z\program.html
BA,20252,2025-2026 Spring,312,Business Administration/İşletme,3124817,BA 4817,4817,INTERNATIONAL FINANCE (Uluslararası Finans ),6.0,"3.00 (3.00,0.00,0.00)",Undergraduate/Lisans,Undergraduate / Lisans,https://student.metu.edu.tr/proxy/View_Program_Course_Details_64/main.php,2026-05-11T10:50:19+00:00,data\raw\sais\offerings\20252\BA\20260511T105019Z\program.html
BA,20252,2025-2026 Spring,312,Business Administration/İşletme,3124819,BA 4819,4819,FINANCIAL INSTITUTIONS AND MARKETS (Finansal Kurumlar ve Piyasalar ),6.0,"3.00 (3.00,0.00,0.00)",Undergraduate/Lisans,Undergraduate / Lisans,https://student.metu.edu.tr/proxy/View_Program_Course_Details_64/main.php,2026-05-11T10:50:19+00:00,data\raw\sais\offerings\20252\BA\20260511T105019Z\program.html
BA,20252,2025-2026 Spring,312,Business Administration/İşletme,3124825,BA 4825,4825,FINANCIAL DERIVATIVES (Finansal Türevler ),6.0,"3.00 (3.00,0.00,0.00)",Undergraduate/Lisans,Undergraduate / Lisans,https://student.metu.edu.tr/proxy/View_Program_Course_Details_64/main.php,2026-05-11T10:50:19+00:00,data\raw\sais\offerings\20252\BA\20260511T105019Z\program.html
BA,20252,2025-2026 Spring,312,Business Administration/İşletme,3124827,BA 4827,4827,FIXED INCOME ANALYSIS (Sabit Gelir Analizi ),15.0,"3.00 (3.00,0.00,0.00)",Undergraduate/Lisans,Undergraduate / Lisans,https://student.metu.edu.tr/proxy/View_Program_Course_Details_64/main.php,2026-05-11T10:50:19+00:00,data\raw\sais\offerings\20252\BA\20260511T105019Z\program.html
BA,20252,2025-2026 Spring,312,Business Administration/İşletme,3124834,BA 4834,4834,FINANCIAL ISSUES IN CORPORATE GOVERNANCE (Kurumsal Yönetişimde Finansal Konular ),6.0,"3.00 (3.00,0.00,0.00)",Undergraduate/Lisans,Undergraduate / Lisans,https://student.metu.edu.tr/proxy/View_Program_Course_Details_64/main.php,2026-05-11T10:50:19+00:00,data\raw\sais\offerings\20252\BA\20260511T105019Z\program.html
BA,20252,2025-2026 Spring,312,Business Administration/İşletme,3124837,BA 4837,4837,FINANCIAL MACROECONOMICS (Finansal Makroekonomi ),6.0,"3.00 (3.00,0.00,0.00)",Undergraduate/Lisans,Undergraduate / Lisans,https://student.metu.edu.tr/proxy/View_Program_Course_Details_64/main.php,2026-05-11T10:50:19+00:00,data\raw\sais\offerings\20252\BA\20260511T105019Z\program.html
BA,20252,2025-2026 Spring,312,Business Administration/İşletme,3124841,BA 4841,4841,INTERNATIONAL FINANCIAL INTEGRATION (Uluslararası Finansal Bütünleşme ),6.0,"3.00 (3.00,0.00,0.00)",Undergraduate/Lisans,Undergraduate / Lisans,https://student.metu.edu.tr/proxy/View_Program_Course_Details_64/main.php,2026-05-11T10:50:19+00:00,data\raw\sais\offerings\20252\BA\20260511T105019Z\program.html
BA,20252,2025-2026 Spring,312,Business Administration/İşletme,3124849,BA 4849,4849,PROJECT FINANCE (Proje Finansmanı ),6.0,"3.00 (3.00,0.00,0.00)",Undergraduate/Lisans,Undergraduate / Lisans,https://student.metu.edu.tr/proxy/View_Program_Course_Details_64/main.php,2026-05-11T10:50:19+00:00,data\raw\sais\offerings\20252\BA\20260511T105019Z\program.html
BA,20252,2025-2026 Spring,312,Business Administration/İşletme,3125097,BA 5097,5097,TERM PROJECT (Dönem Projesi ),20.0,"0.00 (0.00,0.00,0.00)",Master`s/Yüksek Lisans,Term Project / Dönem Projesi,https://student.metu.edu.tr/proxy/View_Program_Course_Details_64/main.php,2026-05-11T10:50:19+00:00,data\raw\sais\offerings\20252\BA\20260511T105019Z\program.html
BA,20252,2025-2026 Spring,312,Business Administration/İşletme,3125098,BA 5098,5098,PROTHESIS SEMINAR ( Tez Önerisi ),10.0,"0.00 (0.00,0.00,0.00)",Graduate/Yüksek Lisans+Doktora,Seminar / Seminer,https://student.metu.edu.tr/proxy/View_Program_Course_Details_64/main.php,2026-05-11T10:50:19+00:00,data\raw\sais\offerings\20252\BA\20260511T105019Z\program.html
BA,20252,2025-2026 Spring,312,Business Administration/İşletme,3125099,BA 5099,5099,MASTERS THESIS (Yüksek Lisans Tezi ),50.0,"0.00 (0.00,0.00,0.00)",Master`s/Yüksek Lisans,M.S. Thesis / Yüksek Lisans Tez,https://student.metu.edu.tr/proxy/View_Program_Course_Details_64/main.php,2026-05-11T10:50:19+00:00,data\raw\sais\offerings\20252\BA\20260511T105019Z\program.html
BA,20252,2025-2026 Spring,312,Business Administration/İşletme,3125115,BA 5115,5115,BUSINESS ETHICS (İş Etiği ),8.0,"3.00 (3.00,0.00,0.00)",Graduate/Yüksek Lisans+Doktora,Master's / Yüksek Lisans,https://student.metu.edu.tr/proxy/View_Program_Course_Details_64/main.php,2026-05-11T10:50:19+00:00,data\raw\sais\offerings\20252\BA\20260511T105019Z\program.html
BA,20252,2025-2026 Spring,312,Business Administration/İşletme,3125137,BA 5137,5137,ENTREPRENEURSHIP (Girişimcilik ),8.0,"3.00 (3.00,0.00,0.00)",Graduate/Yüksek Lisans+Doktora,Master's / Yüksek Lisans,https://student.metu.edu.tr/proxy/View_Program_Course_Details_64/main.php,2026-05-11T10:50:19+00:00,data\raw\sais\offerings\20252\BA\20260511T105019Z\program.html
BA,20252,2025-2026 Spring,312,Business Administration/İşletme,3125140,BA 5140,5140,STRATEGIC BEHAVIOR AND EXPERIMENTS (Stratejik Davranış ve Deneyler ),8.0,"3.00 (3.00,0.00,0.00)",Graduate/Yüksek Lisans+Doktora,Master's / Yüksek Lisans,https://student.metu.edu.tr/proxy/View_Program_Course_Details_64/main.php,2026-05-11T10:50:19+00:00,data\raw\sais\offerings\20252\BA\20260511T105019Z\program.html
BA,20252,2025-2026 Spring,312,Business Administration/İşletme,3125149,BA 5149,5149,SUSTAINABILITY AND BUSINESS VALUE CREATION (SÜRDÜRÜLEBİLİRLİK VE İŞ DEĞERİ YARATMA ),8.0,"3.00 (3.00,0.00,0.00)",Graduate/Yüksek Lisans+Doktora,Master's / Yüksek Lisans,https://student.metu.edu.tr/proxy/View_Program_Course_Details_64/main.php,2026-05-11T10:50:19+00:00,data\raw\sais\offerings\20252\BA\20260511T105019Z\program.html
BA,20252,2025-2026 Spring,312,Business Administration/İşletme,3125150,BA 5150,5150,CLIMATE ISSUES IN BUSINESS (İKLİM SORUNLARI VE İŞLETMECİLİK ),8.0,"3.00 (3.00,0.00,0.00)",Graduate/Yüksek Lisans+Doktora,Master's / Yüksek Lisans,https://student.metu.edu.tr/proxy/View_Program_Course_Details_64/main.php,2026-05-11T10:50:19+00:00,data\raw\sais\offerings\20252\BA\20260511T105019Z\program.html
BA,20252,2025-2026 Spring,312,Business Administration/İşletme,3125151,BA 5151,5151,ESSENTIAL LEADERSHIP SKILLS (TEMEL LİDERLİK YETENKLERİ ),8.0,"3.00 (3.00,0.00,0.00)",Graduate/Yüksek Lisans+Doktora,Master's / Yüksek Lisans,https://student.metu.edu.tr/proxy/View_Program_Course_Details_64/main.php,2026-05-11T10:50:19+00:00,data\raw\sais\offerings\20252\BA\20260511T105019Z\program.html
BA,20252,2025-2026 Spring,312,Business Administration/İşletme,3125154,BA 5154,5154,NEUROSCIENCE APPLICATIONS FOR BUSINESS (İŞLETME İÇİN SİNİRBİLİM UYGULAMALARI ),8.0,"3.00 (3.00,0.00,0.00)",Graduate/Yüksek Lisans+Doktora,Master's / Yüksek Lisans,https://student.metu.edu.tr/proxy/View_Program_Course_Details_64/main.php,2026-05-11T10:50:19+00:00,data\raw\sais\offerings\20252\BA\20260511T105019Z\program.html
BA,20252,2025-2026 Spring,312,Business Administration/İşletme,3125155,BA 5155,5155,AI IN BUSINESS AND DIGITAL TRANSFORMATION (İŞLETMELERDE YAPAY ZEKA VE DİJİTAL DÖNÜŞÜM ),8.0,"3.00 (3.00,0.00,0.00)",Graduate/Yüksek Lisans+Doktora,Master's / Yüksek Lisans,https://student.metu.edu.tr/proxy/View_Program_Course_Details_64/main.php,2026-05-11T10:50:19+00:00,data\raw\sais\offerings\20252\BA\20260511T105019Z\program.html
BA,20252,2025-2026 Spring,312,Business Administration/İşletme,3125156,BA 5156,5156,SUSTAINABLE TRANSITIONS MANAGEMENT AND ENERGY GOVERNANCE (SÜRDÜRÜLEBİLİRLİK GEÇİŞLERİ YÖNETİMİ VE ENERJİ YÖNETİŞİMİ ),8.0,"3.00 (3.00,0.00,0.00)",Graduate/Yüksek Lisans+Doktora,Master's / Yüksek Lisans,https://student.metu.edu.tr/proxy/View_Program_Course_Details_64/main.php,2026-05-11T10:50:19+00:00,data\raw\sais\offerings\20252\BA\20260511T105019Z\program.html
BA,20252,2025-2026 Spring,312,Business Administration/İşletme,3125216,BA 5216,5216,CROSS CULTURAL STUDIES IN ORGANIZATIONS (Örgütlerde Kültürlerarası Çalışmalar ),8.0,"3.00 (3.00,0.00,0.00)",Graduate/Yüksek Lisans+Doktora,Master's / Yüksek Lisans,https://student.metu.edu.tr/proxy/View_Program_Course_Details_64/main.php,2026-05-11T10:50:19+00:00,data\raw\sais\offerings\20252\BA\20260511T105019Z\program.html
BA,20252,2025-2026 Spring,312,Business Administration/İşletme,3125224,BA 5224,5224,CURRENT ISSUES IN INDUSTRIAL DES. (Endüstriyel İlişkilerde Güncel Konular ),8.0,"3.00 (3.00,0.00,0.00)",Graduate/Yüksek Lisans+Doktora,Master's / Yüksek Lisans,https://student.metu.edu.tr/proxy/View_Program_Course_Details_64/main.php,2026-05-11T10:50:19+00:00,data\raw\sais\offerings\20252\BA\20260511T105019Z\program.html
BA,20252,2025-2026 Spring,312,Business Administration/İşletme,3125230,BA 5230,5230,LEADING BY ENNEAGRAM (ENNEAGRAM İLE LİDERLİK ),8.0,"3.00 (3.00,0.00,0.00)",Graduate/Yüksek Lisans+Doktora,Master's / Yüksek Lisans,https://student.metu.edu.tr/proxy/View_Program_Course_Details_64/main.php,2026-05-11T10:50:19+00:00,data\raw\sais\offerings\20252\BA\20260511T105019Z\program.html
BA,20252,2025-2026 Spring,312,Business Administration/İşletme,3125312,BA 5312,5312,TOPICS IN MIS (Bilgi Sistemlerinde Konular ),8.0,"3.00 (3.00,0.00,0.00)",Graduate/Yüksek Lisans+Doktora,Master's / Yüksek Lisans,https://student.metu.edu.tr/proxy/View_Program_Course_Details_64/main.php,2026-05-11T10:50:19+00:00,data\raw\sais\offerings\20252\BA\20260511T105019Z\program.html
BA,20252,2025-2026 Spring,312,Business Administration/İşletme,3125314,BA 5314,5314,COMPUTER APPLICATIONS IN MANAGEMENT (YÖNETİMDE BİLGİSAYAR UYGULAMALARI ),8.0,"3.00 (3.00,0.00,0.00)",Graduate/Yüksek Lisans+Doktora,Master's / Yüksek Lisans,https://student.metu.edu.tr/proxy/View_Program_Course_Details_64/main.php,2026-05-11T10:50:19+00:00,data\raw\sais\offerings\20252\BA\20260511T105019Z\program.html
BA,20252,2025-2026 Spring,312,Business Administration/İşletme,3125416,BA 5416,5416,MANAGERIAL ACCOUNTING (Yönetim Muhasebesi ),8.0,"3.00 (0.00,0.00,0.00)",Graduate/Yüksek Lisans+Doktora,Master's / Yüksek Lisans,https://student.metu.edu.tr/proxy/View_Program_Course_Details_64/main.php,2026-05-11T10:50:19+00:00,data\raw\sais\offerings\20252\BA\20260511T105019Z\program.html
BA,20252,2025-2026 Spring,312,Business Administration/İşletme,3125519,BA 5519,5519,SIMULATION & QUANTITATIVE MODELS IN BUSINESS (İşletmecilikte Simülasyon ve Nicel Modeller ),8.0,"3.00 (3.00,0.00,0.00)",Graduate/Yüksek Lisans+Doktora,Master's / Yüksek Lisans,https://student.metu.edu.tr/proxy/View_Program_Course_Details_64/main.php,2026-05-11T10:50:19+00:00,data\raw\sais\offerings\20252\BA\20260511T105019Z\program.html
BA,20252,2025-2026 Spring,312,Business Administration/İşletme,3125616,BA 5616,5616,SERVICES MANAGEMENT (Hizmet Yönetimi ),8.0,"3.00 (3.00,0.00,0.00)",Graduate/Yüksek Lisans+Doktora,Master's / Yüksek Lisans,https://student.metu.edu.tr/proxy/View_Program_Course_Details_64/main.php,2026-05-11T10:50:19+00:00,data\raw\sais\offerings\20252\BA\20260511T105019Z\program.html
BA,20252,2025-2026 Spring,312,Business Administration/İşletme,3125618,BA 5618,5618,PROJECT MANAGEMENT (Proje Yönetimi ),8.0,"3.00 (3.00,0.00,0.00)",Graduate/Yüksek Lisans+Doktora,Master's / Yüksek Lisans,https://student.metu.edu.tr/proxy/View_Program_Course_Details_64/main.php,2026-05-11T10:50:19+00:00,data\raw\sais\offerings\20252\BA\20260511T105019Z\program.html
BA,20252,2025-2026 Spring,312,Business Administration/İşletme,3125621,BA 5621,5621,SUPPLY CHAIN MANAGEMENT (Tedarik Zinciri Yönetimi ),8.0,"3.00 (3.00,0.00,0.00)",Graduate/Yüksek Lisans+Doktora,Master's / Yüksek Lisans,https://student.metu.edu.tr/proxy/View_Program_Course_Details_64/main.php,2026-05-11T10:50:19+00:00,data\raw\sais\offerings\20252\BA\20260511T105019Z\program.html
BA,20252,2025-2026 Spring,312,Business Administration/İşletme,3125714,BA 5714,5714,CONSUMER BEHAVIOR (Tüketici Davranışı ),8.0,"3.00 (3.00,0.00,0.00)",Graduate/Yüksek Lisans+Doktora,Master's / Yüksek Lisans,https://student.metu.edu.tr/proxy/View_Program_Course_Details_64/main.php,2026-05-11T10:50:19+00:00,data\raw\sais\offerings\20252\BA\20260511T105019Z\program.html
BA,20252,2025-2026 Spring,312,Business Administration/İşletme,3125717,BA 5717,5717,MARKETING RESEARCH (Pazarlama Araştırması ),8.0,"3.00 (3.00,0.00,0.00)",Graduate/Yüksek Lisans+Doktora,Master's / Yüksek Lisans,https://student.metu.edu.tr/proxy/View_Program_Course_Details_64/main.php,2026-05-11T10:50:19+00:00,data\raw\sais\offerings\20252\BA\20260511T105019Z\program.html
BA,20252,2025-2026 Spring,312,Business Administration/İşletme,3125725,BA 5725,5725,BRAND MANAGEMENT (Marka Yönetimi ),8.0,"3.00 (3.00,0.00,0.00)",Graduate/Yüksek Lisans+Doktora,Master's / Yüksek Lisans,https://student.metu.edu.tr/proxy/View_Program_Course_Details_64/main.php,2026-05-11T10:50:19+00:00,data\raw\sais\offerings\20252\BA\20260511T105019Z\program.html
BA,20252,2025-2026 Spring,312,Business Administration/İşletme,3125817,BA 5817,5817,INTERNATIONAL FINANCE (Uluslararası Finans ),8.0,"3.00 (3.00,0.00,0.00)",Graduate/Yüksek Lisans+Doktora,Master's / Yüksek Lisans,https://student.metu.edu.tr/proxy/View_Program_Course_Details_64/main.php,2026-05-11T10:50:19+00:00,data\raw\sais\offerings\20252\BA\20260511T105019Z\program.html
BA,20252,2025-2026 Spring,312,Business Administration/İşletme,3125819,BA 5819,5819,FINANCIAL INSTITUTIONS AND MARKETS (Finansal Kurumlar ve Piyasalar ),8.0,"3.00 (3.00,0.00,0.00)",Graduate/Yüksek Lisans+Doktora,Master's / Yüksek Lisans,https://student.metu.edu.tr/proxy/View_Program_Course_Details_64/main.php,2026-05-11T10:50:19+00:00,data\raw\sais\offerings\20252\BA\20260511T105019Z\program.html
BA,20252,2025-2026 Spring,312,Business Administration/İşletme,3125825,BA 5825,5825,FINANCIAL DERIVATIVES (Finansal Türevler ),8.0,"3.00 (3.00,0.00,0.00)",Graduate/Yüksek Lisans+Doktora,Master's / Yüksek Lisans,https://student.metu.edu.tr/proxy/View_Program_Course_Details_64/main.php,2026-05-11T10:50:19+00:00,data\raw\sais\offerings\20252\BA\20260511T105019Z\program.html
BA,20252,2025-2026 Spring,312,Business Administration/İşletme,3125827,BA 5827,5827,FIXED INCOME ANALYSIS (Sabit Gelir Analizi ),8.0,"3.00 (3.00,0.00,0.00)",Graduate/Yüksek Lisans+Doktora,Master's / Yüksek Lisans,https://student.metu.edu.tr/proxy/View_Program_Course_Details_64/main.php,2026-05-11T10:50:19+00:00,data\raw\sais\offerings\20252\BA\20260511T105019Z\program.html
BA,20252,2025-2026 Spring,312,Business Administration/İşletme,3125834,BA 5834,5834,FINANCIAL ISSUES IN CORPORATE GOVERNANCE (Kurumsal Yönetişimde Finansal Konular ),8.0,"3.00 (3.00,0.00,0.00)",Graduate/Yüksek Lisans+Doktora,Master's / Yüksek Lisans,https://student.metu.edu.tr/proxy/View_Program_Course_Details_64/main.php,2026-05-11T10:50:19+00:00,data\raw\sais\offerings\20252\BA\20260511T105019Z\program.html
BA,20252,2025-2026 Spring,312,Business Administration/İşletme,3125837,BA 5837,5837,FINANCIAL MACROECONOMICS (Finansal Makroekonomi ),6.0,"3.00 (3.00,0.00,0.00)",Graduate/Yüksek Lisans+Doktora,Master's / Yüksek Lisans,https://student.metu.edu.tr/proxy/View_Program_Course_Details_64/main.php,2026-05-11T10:50:19+00:00,data\raw\sais\offerings\20252\BA\20260511T105019Z\program.html
BA,20252,2025-2026 Spring,312,Business Administration/İşletme,3125841,BA 5841,5841,INTERNATIONAL FINANCIAL INTEGRATION (Uluslararası Finansal Bütünleşme ),8.0,"3.00 (3.00,0.00,0.00)",Master`s/Yüksek Lisans,Master's / Yüksek Lisans,https://student.metu.edu.tr/proxy/View_Program_Course_Details_64/main.php,2026-05-11T10:50:19+00:00,data\raw\sais\offerings\20252\BA\20260511T105019Z\program.html
BA,20252,2025-2026 Spring,312,Business Administration/İşletme,3125849,BA 5849,5849,PROJECT FINANCE (Proje Finansmanı ),8.0,"3.00 (0.00,0.00,0.00)",Graduate/Yüksek Lisans+Doktora,Master's / Yüksek Lisans,https://student.metu.edu.tr/proxy/View_Program_Course_Details_64/main.php,2026-05-11T10:50:19+00:00,data\raw\sais\offerings\20252\BA\20260511T105019Z\program.html
BA,20252,2025-2026 Spring,312,Business Administration/İşletme,3126099,BA 6099,6099,PH.D. DISSERTATION (Doktora Tezi ),130.0,"0.00 (0.00,0.00,0.00)",Doctoral/Doktora,Ph.D Thesis / Doktora Tez,https://student.metu.edu.tr/proxy/View_Program_Course_Details_64/main.php,2026-05-11T10:50:19+00:00,data\raw\sais\offerings\20252\BA\20260511T105019Z\program.html
BA,20252,2025-2026 Spring,312,Business Administration/İşletme,3129001,BA 9001,9001,SPECIAL TOPICS (Lisansüstü Seminer ),10.0,"0.00 (0.00,0.00,0.00)",Graduate/Yüksek Lisans+Doktora,Master's / Yüksek Lisans,https://student.metu.edu.tr/proxy/View_Program_Course_Details_64/main.php,2026-05-11T10:50:19+00:00,data\raw\sais\offerings\20252\BA\20260511T105019Z\program.html
BA,20252,2025-2026 Spring,312,Business Administration/İşletme,3129002,BA 9002,9002,SPECIAL TOPICS ( Lisansüstü Seminer ),10.0,"0.00 (0.00,0.00,0.00)",Graduate/Yüksek Lisans+Doktora,Master's / Yüksek Lisans,https://student.metu.edu.tr/proxy/View_Program_Course_Details_64/main.php,2026-05-11T10:50:19+00:00,data\raw\sais\offerings\20252\BA\20260511T105019Z\program.html
BA,20252,2025-2026 Spring,312,Business Administration/İşletme,3129003,BA 9003,9003,SPECIAL TOPICS (Lisansüstü Seminer ),10.0,"0.00 (0.00,0.00,0.00)",Graduate/Yüksek Lisans+Doktora,Master's / Yüksek Lisans,https://student.metu.edu.tr/proxy/View_Program_Course_Details_64/main.php,2026-05-11T10:50:19+00:00,data\raw\sais\offerings\20252\BA\20260511T105019Z\program.html
BA,20252,2025-2026 Spring,312,Business Administration/İşletme,3129007,BA 9007,9007,SPECIAL TOPICS (Lisansüstü Seminer ),10.0,"0.00 (0.00,0.00,0.00)",Graduate/Yüksek Lisans+Doktora,Master's / Yüksek Lisans,https://student.metu.edu.tr/proxy/View_Program_Course_Details_64/main.php,2026-05-11T10:50:19+00:00,data\raw\sais\offerings\20252\BA\20260511T105019Z\program.html
BA,20252,2025-2026 Spring,312,Business Administration/İşletme,3129010,BA 9010,9010,SPECIAL TOPICS (Lisansüstü Seminer ),10.0,"0.00 (0.00,0.00,0.00)",Graduate/Yüksek Lisans+Doktora,Master's / Yüksek Lisans,https://student.metu.edu.tr/proxy/View_Program_Course_Details_64/main.php,2026-05-11T10:50:19+00:00,data\raw\sais\offerings\20252\BA\20260511T105019Z\program.html
BA,20252,2025-2026 Spring,312,Business Administration/İşletme,3129014,BA 9014,9014,SPECIAL TOPICS (Lisansüstü Seminer ),10.0,"0.00 (0.00,0.00,0.00)",Graduate/Yüksek Lisans+Doktora,Master's / Yüksek Lisans,https://student.metu.edu.tr/proxy/View_Program_Course_Details_64/main.php,2026-05-11T10:50:19+00:00,data\raw\sais\offerings\20252\BA\20260511T105019Z\program.html
BA,20252,2025-2026 Spring,312,Business Administration/İşletme,3129016,BA 9016,9016,SPECIAL TOPICS (Lisansüstü Seminer ),10.0,"0.00 (0.00,0.00,0.00)",Graduate/Yüksek Lisans+Doktora,Master's / Yüksek Lisans,https://student.metu.edu.tr/proxy/View_Program_Course_Details_64/main.php,2026-05-11T10:50:19+00:00,data\raw\sais\offerings\20252\BA\20260511T105019Z\program.html
BA,20252,2025-2026 Spring,312,Business Administration/İşletme,3129018,BA 9018,9018,SPECIAL TOPICS (Lisansüstü Seminer ),10.0,"0.00 (0.00,0.00,0.00)",Graduate/Yüksek Lisans+Doktora,Master's / Yüksek Lisans,https://student.metu.edu.tr/proxy/View_Program_Course_Details_64/main.php,2026-05-11T10:50:19+00:00,data\raw\sais\offerings\20252\BA\20260511T105019Z\program.html
ENG,20252,2025-2026 Spring,639,Modern Languages (English)/Modern Diller (İngilizce),6390101,ENG 101,101,ENGLISH FOR ACADEMIC PURPOSES I (AKADEMİK AMAÇLI İNGİLİZCE 1 ),6.0,"4.00 (4.00,1.00,0.00)",Undergraduate/Lisans,Undergraduate / Lisans,https://student.metu.edu.tr/proxy/View_Program_Course_Details_64/main.php,2026-05-11T10:50:19+00:00,data\raw\sais\offerings\20252\ENG\20260511T105019Z\program.html
ENG,20252,2025-2026 Spring,639,Modern Languages (English)/Modern Diller (İngilizce),6390102,ENG 102,102,ENGLISH FOR ACADEMIC PURPOSES II (AKADEMİK AMAÇLI İNGİLİZCE 2 ),6.0,"4.00 (4.00,1.00,0.00)",Undergraduate/Lisans,Undergraduate / Lisans,https://student.metu.edu.tr/proxy/View_Program_Course_Details_64/main.php,2026-05-11T10:50:19+00:00,data\raw\sais\offerings\20252\ENG\20260511T105019Z\program.html
ENG,20252,2025-2026 Spring,639,Modern Languages (English)/Modern Diller (İngilizce),6390206,ENG 206,206,INTRODUCTION TO LITERARY STUDIES (EDEBİ ÇALIŞMALARA GİRİŞ ),3.0,"3.00 (3.00,1.00,0.00)",Undergraduate/Lisans,Undergraduate / Lisans,https://student.metu.edu.tr/proxy/View_Program_Course_Details_64/main.php,2026-05-11T10:50:19+00:00,data\raw\sais\offerings\20252\ENG\20260511T105019Z\program.html
ENG,20252,2025-2026 Spring,639,Modern Languages (English)/Modern Diller (İngilizce),6390211,ENG 211,211,ACADEMIC SPEAKING SKILLS (AKADEMİK KONUŞMA BECERİLERİ ),4.0,"3.00 (3.00,1.00,0.00)",Undergraduate/Lisans,Undergraduate / Lisans,https://student.metu.edu.tr/proxy/View_Program_Course_Details_64/main.php,2026-05-11T10:50:19+00:00,data\raw\sais\offerings\20252\ENG\20260511T105019Z\program.html
ENG,20252,2025-2026 Spring,639,Modern Languages (English)/Modern Diller (İngilizce),6390215,ENG 215,215,WORLD THINKERS (DÜNYA DÜŞÜNÜRLERİ ),3.0,"3.00 (3.00,1.00,0.00)",Undergraduate/Lisans,Undergraduate / Lisans,https://student.metu.edu.tr/proxy/View_Program_Course_Details_64/main.php,2026-05-11T10:50:19+00:00,data\raw\sais\offerings\20252\ENG\20260511T105019Z\program.html
ENG,20252,2025-2026 Spring,639,Modern Languages (English)/Modern Diller (İngilizce),6390216,ENG 216,216,POETRY AND MUSIC (ŞİİR VE MÜZİK ),3.0,"3.00 (3.00,1.00,0.00)",Undergraduate/Lisans,Undergraduate / Lisans,https://student.metu.edu.tr/proxy/View_Program_Course_Details_64/main.php,2026-05-11T10:50:19+00:00,data\raw\sais\offerings\20252\ENG\20260511T105019Z\program.html
ENG,20252,2025-2026 Spring,639,Modern Languages (English)/Modern Diller (İngilizce),6390217,ENG 217,217,LITERARY TEXTS (EDEBİ METİNLER ),3.0,"3.00 (3.00,1.00,0.00)",Undergraduate/Lisans,Undergraduate / Lisans,https://student.metu.edu.tr/proxy/View_Program_Course_Details_64/main.php,2026-05-11T10:50:19+00:00,data\raw\sais\offerings\20252\ENG\20260511T105019Z\program.html
ENG,20252,2025-2026 Spring,639,Modern Languages (English)/Modern Diller (İngilizce),6390219,ENG 219,219,ENGLISH THROUGH SEMINARS ON FILMS (FİLM SEMİNERLERİYLE İNGİLİZCE ),3.0,"3.00 (3.00,1.00,0.00)",Undergraduate/Lisans,Undergraduate / Lisans,https://student.metu.edu.tr/proxy/View_Program_Course_Details_64/main.php,2026-05-11T10:50:19+00:00,data\raw\sais\offerings\20252\ENG\20260511T105019Z\program.html
ENG,20252,2025-2026 Spring,639,Modern Languages (English)/Modern Diller (İngilizce),6390311,ENG 311,311,PROFESSIONAL COMMUNICATION AND CAREER SKILLS (PROFESYONEL İLETİŞİM VE KARİYER BECERİLERİ ),4.0,"3.00 (3.00,1.00,0.00)",Undergraduate/Lisans,Undergraduate / Lisans,https://student.metu.edu.tr/proxy/View_Program_Course_Details_64/main.php,2026-05-11T10:50:19+00:00,data\raw\sais\offerings\20252\ENG\20260511T105019Z\program.html
ENG,20252,2025-2026 Spring,639,Modern Languages (English)/Modern Diller (İngilizce),6390312,ENG 312,312,CONVERSATIONAL ENGLISH (KONUŞMA İNGİLİZCESİ ),3.0,"3.00 (3.00,0.00,0.00)",Undergraduate/Lisans,Undergraduate / Lisans,https://student.metu.edu.tr/proxy/View_Program_Course_Details_64/main.php,2026-05-11T10:50:19+00:00,data\raw\sais\offerings\20252\ENG\20260511T105019Z\program.html
HIST,20252,2025-2026 Spring,240,History/Tarih,2400102,HIST 102,102,CLASSICAL CIVILIZATION OF GREECE & ROME II (KLASİK YUNAN & ROMA MEDENİYETİ II ),6.0,"3.00 (3.00,0.00,0.00)",Undergraduate/Lisans,Undergraduate / Lisans,https://student.metu.edu.tr/proxy/View_Program_Course_Details_64/main.php,2026-05-11T10:50:19+00:00,data\raw\sais\offerings\20252\HIST\20260511T105019Z\program.html
HIST,20252,2025-2026 Spring,240,History/Tarih,2400108,HIST 108,108,OTTOMAN TURKISH II (OSMANLI TÜRKÇESİ II ),6.0,"3.00 (3.00,0.00,0.00)",Undergraduate/Lisans,Undergraduate / Lisans,https://student.metu.edu.tr/proxy/View_Program_Course_Details_64/main.php,2026-05-11T10:50:19+00:00,data\raw\sais\offerings\20252\HIST\20260511T105019Z\program.html
HIST,20252,2025-2026 Spring,240,History/Tarih,2400112,HIST 112,112,HISTORY OF TURKS II (TÜRK TARİHİ II ),6.0,"3.00 (3.00,0.00,)",Undergraduate/Lisans,Undergraduate / Lisans,https://student.metu.edu.tr/proxy/View_Program_Course_Details_64/main.php,2026-05-11T10:50:19+00:00,data\raw\sais\offerings\20252\HIST\20260511T105019Z\program.html
HIST,20252,2025-2026 Spring,240,History/Tarih,2400114,HIST 114,114,READINGS IN HISTORY II (TARİH OKUMALARI II ),6.0,"3.00 (3.00,0.00,0.00)",Undergraduate/Lisans,Undergraduate / Lisans,https://student.metu.edu.tr/proxy/View_Program_Course_Details_64/main.php,2026-05-11T10:50:19+00:00,data\raw\sais\offerings\20252\HIST\20260511T105019Z\program.html
HIST,20252,2025-2026 Spring,240,History/Tarih,2400152,HIST 152,152,HISTORY OF EASTERN AND WESTERN CIVILIZATIONS II (DOĞU VE BATI MEDENİYETLERİ TARİHİ II ),6.0,"3.00 (3.00,0.00,0.00)",Undergraduate/Lisans,Undergraduate / Lisans,https://student.metu.edu.tr/proxy/View_Program_Course_Details_64/main.php,2026-05-11T10:50:19+00:00,data\raw\sais\offerings\20252\HIST\20260511T105019Z\program.html
HIST,20252,2025-2026 Spring,240,History/Tarih,2400208,HIST 208,208,OTTOMAN PALEOGRAPHY & DIPLOMATICS II (OSMANLI PALEOGRAFYASI VE DİPLOMATİKASI II ),7.0,"4.00 (4.00,0.00,0.00)",Undergraduate/Lisans,Undergraduate / Lisans,https://student.metu.edu.tr/proxy/View_Program_Course_Details_64/main.php,2026-05-11T10:50:19+00:00,data\raw\sais\offerings\20252\HIST\20260511T105019Z\program.html
HIST,20252,2025-2026 Spring,240,History/Tarih,2400218,HIST 218,218,BYZANTINE HISTORY II (BİZANS TARİHİ II ),5.0,"3.00 (3.00,0.00,0.00)",Undergraduate/Lisans,Undergraduate / Lisans,https://student.metu.edu.tr/proxy/View_Program_Course_Details_64/main.php,2026-05-11T10:50:19+00:00,data\raw\sais\offerings\20252\HIST\20260511T105019Z\program.html
HIST,20252,2025-2026 Spring,240,History/Tarih,2400220,HIST 220,220,BALKAN HISTORY II (BALKAN TARİHİ II ),6.0,"3.00 (3.00,0.00,)",Undergraduate/Lisans,Undergraduate / Lisans,https://student.metu.edu.tr/proxy/View_Program_Course_Details_64/main.php,2026-05-11T10:50:19+00:00,data\raw\sais\offerings\20252\HIST\20260511T105019Z\program.html
HIST,20252,2025-2026 Spring,240,History/Tarih,2400224,HIST 224,224,MEDIEVAL EUROPEAN HISTORY (ORTAÇAĞ AVRUPA TARİHİ ),6.0,"3.00 (3.00,0.00,)",Undergraduate/Lisans,Undergraduate / Lisans,https://student.metu.edu.tr/proxy/View_Program_Course_Details_64/main.php,2026-05-11T10:50:19+00:00,data\raw\sais\offerings\20252\HIST\20260511T105019Z\program.html
HIST,20252,2025-2026 Spring,240,History/Tarih,2400228,HIST 228,228,HISTORY OF RELIGION IN ASIA (ASYA DİNLER TARİHİ ),6.0,"3.00 (3.00,0.00,)",Undergraduate/Lisans,Undergraduate / Lisans,https://student.metu.edu.tr/proxy/View_Program_Course_Details_64/main.php,2026-05-11T10:50:19+00:00,data\raw\sais\offerings\20252\HIST\20260511T105019Z\program.html
HIST,20252,2025-2026 Spring,240,History/Tarih,2400229,HIST 229,229,EARLY ANATOLIAN CIVILIZATIONS (ERKEN ANADOLU MEDENİYETLERİ ),6.0,"3.00 (3.00,0.00,)",Undergraduate/Lisans,Undergraduate / Lisans,https://student.metu.edu.tr/proxy/View_Program_Course_Details_64/main.php,2026-05-11T10:50:19+00:00,data\raw\sais\offerings\20252\HIST\20260511T105019Z\program.html
HIST,20252,2025-2026 Spring,240,History/Tarih,2400232,HIST 232,232,THE DECLINE OF THE OTTOMAN EMPIRE (OSMANLI İMPARATORLUĞU'NUN GERİLEMESİ ),6.0,"3.00 (3.00,0.00,)",Undergraduate/Lisans,Undergraduate / Lisans,https://student.metu.edu.tr/proxy/View_Program_Course_Details_64/main.php,2026-05-11T10:50:19+00:00,data\raw\sais\offerings\20252\HIST\20260511T105019Z\program.html
HIST,20252,2025-2026 Spring,240,History/Tarih,2400252,HIST 252,252,HISTORICAL READINGS IN GREEK II (YUNANCA TARİH OKUMALARI II ),6.0,"3.00 (3.00,0.00,0.00)",Undergraduate/Lisans,Undergraduate / Lisans,https://student.metu.edu.tr/proxy/View_Program_Course_Details_64/main.php,2026-05-11T10:50:19+00:00,data\raw\sais\offerings\20252\HIST\20260511T105019Z\program.html
HIST,20252,2025-2026 Spring,240,History/Tarih,2400305,HIST 305,305,ADVANCED OTTOMAN PALEOGRAPHY & DIPLOMATICS I (İLERİ SEVİYE OSMANLI PALEOGRAFYASI VE DİPLOMATİKASI I ),7.0,"4.00 (4.00,0.00,0.00)",Undergraduate/Lisans,Undergraduate / Lisans,https://student.metu.edu.tr/proxy/View_Program_Course_Details_64/main.php,2026-05-11T10:50:19+00:00,data\raw\sais\offerings\20252\HIST\20260511T105019Z\program.html
HIST,20252,2025-2026 Spring,240,History/Tarih,2400308,HIST 308,308,METHODOLOGY IN HISTORY II (TARİHTE METODOLOJİ II ),7.0,"3.00 (3.00,0.00,0.00)",Undergraduate/Lisans,Undergraduate / Lisans,https://student.metu.edu.tr/proxy/View_Program_Course_Details_64/main.php,2026-05-11T10:50:19+00:00,data\raw\sais\offerings\20252\HIST\20260511T105019Z\program.html
HIST,20252,2025-2026 Spring,240,History/Tarih,2400311,HIST 311,311,THE BEGINNINGS: FROM PALAEOLITHIC TO NEOLITHIC SOCIETIES OF THE LEVANT (BAŞLANGIÇLAR: LEVANT'IN PALAEOLİTİKTEN NEOLİTİK TOPLULUKLARINA ),3.0,"3.00 (3.00,0.00,0.00)",Undergraduate/Lisans,Undergraduate / Lisans,https://student.metu.edu.tr/proxy/View_Program_Course_Details_64/main.php,2026-05-11T10:50:19+00:00,data\raw\sais\offerings\20252\HIST\20260511T105019Z\program.html
HIST,20252,2025-2026 Spring,240,History/Tarih,2400332,HIST 332,332,HISTORY OF THE LATE OTTOMAN EMPIRE 1850-1914 (GEÇ DÖNEM OSMANLI TARİHİ 1850-1914 ),6.0,"3.00 (3.00,0.00,0.00)",Undergraduate/Lisans,Undergraduate / Lisans,https://student.metu.edu.tr/proxy/View_Program_Course_Details_64/main.php,2026-05-11T10:50:19+00:00,data\raw\sais\offerings\20252\HIST\20260511T105019Z\program.html
HIST,20252,2025-2026 Spring,240,History/Tarih,2400402,HIST 402,402,HISTORY OF THE TURKISH REPUBLIC II: THE FORMATIVE YEARS (TÜRKİYE CUMHURİYETİ TARİHİ II: ŞEKİLLENME YILLARI ),6.0,"3.00 (3.00,0.00,0.00)",Undergraduate/Lisans,Undergraduate / Lisans,https://student.metu.edu.tr/proxy/View_Program_Course_Details_64/main.php,2026-05-11T10:50:19+00:00,data\raw\sais\offerings\20252\HIST\20260511T105019Z\program.html
HIST,20252,2025-2026 Spring,240,History/Tarih,2400408,HIST 408,408,CONTEMPORARY WORLD HISTORY II (ÇAĞDAŞ DÜNYA TARİHİ II ),6.0,"3.00 (3.00,0.00,)",Undergraduate/Lisans,Undergraduate / Lisans,https://student.metu.edu.tr/proxy/View_Program_Course_Details_64/main.php,2026-05-11T10:50:19+00:00,data\raw\sais\offerings\20252\HIST\20260511T105019Z\program.html
HIST,20252,2025-2026 Spring,240,History/Tarih,2400418,HIST 418,418,RUSSIAN HISTORY II (RUS TARİHİ II ),6.0,"3.00 (3.00,0.00,0.00)",Undergraduate/Lisans,Elective / Seçmeli,https://student.metu.edu.tr/proxy/View_Program_Course_Details_64/main.php,2026-05-11T10:50:19+00:00,data\raw\sais\offerings\20252\HIST\20260511T105019Z\program.html
HIST,20252,2025-2026 Spring,240,History/Tarih,2400419,HIST 419,419,UNDERGRADUATE HISTORICAL RESEARCH (LİSANS ARAŞTIRMA TEZİ ),10.0,"3.00 (1.00,4.00,0.00)",Undergraduate/Lisans,Seminar / Seminer,https://student.metu.edu.tr/proxy/View_Program_Course_Details_64/main.php,2026-05-11T10:50:19+00:00,data\raw\sais\offerings\20252\HIST\20260511T105019Z\program.html
HIST,20252,2025-2026 Spring,240,History/Tarih,2400428,HIST 428,428,AMERICAN CULTURAL HISTORY II (AMERİKAN KÜLTÜR TARİHİ II ),6.0,"3.00 (3.00,0.00,0.00)",Undergraduate/Lisans,Elective / Seçmeli,https://student.metu.edu.tr/proxy/View_Program_Course_Details_64/main.php,2026-05-11T10:50:19+00:00,data\raw\sais\offerings\20252\HIST\20260511T105019Z\program.html
HIST,20252,2025-2026 Spring,240,History/Tarih,2400434,HIST 434,434,MAJOR ISSUES IN THE HISTORY OF CONTEMPORARY TURKEY (ÇAĞDAŞ TÜRKİYE TARİHİNDE TEMEL KONULAR ),6.0,"3.00 (3.00,0.00,0.00)",Undergraduate/Lisans,Undergraduate / Lisans,https://student.metu.edu.tr/proxy/View_Program_Course_Details_64/main.php,2026-05-11T10:50:19+00:00,data\raw\sais\offerings\20252\HIST\20260511T105019Z\program.html
HIST,20252,2025-2026 Spring,240,History/Tarih,2400438,HIST 438,438,HISTORY AND CULTURE OF THE SELJUQS OF RUM (ANADOLU SELÇUKLULARI'NIN TARİHİ VE KÜLTÜRÜ ),6.0,"3.00 (3.00,0.00,0.00)",Undergraduate/Lisans,Undergraduate / Lisans,https://student.metu.edu.tr/proxy/View_Program_Course_Details_64/main.php,2026-05-11T10:50:19+00:00,data\raw\sais\offerings\20252\HIST\20260511T105019Z\program.html
HIST,20252,2025-2026 Spring,240,History/Tarih,2400444,HIST 444,444,HISTORY OF THE USSR-II (SSCB TARİHİ II ),6.0,"3.00 (3.00,0.00,0.00)",Undergraduate/Lisans,Elective / Seçmeli,https://student.metu.edu.tr/proxy/View_Program_Course_Details_64/main.php,2026-05-11T10:50:19+00:00,data\raw\sais\offerings\20252\HIST\20260511T105019Z\program.html
HIST,20252,2025-2026 Spring,240,History/Tarih,2400450,HIST 450,450,"URBAN SPACES IN THE OTTOMAN EMPIRE, 1600-1900 (OSMANLI İMPARATORLUĞU'NDA KENTSEL MEKANLAR, 1600-1900 )",6.0,"3.00 (3.00,0.00,0.00)",Undergraduate/Lisans,Undergraduate / Lisans,https://student.metu.edu.tr/proxy/View_Program_Course_Details_64/main.php,2026-05-11T10:50:19+00:00,data\raw\sais\offerings\20252\HIST\20260511T105019Z\program.html
HIST,20252,2025-2026 Spring,240,History/Tarih,2400474,HIST 474,474,HISTORY OF AVIATION (HAVACILIK TARİHİ ),5.0,"3.00 (3.00,0.00,0.00)",Undergraduate/Lisans,Undergraduate / Lisans,https://student.metu.edu.tr/proxy/View_Program_Course_Details_64/main.php,2026-05-11T10:50:19+00:00,data\raw\sais\offerings\20252\HIST\20260511T105019Z\program.html
HIST,20252,2025-2026 Spring,240,History/Tarih,2400502,HIST 502,502,HISTORIOGRAPHY AND THE PHILOSOPHY OF HISTORY (TARİH YAZIMI VE TARİH FELSEFESİ ),8.0,"3.00 (3.00,0.00,0.00)",Graduate/Yüksek Lisans+Doktora,Master's / Yüksek Lisans,https://student.metu.edu.tr/proxy/View_Program_Course_Details_64/main.php,2026-05-11T10:50:19+00:00,data\raw\sais\offerings\20252\HIST\20260511T105019Z\program.html
HIST,20252,2025-2026 Spring,240,History/Tarih,2400504,HIST 504,504,OTTOMAN AND TURKISH HISTORY (OSMANLI VE TÜRK TARİHİ ),8.0,"3.00 (3.00,0.00,)",Graduate/Yüksek Lisans+Doktora,Master's / Yüksek Lisans,https://student.metu.edu.tr/proxy/View_Program_Course_Details_64/main.php,2026-05-11T10:50:19+00:00,data\raw\sais\offerings\20252\HIST\20260511T105019Z\program.html
HIST,20252,2025-2026 Spring,240,History/Tarih,2400520,HIST 520,520,CRISIS AND CHANGE IN OTTOMAN HISTORY (1300-1700) (OSMANLI TARİHİNDE KRİZ VE DEĞİŞİM (1300-1700) ),8.0,"3.00 (0.00,0.00,0.00)",Master`s/Yüksek Lisans,Master's / Yüksek Lisans,https://student.metu.edu.tr/proxy/View_Program_Course_Details_64/main.php,2026-05-11T10:50:19+00:00,data\raw\sais\offerings\20252\HIST\20260511T105019Z\program.html
HIST,20252,2025-2026 Spring,240,History/Tarih,2400532,HIST 532,532,HISTORY OF THE LATE OTTOMAN EMPIRE: SOCIOPOLITICAL AND CULTURAL TRENDS (OSMANLI MODERNİZASYONUNUN DOĞUŞU ),8.0,"3.00 (3.00,0.00,0.00)",Graduate/Yüksek Lisans+Doktora,Master's / Yüksek Lisans,https://student.metu.edu.tr/proxy/View_Program_Course_Details_64/main.php,2026-05-11T10:50:19+00:00,data\raw\sais\offerings\20252\HIST\20260511T105019Z\program.html
HIST,20252,2025-2026 Spring,240,History/Tarih,2400550,HIST 550,550,SEMINAR IN HISTORY (TARİH SEMİNERİ ),10.0,"0.00 (0.00,0.00,0.00)",Graduate/Yüksek Lisans+Doktora,Seminar / Seminer,https://student.metu.edu.tr/proxy/View_Program_Course_Details_64/main.php,2026-05-11T10:50:19+00:00,data\raw\sais\offerings\20252\HIST\20260511T105019Z\program.html
HIST,20252,2025-2026 Spring,240,History/Tarih,2400563,HIST 563,563,EMERGENCE AND EVOLUTION OF ARMENIAN QUESTION (ERMENİ SORUNUN ORTAYA ÇIKIŞI VE EVRİMİ ),8.0,"3.00 (3.00,0.00,0.00)",Master`s/Yüksek Lisans,Master's / Yüksek Lisans,https://student.metu.edu.tr/proxy/View_Program_Course_Details_64/main.php,2026-05-11T10:50:19+00:00,data\raw\sais\offerings\20252\HIST\20260511T105019Z\program.html
HIST,20252,2025-2026 Spring,240,History/Tarih,2400564,HIST 564,564,MEDIEVAL ANATOLIA & THE ISLAMICATE WORLD (ORTA ÇAĞ ANADOLU VE İSLAM DÜNYASI ),8.0,"3.00 (3.00,0.00,0.00)",Graduate/Yüksek Lisans+Doktora,Master's / Yüksek Lisans,https://student.metu.edu.tr/proxy/View_Program_Course_Details_64/main.php,2026-05-11T10:50:19+00:00,data\raw\sais\offerings\20252\HIST\20260511T105019Z\program.html
HIST,20252,2025-2026 Spring,240,History/Tarih,2400570,HIST 570,570,OTTOMAN URBAN HISTORY (OSMANLI KENT TARİHİ ),8.0,"3.00 (3.00,0.00,0.00)",Graduate/Yüksek Lisans+Doktora,Master's / Yüksek Lisans,https://student.metu.edu.tr/proxy/View_Program_Course_Details_64/main.php,2026-05-11T10:50:19+00:00,data\raw\sais\offerings\20252\HIST\20260511T105019Z\program.html
HIST,20252,2025-2026 Spring,240,History/Tarih,2400578,HIST 578,578,THE MAKING OF CONTEMPORARY TURKEY (ÇAĞDAŞ TÜRKİYE'NİN İNŞASI ),8.0,"3.00 (3.00,0.00,0.00)",Graduate/Yüksek Lisans+Doktora,Master's / Yüksek Lisans,https://student.metu.edu.tr/proxy/View_Program_Course_Details_64/main.php,2026-05-11T10:50:19+00:00,data\raw\sais\offerings\20252\HIST\20260511T105019Z\program.html
HIST,20252,2025-2026 Spring,240,History/Tarih,2400599,HIST 599,599,MASTER`S THESIS (MASTER TEZİ ),50.0,"0.00 (0.00,0.00,0.00)",Master`s/Yüksek Lisans,M.S. Thesis / Yüksek Lisans Tez,https://student.metu.edu.tr/proxy/View_Program_Course_Details_64/main.php,2026-05-11T10:50:19+00:00,data\raw\sais\offerings\20252\HIST\20260511T105019Z\program.html
HIST,20252,2025-2026 Spring,240,History/Tarih,2400600,HIST 600,600,DOCTORAL SEMINAR (DOKTORA SEMİNERİ ),10.0,"0.00 (3.00,0.00,0.00)",Graduate/Yüksek Lisans+Doktora,Seminar / Seminer,https://student.metu.edu.tr/proxy/View_Program_Course_Details_64/main.php,2026-05-11T10:50:19+00:00,data\raw\sais\offerings\20252\HIST\20260511T105019Z\program.html
HIST,20252,2025-2026 Spring,240,History/Tarih,2400611,HIST 611,611,HISTORICAL PATTERNS OF THE MODERN WORLD (MODERN DÜNYAYI OLUŞTURAN TARİHSEL ÖRÜNTÜLER ),8.0,"3.00 (3.00,0.00,0.00)",Graduate/Yüksek Lisans+Doktora,Doctoral / Doktora,https://student.metu.edu.tr/proxy/View_Program_Course_Details_64/main.php,2026-05-11T10:50:19+00:00,data\raw\sais\offerings\20252\HIST\20260511T105019Z\program.html
HIST,20252,2025-2026 Spring,240,History/Tarih,2400641,HIST 641,641,CURRENT APPROACHES IN HISTORICAL RESEARCH (TARİHİ ARAŞTIRMADA GÜNCEL YAKLAŞIMLAR ),8.0,"3.00 (3.00,0.00,0.00)",Graduate/Yüksek Lisans+Doktora,Doctoral / Doktora,https://student.metu.edu.tr/proxy/View_Program_Course_Details_64/main.php,2026-05-11T10:50:19+00:00,data\raw\sais\offerings\20252\HIST\20260511T105019Z\program.html
HIST,20252,2025-2026 Spring,240,History/Tarih,2400699,HIST 699,699,PH.D. DISSERTATION (DOKTORA BİTİRME TEZİ ),130.0,"0.00 (0.00,0.00,)",Doctoral/Doktora,Ph.D Thesis / Doktora Tez,https://student.metu.edu.tr/proxy/View_Program_Course_Details_64/main.php,2026-05-11T10:50:19+00:00,data\raw\sais\offerings\20252\HIST\20260511T105019Z\program.html
HIST,20252,2025-2026 Spring,240,History/Tarih,2402201,HIST 2201,2201,PRINCIPLES OF KEMAL ATATÜRK I (KEMAL ATATÜRK İLKELERİ I ),2.0,"0.00 (2.00,0.00,0.00)",Undergraduate/Lisans,Undergraduate / Lisans,https://student.metu.edu.tr/proxy/View_Program_Course_Details_64/main.php,2026-05-11T10:50:19+00:00,data\raw\sais\offerings\20252\HIST\20260511T105019Z\program.html
HIST,20252,2025-2026 Spring,240,History/Tarih,2402202,HIST 2202,2202,PRINCIPLES OF KEMAL ATATÜRK II (KEMAL ATATÜRK İLKELERİ II ),2.0,"0.00 (2.00,0.00,0.00)",Undergraduate/Lisans,Undergraduate / Lisans,https://student.metu.edu.tr/proxy/View_Program_Course_Details_64/main.php,2026-05-11T10:50:19+00:00,data\raw\sais\offerings\20252\HIST\20260511T105019Z\program.html
HIST,20252,2025-2026 Spring,240,History/Tarih,2402205,HIST 2205,2205,HISTORY OF THE TURKISH REVOLUTION I (TÜRK DEVRİM TARİHİ I ),2.0,"0.00 (2.00,0.00,0.00)",Undergraduate/Lisans,Undergraduate / Lisans,https://student.metu.edu.tr/proxy/View_Program_Course_Details_64/main.php,2026-05-11T10:50:19+00:00,data\raw\sais\offerings\20252\HIST\20260511T105019Z\program.html
HIST,20252,2025-2026 Spring,240,History/Tarih,2402206,HIST 2206,2206,HISTORY OF THE TURKISH REVOLUTION II (TÜRK DEVRİM TARİHİ II ),2.0,"0.00 (2.00,0.00,0.00)",Undergraduate/Lisans,Undergraduate / Lisans,https://student.metu.edu.tr/proxy/View_Program_Course_Details_64/main.php,2026-05-11T10:50:19+00:00,data\raw\sais\offerings\20252\HIST\20260511T105019Z\program.html
IS,20252,2025-2026 Spring,901,Information Systems/Bilişim Sistemleri,9010100,IS 100,100,INTRODUCTION TO INFORMATION TECHNOLOGIES AND APPLICATIONS (BİLGİ TEKNOLOJİLERİ VE UYGULAMALARINA GİRİŞ ),1.0,"0.00 (,,)",Undergraduate/Lisans,Undergraduate / Lisans,https://student.metu.edu.tr/proxy/View_Program_Course_Details_64/main.php,2026-05-11T10:50:19+00:00,data\raw\sais\offerings\20252\IS\20260511T105019Z\program.html
IS,20252,2025-2026 Spring,901,Information Systems/Bilişim Sistemleri,9010501,IS 501,501,INTRODUCTION TO INFORMATION SYSTEMS (BİLİŞİM SİSTEMLERİNE GİRİŞ ),8.0,"3.00 (3.00,0.00,0.00)",Graduate/Yüksek Lisans+Doktora,Master's / Yüksek Lisans,https://student.metu.edu.tr/proxy/View_Program_Course_Details_64/main.php,2026-05-11T10:50:19+00:00,data\raw\sais\offerings\20252\IS\20260511T105019Z\program.html
IS,20252,2025-2026 Spring,901,Information Systems/Bilişim Sistemleri,9010504,IS 504,504,COMP.NETWORKING FOR INFOR.SYSTEMS (BİLİŞİM SİSTEMLERİ İÇİN BİLGİSAYAR AĞLARI ),8.0,"3.00 (3.00,0.00,)",Graduate/Yüksek Lisans+Doktora,Master's / Yüksek Lisans,https://student.metu.edu.tr/proxy/View_Program_Course_Details_64/main.php,2026-05-11T10:50:19+00:00,data\raw\sais\offerings\20252\IS\20260511T105019Z\program.html
IS,20252,2025-2026 Spring,901,Information Systems/Bilişim Sistemleri,9010518,IS 518,518,AGILE SOFTWARE DEVELOPMENT (ÇEVİK YAZILIM GELİŞTİRME ),8.0,"3.00 (3.00,0.00,0.00)",Graduate/Yüksek Lisans+Doktora,Master's / Yüksek Lisans,https://student.metu.edu.tr/proxy/View_Program_Course_Details_64/main.php,2026-05-11T10:50:19+00:00,data\raw\sais\offerings\20252\IS\20260511T105019Z\program.html
IS,20252,2025-2026 Spring,901,Information Systems/Bilişim Sistemleri,9010526,IS 526,526,SOFTWARE QUALITY MANAGEMENT (YAZILIM KALİTE YÖNETİMİ ),8.0,"3.00 (3.00,0.00,)",Graduate/Yüksek Lisans+Doktora,Master's / Yüksek Lisans,https://student.metu.edu.tr/proxy/View_Program_Course_Details_64/main.php,2026-05-11T10:50:19+00:00,data\raw\sais\offerings\20252\IS\20260511T105019Z\program.html
IS,20252,2025-2026 Spring,901,Information Systems/Bilişim Sistemleri,9010528,IS 528,528,SOFTWARE ARCHITECTURE (YAZILIM MİMARİSİ ),8.0,"3.00 (3.00,0.00,0.00)",Graduate/Yüksek Lisans+Doktora,Master's / Yüksek Lisans,https://student.metu.edu.tr/proxy/View_Program_Course_Details_64/main.php,2026-05-11T10:50:19+00:00,data\raw\sais\offerings\20252\IS\20260511T105019Z\program.html
IS,20252,2025-2026 Spring,901,Information Systems/Bilişim Sistemleri,9010538,IS 538,538,CONTEMPORARY SOCIO-TECHNICAL PERSPECTIVES IN INFORMATION SYSTEMS (BİLİŞİM SİSTEMLERİNDE ÇAĞDAŞ SOSYO-TEKNİK PERSPEKTİFLER ),8.0,"3.00 (3.00,0.00,0.00)",Graduate/Yüksek Lisans+Doktora,Master's / Yüksek Lisans,https://student.metu.edu.tr/proxy/View_Program_Course_Details_64/main.php,2026-05-11T10:50:19+00:00,data\raw\sais\offerings\20252\IS\20260511T105019Z\program.html
IS,20252,2025-2026 Spring,901,Information Systems/Bilişim Sistemleri,9010545,IS 545,545,OBJECT ORIENTED PROGRAMMING AND DATA STRUCTURE (NESNE ODAKLI PROGRAMLAMA VE VERİ YAPILARI ),8.0,"3.00 (3.00,0.00,0.00)",Graduate/Yüksek Lisans+Doktora,Master's / Yüksek Lisans,https://student.metu.edu.tr/proxy/View_Program_Course_Details_64/main.php,2026-05-11T10:50:19+00:00,data\raw\sais\offerings\20252\IS\20260511T105019Z\program.html
IS,20252,2025-2026 Spring,901,Information Systems/Bilişim Sistemleri,9010547,IS 547,547,CLOUD COMPUTING: TECHNOLOGY AND BUSINESS (BULUT BİLİŞİM: TEKNOLOJİ VE İŞLETME ),8.0,"3.00 (3.00,0.00,0.00)",Graduate/Yüksek Lisans+Doktora,Master's / Yüksek Lisans,https://student.metu.edu.tr/proxy/View_Program_Course_Details_64/main.php,2026-05-11T10:50:19+00:00,data\raw\sais\offerings\20252\IS\20260511T105019Z\program.html
IS,20252,2025-2026 Spring,901,Information Systems/Bilişim Sistemleri,9010550,IS 550,550,WEB SERVICES AND SERVICE-ORIENTED ARCHITECTURE (WEB HİZMETLERİ VE HİZMET ODAKLI MİMARLIK ),8.0,"3.00 (3.00,0.00,0.00)",Graduate/Yüksek Lisans+Doktora,Master's / Yüksek Lisans,https://student.metu.edu.tr/proxy/View_Program_Course_Details_64/main.php,2026-05-11T10:50:19+00:00,data\raw\sais\offerings\20252\IS\20260511T105019Z\program.html
IS,20252,2025-2026 Spring,901,Information Systems/Bilişim Sistemleri,9010584,IS 584,584,DEEP LEARNING FOR TEXT ANALYTICS (METİN ANALİZİ İÇİN DERİN ÖĞRENME ),8.0,"3.00 (3.00,0.00,0.00)",Graduate/Yüksek Lisans+Doktora,Master's / Yüksek Lisans,https://student.metu.edu.tr/proxy/View_Program_Course_Details_64/main.php,2026-05-11T10:50:19+00:00,data\raw\sais\offerings\20252\IS\20260511T105019Z\program.html
IS,20252,2025-2026 Spring,901,Information Systems/Bilişim Sistemleri,9010587,IS 587,587,BIG DATA (BÜYÜK VERİ ),8.0,"3.00 (3.00,0.00,0.00)",Graduate/Yüksek Lisans+Doktora,Master's / Yüksek Lisans,https://student.metu.edu.tr/proxy/View_Program_Course_Details_64/main.php,2026-05-11T10:50:19+00:00,data\raw\sais\offerings\20252\IS\20260511T105019Z\program.html
IS,20252,2025-2026 Spring,901,Information Systems/Bilişim Sistemleri,9010589,IS 589,589,TERM PROJECT (DÖNEM PROJESİ ),20.0,"0.00 (0.00,0.00,0.00)",Master`s/Yüksek Lisans,Term Project / Dönem Projesi,https://student.metu.edu.tr/proxy/View_Program_Course_Details_64/main.php,2026-05-11T10:50:19+00:00,data\raw\sais\offerings\20252\IS\20260511T105019Z\program.html
IS,20252,2025-2026 Spring,901,Information Systems/Bilişim Sistemleri,9010599,IS 599,599,MASTER THESIS (YÜKSEK LİSANS TEZİ ),50.0,"0.00 (0.00,0.00,)",Master`s/Yüksek Lisans,M.S. Thesis / Yüksek Lisans Tez,https://student.metu.edu.tr/proxy/View_Program_Course_Details_64/main.php,2026-05-11T10:50:19+00:00,data\raw\sais\offerings\20252\IS\20260511T105019Z\program.html
IS,20252,2025-2026 Spring,901,Information Systems/Bilişim Sistemleri,9010699,IS 699,699,PH.D. THESIS (PH.D. TEZİ ),130.0,"0.00 (0.00,0.00,0.00)",Doctoral/Doktora,Ph.D Thesis / Doktora Tez,https://student.metu.edu.tr/proxy/View_Program_Course_Details_64/main.php,2026-05-11T10:50:19+00:00,data\raw\sais\offerings\20252\IS\20260511T105019Z\program.html
IS,20252,2025-2026 Spring,901,Information Systems/Bilişim Sistemleri,9010722,IS 722,722,SYSTEMS ENGINEERING (SİSTEM MÜHENDİSLİĞİ ),8.0,"3.00 (0.00,0.00,0.00)",Graduate/Yüksek Lisans+Doktora,Master's / Yüksek Lisans,https://student.metu.edu.tr/proxy/View_Program_Course_Details_64/main.php,2026-05-11T10:50:19+00:00,data\raw\sais\offerings\20252\IS\20260511T105019Z\program.html
IS,20252,2025-2026 Spring,901,Information Systems/Bilişim Sistemleri,9010789,IS 789,789,SPACE INFORMATION SYSTEMS AND SPACE CYBERSECURITY (UZAY BİLGİ SİSTEMLERİ VE UZAY SİBER GÜVENLİĞİ ),8.0,"3.00 (3.00,0.00,0.00)",Graduate/Yüksek Lisans+Doktora,Master's / Yüksek Lisans,https://student.metu.edu.tr/proxy/View_Program_Course_Details_64/main.php,2026-05-11T10:50:19+00:00,data\raw\sais\offerings\20252\IS\20260511T105019Z\program.html
MATH,20252,2025-2026 Spring,236,Mathematics/Matematik,2360112,MATH 112,112,DISCRETE MATHEMATICS (AYRIK MATEMATİK ),4.5,"3.00 (3.00,0.00,)",Undergraduate/Lisans,Undergraduate / Lisans,https://student.metu.edu.tr/proxy/View_Program_Course_Details_64/main.php,2026-05-11T10:50:19+00:00,data\raw\sais\offerings\20252\MATH\20260511T105019Z\program.html
MATH,20252,2025-2026 Spring,236,Mathematics/Matematik,2360113,MATH 113,113,CALCULUS I (KALKÜLÜS I ),7.5,"5.00 (4.00,2.00,0.00)",Undergraduate/Lisans,Undergraduate / Lisans,https://student.metu.edu.tr/proxy/View_Program_Course_Details_64/main.php,2026-05-11T10:50:19+00:00,data\raw\sais\offerings\20252\MATH\20260511T105019Z\program.html
MATH,20252,2025-2026 Spring,236,Mathematics/Matematik,2360114,MATH 114,114,CALCULUS II (KALKÜLÜS II ),7.5,"5.00 (4.00,2.00,0.00)",Undergraduate/Lisans,Undergraduate / Lisans,https://student.metu.edu.tr/proxy/View_Program_Course_Details_64/main.php,2026-05-11T10:50:19+00:00,data\raw\sais\offerings\20252\MATH\20260511T105019Z\program.html
MATH,20252,2025-2026 Spring,236,Mathematics/Matematik,2360117,MATH 117,117,CALCULUS I (ANALİZ I ),7.5,"5.00 (4.00,2.00,0.00)",Undergraduate/Lisans,Undergraduate / Lisans,https://student.metu.edu.tr/proxy/View_Program_Course_Details_64/main.php,2026-05-11T10:50:19+00:00,data\raw\sais\offerings\20252\MATH\20260511T105019Z\program.html
MATH,20252,2025-2026 Spring,236,Mathematics/Matematik,2360118,MATH 118,118,CALCULUS II (ANALİZ II ),7.5,"5.00 (4.00,2.00,0.00)",Undergraduate/Lisans,Undergraduate / Lisans,https://student.metu.edu.tr/proxy/View_Program_Course_Details_64/main.php,2026-05-11T10:50:19+00:00,data\raw\sais\offerings\20252\MATH\20260511T105019Z\program.html
MATH,20252,2025-2026 Spring,236,Mathematics/Matematik,2360119,MATH 119,119,CALCULUS WITH ANALYTIC GEOMETRY (ANALİZ VE ANALİTİK GEOMETRİ ),7.0,"5.00 (,,)",Undergraduate/Lisans,Undergraduate / Lisans,https://student.metu.edu.tr/proxy/View_Program_Course_Details_64/main.php,2026-05-11T10:50:19+00:00,data\raw\sais\offerings\20252\MATH\20260511T105019Z\program.html
MATH,20252,2025-2026 Spring,236,Mathematics/Matematik,2360120,MATH 120,120,CALCULUS OF FUNCTIONS OF SEVERAL VARIABLES (ÇOK DEĞİŞKENLİ FONKSİYONLARIN ANALİZİ ),7.5,"5.00 (4.00,2.00,0.00)",Undergraduate/Lisans,Undergraduate / Lisans,https://student.metu.edu.tr/proxy/View_Program_Course_Details_64/main.php,2026-05-11T10:50:19+00:00,data\raw\sais\offerings\20252\MATH\20260511T105019Z\program.html
MATH,20252,2025-2026 Spring,236,Mathematics/Matematik,2360124,MATH 124,124,INTRODUCTION TO LINEAR ALGEBRA AND ANALYTIC GEOMETRY (DOĞRUSAL CEBİRE GİRİŞ VE ANALİTİK GEOMETRİ ),4.5,"3.00 (3.00,0.00,0.00)",Undergraduate/Lisans,Undergraduate / Lisans,https://student.metu.edu.tr/proxy/View_Program_Course_Details_64/main.php,2026-05-11T10:50:19+00:00,data\raw\sais\offerings\20252\MATH\20260511T105019Z\program.html
MATH,20252,2025-2026 Spring,236,Mathematics/Matematik,2360126,MATH 126,126,BASIC MATHEMATICS II (TEMEL MATEMATİK II ),5.0,"4.00 (3.00,2.00,0.00)",Undergraduate/Lisans,Undergraduate / Lisans,https://student.metu.edu.tr/proxy/View_Program_Course_Details_64/main.php,2026-05-11T10:50:19+00:00,data\raw\sais\offerings\20252\MATH\20260511T105019Z\program.html
MATH,20252,2025-2026 Spring,236,Mathematics/Matematik,2360130,MATH 130,130,MULTIVARIABLE AND VECTOR CALCULUS (ÇOK DEĞİŞKENLİ VE VEKTÖR FONKSİYONLARIN ANALİZİ ),7.5,"5.00 (4.00,2.00,0.00)",Undergraduate/Lisans,Undergraduate / Lisans,https://student.metu.edu.tr/proxy/View_Program_Course_Details_64/main.php,2026-05-11T10:50:19+00:00,data\raw\sais\offerings\20252\MATH\20260511T105019Z\program.html
MATH,20252,2025-2026 Spring,236,Mathematics/Matematik,2360201,MATH 201,201,ELEMENTARY GEOMETRY (ELEMENTER GEOMETRİ I ),4.5,"3.00 (3.00,0.00,0.00)",Undergraduate/Lisans,Undergraduate / Lisans,https://student.metu.edu.tr/proxy/View_Program_Course_Details_64/main.php,2026-05-11T10:50:19+00:00,data\raw\sais\offerings\20252\MATH\20260511T105019Z\program.html
MATH,20252,2025-2026 Spring,236,Mathematics/Matematik,2360213,MATH 213,213,CALCULUS III (KALKÜLÜS III ),7.5,"4.00 (3.00,2.00,0.00)",Undergraduate/Lisans,Undergraduate / Lisans,https://student.metu.edu.tr/proxy/View_Program_Course_Details_64/main.php,2026-05-11T10:50:19+00:00,data\raw\sais\offerings\20252\MATH\20260511T105019Z\program.html
MATH,20252,2025-2026 Spring,236,Mathematics/Matematik,2360214,MATH 214,214,MATHEMATICAL ANALYSIS (MATEMATİKSEL ANALİZ ),7.5,"4.00 (3.00,2.00,0.00)",Undergraduate/Lisans,Undergraduate / Lisans,https://student.metu.edu.tr/proxy/View_Program_Course_Details_64/main.php,2026-05-11T10:50:19+00:00,data\raw\sais\offerings\20252\MATH\20260511T105019Z\program.html
MATH,20252,2025-2026 Spring,236,Mathematics/Matematik,2360219,MATH 219,219,INTRODUCTION TO DIFFERENTIAL EQUATIONS (DİFERANSİYEL DENKLEMLERE GİRİŞ ),7.0,"4.00 (4.00,0.00,0.00)",Undergraduate/Lisans,Undergraduate / Lisans,https://student.metu.edu.tr/proxy/View_Program_Course_Details_64/main.php,2026-05-11T10:50:19+00:00,data\raw\sais\offerings\20252\MATH\20260511T105019Z\program.html
MATH,20252,2025-2026 Spring,236,Mathematics/Matematik,2360250,MATH 250,250,ADVANCED CALCULUS IN STATISTICS (İSTATİKÇİLER İÇİN İLERİ ANALİZ ),9.0,"5.00 (4.00,2.00,)",Undergraduate/Lisans,Undergraduate / Lisans,https://student.metu.edu.tr/proxy/View_Program_Course_Details_64/main.php,2026-05-11T10:50:19+00:00,data\raw\sais\offerings\20252\MATH\20260511T105019Z\program.html
MATH,20252,2025-2026 Spring,236,Mathematics/Matematik,2360260,MATH 260,260,BASIC LINEAR ALGEBRA (TEMEL DOĞRUSAL CEBİR ),5.0,"3.00 (3.00,0.00,0.00)",Undergraduate/Lisans,Undergraduate / Lisans,https://student.metu.edu.tr/proxy/View_Program_Course_Details_64/main.php,2026-05-11T10:50:19+00:00,data\raw\sais\offerings\20252\MATH\20260511T105019Z\program.html
MATH,20252,2025-2026 Spring,236,Mathematics/Matematik,2360261,MATH 261,261,LINEAR ALGEBRA I (DOĞRUSAL CEBİR I ),10.0,"4.00 (4.00,0.00,0.00)",Undergraduate/Lisans,Undergraduate / Lisans,https://student.metu.edu.tr/proxy/View_Program_Course_Details_64/main.php,2026-05-11T10:50:19+00:00,data\raw\sais\offerings\20252\MATH\20260511T105019Z\program.html
MATH,20252,2025-2026 Spring,236,Mathematics/Matematik,2360262,MATH 262,262,LINEAR ALGEBRA II (DOĞRUSAL CEBİR II ),7.5,"4.00 (4.00,0.00,0.00)",Undergraduate/Lisans,Undergraduate / Lisans,https://student.metu.edu.tr/proxy/View_Program_Course_Details_64/main.php,2026-05-11T10:50:19+00:00,data\raw\sais\offerings\20252\MATH\20260511T105019Z\program.html
MATH,20252,2025-2026 Spring,236,Mathematics/Matematik,2360268,MATH 268,268,ABSTRACT ALGEBRA II (SOYUT CEBİR II ),7.5,"4.00 (3.00,2.00,0.00)",Undergraduate/Lisans,Undergraduate / Lisans,https://student.metu.edu.tr/proxy/View_Program_Course_Details_64/main.php,2026-05-11T10:50:19+00:00,data\raw\sais\offerings\20252\MATH\20260511T105019Z\program.html
MATH,20252,2025-2026 Spring,236,Mathematics/Matematik,2360304,MATH 304,304,HISTORY OF MATHEMATICAL CONCEPTS II (MATEMATİKSEL KAVRAMLARIN TARİHİ II ),6.0,"3.00 (3.00,0.00,)",Undergraduate/Lisans,Undergraduate / Lisans,https://student.metu.edu.tr/proxy/View_Program_Course_Details_64/main.php,2026-05-11T10:50:19+00:00,data\raw\sais\offerings\20252\MATH\20260511T105019Z\program.html
MATH,20252,2025-2026 Spring,236,Mathematics/Matematik,2360313,MATH 313,313,METRIC SPACES (METRİK UZAYLAR ),7.5,"4.00 (3.00,2.00,0.00)",Undergraduate/Lisans,Undergraduate / Lisans,https://student.metu.edu.tr/proxy/View_Program_Course_Details_64/main.php,2026-05-11T10:50:19+00:00,data\raw\sais\offerings\20252\MATH\20260511T105019Z\program.html
MATH,20252,2025-2026 Spring,236,Mathematics/Matematik,2360332,MATH 332,332,THEORETICAL ASPECTS OF STOCHASTIC PROCESSES (STOKASTİK SÜREÇLERİN TEORİK YÖNLERİ ),6.0,"3.00 (3.00,0.00,0.00)",Undergraduate/Lisans,Undergraduate / Lisans,https://student.metu.edu.tr/proxy/View_Program_Course_Details_64/main.php,2026-05-11T10:50:19+00:00,data\raw\sais\offerings\20252\MATH\20260511T105019Z\program.html
MATH,20252,2025-2026 Spring,236,Mathematics/Matematik,2360358,MATH 358,358,PARTIAL DIFFERENTIAL EQUATIONS (KISMİ DİFERANSİYEL DENKLEMLER ),10.0,"4.00 (4.00,0.00,0.00)",Undergraduate/Lisans,Undergraduate / Lisans,https://student.metu.edu.tr/proxy/View_Program_Course_Details_64/main.php,2026-05-11T10:50:19+00:00,data\raw\sais\offerings\20252\MATH\20260511T105019Z\program.html
MATH,20252,2025-2026 Spring,236,Mathematics/Matematik,2360371,MATH 371,371,DIFFERENTIAL GEOMETRY (DİFERANSİYEL DENKLEMLER ),9.0,"4.00 (4.00,0.00,0.00)",Undergraduate/Lisans,Undergraduate / Lisans,https://student.metu.edu.tr/proxy/View_Program_Course_Details_64/main.php,2026-05-11T10:50:19+00:00,data\raw\sais\offerings\20252\MATH\20260511T105019Z\program.html
MATH,20252,2025-2026 Spring,236,Mathematics/Matematik,2360373,MATH 373,373,GEOMETRY I (GEOMETRİ I ),6.0,"3.00 (3.00,0.00,)",Undergraduate/Lisans,Undergraduate / Lisans,https://student.metu.edu.tr/proxy/View_Program_Course_Details_64/main.php,2026-05-11T10:50:19+00:00,data\raw\sais\offerings\20252\MATH\20260511T105019Z\program.html
MATH,20252,2025-2026 Spring,236,Mathematics/Matematik,2360382,MATH 382,382,NUMERICAL ANALYSIS II (NUMERİK ANALİZ II ),6.0,"3.00 (3.00,0.00,)",Undergraduate/Lisans,Undergraduate / Lisans,https://student.metu.edu.tr/proxy/View_Program_Course_Details_64/main.php,2026-05-11T10:50:19+00:00,data\raw\sais\offerings\20252\MATH\20260511T105019Z\program.html
MATH,20252,2025-2026 Spring,236,Mathematics/Matematik,2360386,MATH 386,386,ORTHOGONAL POLYNOMIALS OF APPLIED MATH. (UYGULAMALI MATEMATİĞİN ORTOGONAL POLİNOMLARI ),6.0,"3.00 (3.00,0.00,)",Undergraduate/Lisans,Undergraduate / Lisans,https://student.metu.edu.tr/proxy/View_Program_Course_Details_64/main.php,2026-05-11T10:50:19+00:00,data\raw\sais\offerings\20252\MATH\20260511T105019Z\program.html
MATH,20252,2025-2026 Spring,236,Mathematics/Matematik,2360401,MATH 401,401,PROBABILITY THEORY (OLASILIK TEORİSİ ),6.0,"3.00 (3.00,0.00,0.00)",Undergraduate/Lisans,Undergraduate / Lisans,https://student.metu.edu.tr/proxy/View_Program_Course_Details_64/main.php,2026-05-11T10:50:19+00:00,data\raw\sais\offerings\20252\MATH\20260511T105019Z\program.html
MATH,20252,2025-2026 Spring,236,Mathematics/Matematik,2360422,MATH 422,422,ELEMENTARY GEOMETRIC TOPOLOGY (TEMEL GEOMETRİK TOPOLOJİ ),6.0,"3.00 (3.00,0.00,)",Undergraduate/Lisans,Undergraduate / Lisans,https://student.metu.edu.tr/proxy/View_Program_Course_Details_64/main.php,2026-05-11T10:50:19+00:00,data\raw\sais\offerings\20252\MATH\20260511T105019Z\program.html
MATH,20252,2025-2026 Spring,236,Mathematics/Matematik,2360429,MATH 429,429,INTRODUCTION TO ERGODIC THEORY (ERGODİK TEORİYE GİRİŞ ),6.0,"3.00 (3.00,0.00,0.00)",Undergraduate/Lisans,Undergraduate / Lisans,https://student.metu.edu.tr/proxy/View_Program_Course_Details_64/main.php,2026-05-11T10:50:19+00:00,data\raw\sais\offerings\20252\MATH\20260511T105019Z\program.html
MATH,20252,2025-2026 Spring,236,Mathematics/Matematik,2360464,MATH 464,464,INTRODUCTION TO REPRESENTATION THEORY (TEMSİLLER TEORİSİNE GİRİŞ ),6.0,"3.00 (3.00,0.00,)",Undergraduate/Lisans,Undergraduate / Lisans,https://student.metu.edu.tr/proxy/View_Program_Course_Details_64/main.php,2026-05-11T10:50:19+00:00,data\raw\sais\offerings\20252\MATH\20260511T105019Z\program.html
MATH,20252,2025-2026 Spring,236,Mathematics/Matematik,2360466,MATH 466,466,GROUPS AND GEOMETRY (GRUPLAR VE GEOMETRİ ),6.0,"3.00 (3.00,0.00,0.00)",Undergraduate/Lisans,Undergraduate / Lisans,https://student.metu.edu.tr/proxy/View_Program_Course_Details_64/main.php,2026-05-11T10:50:19+00:00,data\raw\sais\offerings\20252\MATH\20260511T105019Z\program.html
MATH,20252,2025-2026 Spring,236,Mathematics/Matematik,2360473,MATH 473,473,"IDEALS VARIETIES AND ALGORITHMS (İDEALLER, VARYETELER VE ALGORİTMALLAR )",6.0,"3.00 (3.00,0.00,)",Undergraduate/Lisans,Undergraduate / Lisans,https://student.metu.edu.tr/proxy/View_Program_Course_Details_64/main.php,2026-05-11T10:50:19+00:00,data\raw\sais\offerings\20252\MATH\20260511T105019Z\program.html
MATH,20252,2025-2026 Spring,236,Mathematics/Matematik,2360476,MATH 476,476,ALGEBRAIC CURVES (CEBİRSEL EĞRİLER ),6.0,"3.00 (3.00,0.00,)",Undergraduate/Lisans,Undergraduate / Lisans,https://student.metu.edu.tr/proxy/View_Program_Course_Details_64/main.php,2026-05-11T10:50:19+00:00,data\raw\sais\offerings\20252\MATH\20260511T105019Z\program.html
MATH,20252,2025-2026 Spring,236,Mathematics/Matematik,2360480,MATH 480,480,NUMERICAL METHODS FOR DIFFERENTIAL EQUATIONS (DİFERANSİYEL DENKLEMLER İÇİN NUMERİK YÖNTEMLER ),6.0,"3.00 (3.00,0.00,0.00)",Undergraduate/Lisans,Undergraduate / Lisans,https://student.metu.edu.tr/proxy/View_Program_Course_Details_64/main.php,2026-05-11T10:50:19+00:00,data\raw\sais\offerings\20252\MATH\20260511T105019Z\program.html
MATH,20252,2025-2026 Spring,236,Mathematics/Matematik,2360488,MATH 488,488,APPLIED MATHEMATICS II (UYGULAMALI MATEMATİK II ),6.0,"3.00 (3.00,0.00,)",Undergraduate/Lisans,Undergraduate / Lisans,https://student.metu.edu.tr/proxy/View_Program_Course_Details_64/main.php,2026-05-11T10:50:19+00:00,data\raw\sais\offerings\20252\MATH\20260511T105019Z\program.html
MATH,20252,2025-2026 Spring,236,Mathematics/Matematik,2360500,MATH 500,500,M.S. THESIS (MASTIR TEZİ ),50.0,"0.00 (0.00,0.00,)",Master`s/Yüksek Lisans,M.S. Thesis / Yüksek Lisans Tez,https://student.metu.edu.tr/proxy/View_Program_Course_Details_64/main.php,2026-05-11T10:50:19+00:00,data\raw\sais\offerings\20252\MATH\20260511T105019Z\program.html
MATH,20252,2025-2026 Spring,236,Mathematics/Matematik,2360504,MATH 504,504,ALGEBRA II (CEBİR II ),8.0,"3.00 (3.00,0.00,)",Graduate/Yüksek Lisans+Doktora,Master's / Yüksek Lisans,https://student.metu.edu.tr/proxy/View_Program_Course_Details_64/main.php,2026-05-11T10:50:19+00:00,data\raw\sais\offerings\20252\MATH\20260511T105019Z\program.html
MATH,20252,2025-2026 Spring,236,Mathematics/Matematik,2360505,MATH 505,505,DIFFERENTIABLE MANIFOLDS (TÜREVLENEBİLİR MANİFOLDLAR ),8.0,"3.00 (3.00,0.00,)",Graduate/Yüksek Lisans+Doktora,Master's / Yüksek Lisans,https://student.metu.edu.tr/proxy/View_Program_Course_Details_64/main.php,2026-05-11T10:50:19+00:00,data\raw\sais\offerings\20252\MATH\20260511T105019Z\program.html
MATH,20252,2025-2026 Spring,236,Mathematics/Matematik,2360506,MATH 506,506,COMPREHENSIVE STUDIES (KAPSAMLI ÇALIŞMALAR ),10.0,"0.00 (0.00,4.00,0.00)",Graduate/Yüksek Lisans+Doktora,Master's / Yüksek Lisans,https://student.metu.edu.tr/proxy/View_Program_Course_Details_64/main.php,2026-05-11T10:50:19+00:00,data\raw\sais\offerings\20252\MATH\20260511T105019Z\program.html
MATH,20252,2025-2026 Spring,236,Mathematics/Matematik,2360512,MATH 512,512,INFINITE GROUPS (SONSUZ GRUPLAR ),8.0,"3.00 (3.00,0.00,)",Graduate/Yüksek Lisans+Doktora,Master's / Yüksek Lisans,https://student.metu.edu.tr/proxy/View_Program_Course_Details_64/main.php,2026-05-11T10:50:19+00:00,data\raw\sais\offerings\20252\MATH\20260511T105019Z\program.html
MATH,20252,2025-2026 Spring,236,Mathematics/Matematik,2360513,MATH 513,513,REPRESENTATION THEORY OF FINITE GROUPS (SONLU GRUPLARIN TEMSİL TEORİSİ ),8.0,"3.00 (3.00,0.00,)",Graduate/Yüksek Lisans+Doktora,Master's / Yüksek Lisans,https://student.metu.edu.tr/proxy/View_Program_Course_Details_64/main.php,2026-05-11T10:50:19+00:00,data\raw\sais\offerings\20252\MATH\20260511T105019Z\program.html
MATH,20252,2025-2026 Spring,236,Mathematics/Matematik,2360523,MATH 523,523,ALGEBRAIC NUMBER THEORY (CEBİRSEL SAYILAR TEORİSİ ),8.0,"3.00 (3.00,0.00,)",Graduate/Yüksek Lisans+Doktora,Master's / Yüksek Lisans,https://student.metu.edu.tr/proxy/View_Program_Course_Details_64/main.php,2026-05-11T10:50:19+00:00,data\raw\sais\offerings\20252\MATH\20260511T105019Z\program.html
MATH,20252,2025-2026 Spring,236,Mathematics/Matematik,2360552,MATH 552,552,ALGEBRAIC GEOMETRY II (CEBİRSEL GEOMETRİ II ),8.0,"3.00 (3.00,0.00,0.00)",Graduate/Yüksek Lisans+Doktora,Master's / Yüksek Lisans,https://student.metu.edu.tr/proxy/View_Program_Course_Details_64/main.php,2026-05-11T10:50:19+00:00,data\raw\sais\offerings\20252\MATH\20260511T105019Z\program.html
MATH,20252,2025-2026 Spring,236,Mathematics/Matematik,2360555,MATH 555,555,THEO. OF FUNC. OF A COMPLEX VARIABLE (TEK DEĞİŞKENLİ KOMPLEKS FONKSİYONLARIN TEORİSİ ),8.0,"3.00 (3.00,0.00,)",Graduate/Yüksek Lisans+Doktora,Master's / Yüksek Lisans,https://student.metu.edu.tr/proxy/View_Program_Course_Details_64/main.php,2026-05-11T10:50:19+00:00,data\raw\sais\offerings\20252\MATH\20260511T105019Z\program.html
MATH,20252,2025-2026 Spring,236,Mathematics/Matematik,2360571,MATH 571,571,TOPOLOGICAL VECTOR SPACES (TOPOLOJİK VEKTÖR UZAYLARI ),8.0,"3.00 (3.00,0.00,)",Graduate/Yüksek Lisans+Doktora,Master's / Yüksek Lisans,https://student.metu.edu.tr/proxy/View_Program_Course_Details_64/main.php,2026-05-11T10:50:19+00:00,data\raw\sais\offerings\20252\MATH\20260511T105019Z\program.html
MATH,20252,2025-2026 Spring,236,Mathematics/Matematik,2360582,MATH 582,582,NUMERICAL ANALYSIS II (NÜMERİK ANALİZ II ),8.0,"3.00 (3.00,0.00,)",Graduate/Yüksek Lisans+Doktora,Master's / Yüksek Lisans,https://student.metu.edu.tr/proxy/View_Program_Course_Details_64/main.php,2026-05-11T10:50:19+00:00,data\raw\sais\offerings\20252\MATH\20260511T105019Z\program.html
MATH,20252,2025-2026 Spring,236,Mathematics/Matematik,2360592,MATH 592,592,SEMINAR II (SEMİNER II ),10.0,"0.00 (0.00,2.00,)",Graduate/Yüksek Lisans+Doktora,Seminar / Seminer,https://student.metu.edu.tr/proxy/View_Program_Course_Details_64/main.php,2026-05-11T10:50:19+00:00,data\raw\sais\offerings\20252\MATH\20260511T105019Z\program.html
MATH,20252,2025-2026 Spring,236,Mathematics/Matematik,2360599,MATH 599,599,TERM PROJECT (DÖNEM PROJESİ ),20.0,"0.00 (0.00,2.00,0.00)",Graduate/Yüksek Lisans+Doktora,Term Project / Dönem Projesi,https://student.metu.edu.tr/proxy/View_Program_Course_Details_64/main.php,2026-05-11T10:50:19+00:00,data\raw\sais\offerings\20252\MATH\20260511T105019Z\program.html
MATH,20252,2025-2026 Spring,236,Mathematics/Matematik,2360600,MATH 600,600,PH.D. THESIS (DOKTORA TEZİ ),130.0,"0.00 (0.00,0.00,)",Doctoral/Doktora,Ph.D Thesis / Doktora Tez,https://student.metu.edu.tr/proxy/View_Program_Course_Details_64/main.php,2026-05-11T10:50:19+00:00,data\raw\sais\offerings\20252\MATH\20260511T105019Z\program.html
MATH,20252,2025-2026 Spring,236,Mathematics/Matematik,2360688,MATH 688,688,FINITE ELEMENT SOL. OF DIFF. EQUATIONS (DİFERANSİYEL DENKLEMLERİN SONLU ELEMANLAR ÇÖZÜMLERİ ),8.0,"3.00 (3.00,0.00,)",Graduate/Yüksek Lisans+Doktora,Master's / Yüksek Lisans,https://student.metu.edu.tr/proxy/View_Program_Course_Details_64/main.php,2026-05-11T10:50:19+00:00,data\raw\sais\offerings\20252\MATH\20260511T105019Z\program.html
MATH,20252,2025-2026 Spring,236,Mathematics/Matematik,2360696,MATH 696,696,GRADUATE SEMINAR IN MATHEMATICS II (LİSANSÜSTÜ MATEMATİK SEMİNERLERİ II ),10.0,"0.00 (0.00,2.00,0.00)",Graduate/Yüksek Lisans+Doktora,Seminar / Seminer,https://student.metu.edu.tr/proxy/View_Program_Course_Details_64/main.php,2026-05-11T10:50:19+00:00,data\raw\sais\offerings\20252\MATH\20260511T105019Z\program.html
MATH,20252,2025-2026 Spring,236,Mathematics/Matematik,2360707,MATH 707,707,INTRODUCTION TO OPERATOR THEORY (OPERATÖR TEORİSİNE GİRİŞ ),8.0,"3.00 (3.00,0.00,)",Graduate/Yüksek Lisans+Doktora,Master's / Yüksek Lisans,https://student.metu.edu.tr/proxy/View_Program_Course_Details_64/main.php,2026-05-11T10:50:19+00:00,data\raw\sais\offerings\20252\MATH\20260511T105019Z\program.html
MATH,20252,2025-2026 Spring,236,Mathematics/Matematik,2360747,MATH 747,747,TOPICS IN ALGEBRAIC GEOMETRY (CEBİRSEL GEOMETRİDE İLERİ BAŞLIKLAR ),8.0,"3.00 (3.00,0.00,0.00)",Graduate/Yüksek Lisans+Doktora,Master's / Yüksek Lisans,https://student.metu.edu.tr/proxy/View_Program_Course_Details_64/main.php,2026-05-11T10:50:19+00:00,data\raw\sais\offerings\20252\MATH\20260511T105019Z\program.html
MATH,20252,2025-2026 Spring,236,Mathematics/Matematik,2360759,MATH 759,759,INTRODUCTION TO CHAOTIC DYNAMICAL SYSTEMS (KAOTİK DİNAMİK SİSTEMLERE GİRİŞ ),8.0,"3.00 (3.00,0.00,0.00)",Master`s/Yüksek Lisans,Doctoral / Doktora,https://student.metu.edu.tr/proxy/View_Program_Course_Details_64/main.php,2026-05-11T10:50:19+00:00,data\raw\sais\offerings\20252\MATH\20260511T105019Z\program.html
OHS,20252,2025-2026 Spring,877,Occupational Health and Safety/İş Sağlığı ve Güvenliği,8770101,OHS 101,101,OCCUPATIONAL HEALTH AND SAFETY-I (İŞ SAĞLIĞI VE GÜVENLİĞİ-I ),2.0,"0.00 (0.00,0.00,0.00)",Undergraduate/Lisans,Undergraduate / Lisans,https://student.metu.edu.tr/proxy/View_Program_Course_Details_64/main.php,2026-05-11T10:50:19+00:00,data\raw\sais\offerings\20252\OHS\20260511T105019Z\program.html
OHS,20252,2025-2026 Spring,877,Occupational Health and Safety/İş Sağlığı ve Güvenliği,8770301,OHS 301,301,OCCUPATIONAL HEALTH AND SAFETY - II (İŞ SAĞLIĞI VE GÜVENLİĞİ-II ),2.0,"0.00 (0.00,0.00,0.00)",Undergraduate/Lisans,Undergraduate / Lisans,https://student.metu.edu.tr/proxy/View_Program_Course_Details_64/main.php,2026-05-11T10:50:19+00:00,data\raw\sais\offerings\20252\OHS\20260511T105019Z\program.html
OHS,20252,2025-2026 Spring,877,Occupational Health and Safety/İş Sağlığı ve Güvenliği,8770500,OHS 500,500,M.S.THESIS (YÜKSEK LİSANS TEZİ ),50.0,"0.00 (0.00,0.00,0.00)",Graduate/Yüksek Lisans+Doktora,M.S. Thesis / Yüksek Lisans Tez,https://student.metu.edu.tr/proxy/View_Program_Course_Details_64/main.php,2026-05-11T10:50:19+00:00,data\raw\sais\offerings\20252\OHS\20260511T105019Z\program.html
OHS,20252,2025-2026 Spring,877,Occupational Health and Safety/İş Sağlığı ve Güvenliği,8770504,OHS 504,504,WORKPLACE ACCIDENT INVESTIGATION AND PREVENTION (İŞYERİ KAZASI İNCELEMESİ VE ENGELLENMESİ ),8.0,"3.00 (0.00,3.00,0.00)",Graduate/Yüksek Lisans+Doktora,Master's / Yüksek Lisans,https://student.metu.edu.tr/proxy/View_Program_Course_Details_64/main.php,2026-05-11T10:50:19+00:00,data\raw\sais\offerings\20252\OHS\20260511T105019Z\program.html
PHYS,20252,2025-2026 Spring,230,Physics/Fizik,2300106,PHYS 106,106,GENERAL PHYSICS II (GENEL FİZİK ll ),6.0,"4.00 (3.00,2.00,0.00)",Undergraduate/Lisans,Undergraduate / Lisans,https://student.metu.edu.tr/proxy/View_Program_Course_Details_64/main.php,2026-05-11T10:50:20+00:00,data\raw\sais\offerings\20252\PHYS\20260511T105020Z\program.html
PHYS,20252,2025-2026 Spring,230,Physics/Fizik,2300108,PHYS 108,108,PHYSICS LABORATORY II (FİZİK LABORATUARI ll ),5.0,"2.00 (1.00,2.00,0.00)",Undergraduate/Lisans,Undergraduate / Lisans,https://student.metu.edu.tr/proxy/View_Program_Course_Details_64/main.php,2026-05-11T10:50:20+00:00,data\raw\sais\offerings\20252\PHYS\20260511T105020Z\program.html
PHYS,20252,2025-2026 Spring,230,Physics/Fizik,2300110,PHYS 110,110,ELECTROMAGNETISM (ELEKTROMAGNETİZMA ),7.5,"5.00 (5.00,0.00,0.00)",Undergraduate/Lisans,Undergraduate / Lisans,https://student.metu.edu.tr/proxy/View_Program_Course_Details_64/main.php,2026-05-11T10:50:20+00:00,data\raw\sais\offerings\20252\PHYS\20260511T105020Z\program.html
PHYS,20252,2025-2026 Spring,230,Physics/Fizik,2300112,PHYS 112,112,PHYSICS II (ELECTRICITY AND MAGNETISM) (FİZİK ll ( ELEKTROMAGNETİZMA) ),6.0,"5.00 (4.00,2.00,)",Undergraduate/Lisans,Undergraduate / Lisans,https://student.metu.edu.tr/proxy/View_Program_Course_Details_64/main.php,2026-05-11T10:50:20+00:00,data\raw\sais\offerings\20252\PHYS\20260511T105020Z\program.html
PHYS,20252,2025-2026 Spring,230,Physics/Fizik,2300182,PHYS 182,182,BASIC PHYSICS II (TEMEL FİZİK ll ),5.0,"5.00 (4.00,2.00,0.00)",Undergraduate/Lisans,Undergraduate / Lisans,https://student.metu.edu.tr/proxy/View_Program_Course_Details_64/main.php,2026-05-11T10:50:20+00:00,data\raw\sais\offerings\20252\PHYS\20260511T105020Z\program.html
PHYS,20252,2025-2026 Spring,230,Physics/Fizik,2300200,PHYS 200,200,BASICS OF SCIENTIFIC COMPUTATION (BİLİMSEL HESAPLAMANIN TEMELLERİ ),5.0,"3.00 (2.00,2.00,0.00)",Undergraduate/Lisans,Undergraduate / Lisans,https://student.metu.edu.tr/proxy/View_Program_Course_Details_64/main.php,2026-05-11T10:50:20+00:00,data\raw\sais\offerings\20252\PHYS\20260511T105020Z\program.html
PHYS,20252,2025-2026 Spring,230,Physics/Fizik,2300202,PHYS 202,202,MODERN PHYSICS (MODERN FİZİK ),6.0,"4.00 (4.00,0.00,)",Undergraduate/Lisans,Undergraduate / Lisans,https://student.metu.edu.tr/proxy/View_Program_Course_Details_64/main.php,2026-05-11T10:50:20+00:00,data\raw\sais\offerings\20252\PHYS\20260511T105020Z\program.html
PHYS,20252,2025-2026 Spring,230,Physics/Fizik,2300203,PHYS 203,203,INTRODUCTORY ELECTRONICS I (ELEKTRONİĞE GİRİŞ ),6.0,"4.00 (3.00,2.00,)",Undergraduate/Lisans,Undergraduate / Lisans,https://student.metu.edu.tr/proxy/View_Program_Course_Details_64/main.php,2026-05-11T10:50:20+00:00,data\raw\sais\offerings\20252\PHYS\20260511T105020Z\program.html
PHYS,20252,2025-2026 Spring,230,Physics/Fizik,2300209,PHYS 209,209,MATHEMATICAL METHODS IN PHYSICS I (FİZİKTE MATEMATİKSEL YÖNTEMLER l ),6.0,"4.00 (4.00,0.00,0.00)",Undergraduate/Lisans,Undergraduate / Lisans,https://student.metu.edu.tr/proxy/View_Program_Course_Details_64/main.php,2026-05-11T10:50:20+00:00,data\raw\sais\offerings\20252\PHYS\20260511T105020Z\program.html
PHYS,20252,2025-2026 Spring,230,Physics/Fizik,2300210,PHYS 210,210,MATHEMATICAL METHODS IN PHYSICS II (FİZİKTE MATEMATİKSEL YÖNTEMLER ll ),6.0,"4.00 (4.00,0.00,0.00)",Undergraduate/Lisans,Undergraduate / Lisans,https://student.metu.edu.tr/proxy/View_Program_Course_Details_64/main.php,2026-05-11T10:50:20+00:00,data\raw\sais\offerings\20252\PHYS\20260511T105020Z\program.html
PHYS,20252,2025-2026 Spring,230,Physics/Fizik,2300213,PHYS 213,213,GENERAL PHYSICS III (GENEL FİZİK lll ),5.0,"3.00 (3.00,0.00,0.00)",Undergraduate/Lisans,Undergraduate / Lisans,https://student.metu.edu.tr/proxy/View_Program_Course_Details_64/main.php,2026-05-11T10:50:20+00:00,data\raw\sais\offerings\20252\PHYS\20260511T105020Z\program.html
PHYS,20252,2025-2026 Spring,230,Physics/Fizik,2300221,PHYS 221,221,OPTICS AND WAVES (OPTİK VE DALGALAR ),6.0,"4.00 (4.00,0.00,)",Undergraduate/Lisans,Undergraduate / Lisans,https://student.metu.edu.tr/proxy/View_Program_Course_Details_64/main.php,2026-05-11T10:50:20+00:00,data\raw\sais\offerings\20252\PHYS\20260511T105020Z\program.html
PHYS,20252,2025-2026 Spring,230,Physics/Fizik,2300222,PHYS 222,222,OPTICS AND WAVES LABORATORY (OPTİK VE DALGALAR LABORATUARI ),5.0,"3.00 (1.00,4.00,0.00)",Undergraduate/Lisans,Labaratory / Laboratuvar,https://student.metu.edu.tr/proxy/View_Program_Course_Details_64/main.php,2026-05-11T10:50:20+00:00,data\raw\sais\offerings\20252\PHYS\20260511T105020Z\program.html
PHYS,20252,2025-2026 Spring,230,Physics/Fizik,2300300,PHYS 300,300,QUANTUM PHYSICS (KUANTUM FİZİĞİ ),7.0,"4.00 (4.00,0.00,0.00)",Undergraduate/Lisans,Undergraduate / Lisans,https://student.metu.edu.tr/proxy/View_Program_Course_Details_64/main.php,2026-05-11T10:50:20+00:00,data\raw\sais\offerings\20252\PHYS\20260511T105020Z\program.html
PHYS,20252,2025-2026 Spring,230,Physics/Fizik,2300306,PHYS 306,306,DIGITAL ELECTRONICS (DİJİTAL ELEKTRONİK ),5.0,"4.00 (3.00,2.00,)",Undergraduate/Lisans,Undergraduate / Lisans,https://student.metu.edu.tr/proxy/View_Program_Course_Details_64/main.php,2026-05-11T10:50:20+00:00,data\raw\sais\offerings\20252\PHYS\20260511T105020Z\program.html
PHYS,20252,2025-2026 Spring,230,Physics/Fizik,2300307,PHYS 307,307,APPLIED MODERN PHYSICS (UYGULAMALI MODERN FİZİK ),6.0,"3.00 (1.00,4.00,)",Undergraduate/Lisans,Labaratory / Laboratuvar,https://student.metu.edu.tr/proxy/View_Program_Course_Details_64/main.php,2026-05-11T10:50:20+00:00,data\raw\sais\offerings\20252\PHYS\20260511T105020Z\program.html
PHYS,20252,2025-2026 Spring,230,Physics/Fizik,2300312,PHYS 312,312,ELEMENTARY CONDENSED MATTER PHYS. (TEMEL YOĞUN MADDE FİZİĞİ ),6.0,"4.00 (4.00,0.00,)",Undergraduate/Lisans,Undergraduate / Lisans,https://student.metu.edu.tr/proxy/View_Program_Course_Details_64/main.php,2026-05-11T10:50:20+00:00,data\raw\sais\offerings\20252\PHYS\20260511T105020Z\program.html
PHYS,20252,2025-2026 Spring,230,Physics/Fizik,2300328,PHYS 328,328,NUCLEAR PHYSICS AND PARTICLES (NÜKLEER FİZİK VE PARÇACIKLAR ),6.0,"4.00 (4.00,0.00,)",Undergraduate/Lisans,Undergraduate / Lisans,https://student.metu.edu.tr/proxy/View_Program_Course_Details_64/main.php,2026-05-11T10:50:20+00:00,data\raw\sais\offerings\20252\PHYS\20260511T105020Z\program.html
PHYS,20252,2025-2026 Spring,230,Physics/Fizik,2300332,PHYS 332,332,ELECTROMAGNETIC THEORY II (ELEKTROMANYETİK KURAMI ll ),6.0,"4.00 (4.00,0.00,0.00)",Undergraduate/Lisans,Undergraduate / Lisans,https://student.metu.edu.tr/proxy/View_Program_Course_Details_64/main.php,2026-05-11T10:50:20+00:00,data\raw\sais\offerings\20252\PHYS\20260511T105020Z\program.html
PHYS,20252,2025-2026 Spring,230,Physics/Fizik,2300336,PHYS 336,336,CLASSICAL MECHANICS II (KLASİK MEKANİK ll ),6.0,"4.00 (4.00,0.00,0.00)",Undergraduate/Lisans,Undergraduate / Lisans,https://student.metu.edu.tr/proxy/View_Program_Course_Details_64/main.php,2026-05-11T10:50:20+00:00,data\raw\sais\offerings\20252\PHYS\20260511T105020Z\program.html
PHYS,20252,2025-2026 Spring,230,Physics/Fizik,2300360,PHYS 360,360,SCIENCE IN HISTORY (TARİHTE BİLİM ),5.0,"3.00 (3.00,0.00,)",Undergraduate/Lisans,Undergraduate / Lisans,https://student.metu.edu.tr/proxy/View_Program_Course_Details_64/main.php,2026-05-11T10:50:20+00:00,data\raw\sais\offerings\20252\PHYS\20260511T105020Z\program.html
PHYS,20252,2025-2026 Spring,230,Physics/Fizik,2300400,PHYS 400,400,SPECIAL PROBLEMS IN PHYSICS (FİZİKTE ÖZEL PROBLEMLER ),6.0,"3.00 (2.00,2.00,)",Undergraduate/Lisans,Undergraduate / Lisans,https://student.metu.edu.tr/proxy/View_Program_Course_Details_64/main.php,2026-05-11T10:50:20+00:00,data\raw\sais\offerings\20252\PHYS\20260511T105020Z\program.html
PHYS,20252,2025-2026 Spring,230,Physics/Fizik,2300403,PHYS 403,403,NUCLEAR PHYSICS II (NÜKLEER FİZİK ll ),5.0,"3.00 (3.00,0.00,)",Undergraduate/Lisans,Undergraduate / Lisans,https://student.metu.edu.tr/proxy/View_Program_Course_Details_64/main.php,2026-05-11T10:50:20+00:00,data\raw\sais\offerings\20252\PHYS\20260511T105020Z\program.html
PHYS,20252,2025-2026 Spring,230,Physics/Fizik,2300405,PHYS 405,405,NEUTRON AND REACTOR PHYSICS (NÖTRON VE REAKTÖR FİZİĞİ ),5.0,"3.00 (3.00,0.00,0.00)",Undergraduate/Lisans,Undergraduate / Lisans,https://student.metu.edu.tr/proxy/View_Program_Course_Details_64/main.php,2026-05-11T10:50:20+00:00,data\raw\sais\offerings\20252\PHYS\20260511T105020Z\program.html
PHYS,20252,2025-2026 Spring,230,Physics/Fizik,2300408,PHYS 408,408,PARTICLE PHYSICS II (PARÇACIK FİZİĞİ ll ),5.0,"3.00 (3.00,0.00,)",Undergraduate/Lisans,Undergraduate / Lisans,https://student.metu.edu.tr/proxy/View_Program_Course_Details_64/main.php,2026-05-11T10:50:20+00:00,data\raw\sais\offerings\20252\PHYS\20260511T105020Z\program.html
PHYS,20252,2025-2026 Spring,230,Physics/Fizik,2300415,PHYS 415,415,PROJECTS IN PHYSICS (FİZİK PROJELERİ ),5.0,"3.00 (0.00,6.00,)",Undergraduate/Lisans,Term Project / Dönem Projesi,https://student.metu.edu.tr/proxy/View_Program_Course_Details_64/main.php,2026-05-11T10:50:20+00:00,data\raw\sais\offerings\20252\PHYS\20260511T105020Z\program.html
PHYS,20252,2025-2026 Spring,230,Physics/Fizik,2300420,PHYS 420,420,INTRODUCTION TO PHOTONICS AND OPTOELECTRONICS II (FOTONİK VE OPTOELEKTRONİĞE GİRİŞ ll ),7.0,"4.00 (3.00,2.00,0.00)",Undergraduate/Lisans,Undergraduate / Lisans,https://student.metu.edu.tr/proxy/View_Program_Course_Details_64/main.php,2026-05-11T10:50:20+00:00,data\raw\sais\offerings\20252\PHYS\20260511T105020Z\program.html
PHYS,20252,2025-2026 Spring,230,Physics/Fizik,2300423,PHYS 423,423,PHYSICS AND DESIGN OF HIGH-POWER FIBER LASERS (YÜKSEK GÜÇLÜ FİBER LAZERLERİN FİZİĞİ VE TASARIMI ),5.0,"3.00 (3.00,0.00,0.00)",Undergraduate/Lisans,Undergraduate / Lisans,https://student.metu.edu.tr/proxy/View_Program_Course_Details_64/main.php,2026-05-11T10:50:20+00:00,data\raw\sais\offerings\20252\PHYS\20260511T105020Z\program.html
PHYS,20252,2025-2026 Spring,230,Physics/Fizik,2300424,PHYS 424,424,INTRODUCTION TO BIOPHYSICS (BİYOFİZİĞE GİRİŞ ),5.0,"3.00 (3.00,0.00,0.00)",Undergraduate/Lisans,Undergraduate / Lisans,https://student.metu.edu.tr/proxy/View_Program_Course_Details_64/main.php,2026-05-11T10:50:20+00:00,data\raw\sais\offerings\20252\PHYS\20260511T105020Z\program.html
PHYS,20252,2025-2026 Spring,230,Physics/Fizik,2300426,PHYS 426,426,LASERS AND THEIR APPLICATIONS (LASERLER VE UYGULAMALARI ),5.0,"3.00 (3.00,0.00,)",Undergraduate/Lisans,Undergraduate / Lisans,https://student.metu.edu.tr/proxy/View_Program_Course_Details_64/main.php,2026-05-11T10:50:20+00:00,data\raw\sais\offerings\20252\PHYS\20260511T105020Z\program.html
PHYS,20252,2025-2026 Spring,230,Physics/Fizik,2300430,PHYS 430,430,STATISTICAL THERMODYNAMICS (İSTATİSTİK THERMODİNAMİK ),6.0,"4.00 (4.00,0.00,)",Undergraduate/Lisans,Undergraduate / Lisans,https://student.metu.edu.tr/proxy/View_Program_Course_Details_64/main.php,2026-05-11T10:50:20+00:00,data\raw\sais\offerings\20252\PHYS\20260511T105020Z\program.html
PHYS,20252,2025-2026 Spring,230,Physics/Fizik,2300431,PHYS 431,431,QUANTUM MECHANICS I (KUANTUM MEKANİĞİ l ),6.0,"4.00 (4.00,0.00,)",Undergraduate/Lisans,Undergraduate / Lisans,https://student.metu.edu.tr/proxy/View_Program_Course_Details_64/main.php,2026-05-11T10:50:20+00:00,data\raw\sais\offerings\20252\PHYS\20260511T105020Z\program.html
PHYS,20252,2025-2026 Spring,230,Physics/Fizik,2300432,PHYS 432,432,QUANTUM MECHANICS II (KUANTUM MEKANİĞİ ll ),10.0,"4.00 (4.00,0.00,0.00)",Undergraduate/Lisans,Undergraduate / Lisans,https://student.metu.edu.tr/proxy/View_Program_Course_Details_64/main.php,2026-05-11T10:50:20+00:00,data\raw\sais\offerings\20252\PHYS\20260511T105020Z\program.html
PHYS,20252,2025-2026 Spring,230,Physics/Fizik,2300436,PHYS 436,436,INTRODUCTION TO NONLINEAR DYNAMICAL SYSTEMS AND CHAOUS II (DOĞRUSAL OLMAYAN DİNAMİK SİSTEMLER VE KAOSA GİRİŞ II ),5.0,"3.00 (3.00,0.00,0.00)",Undergraduate/Lisans,Undergraduate / Lisans,https://student.metu.edu.tr/proxy/View_Program_Course_Details_64/main.php,2026-05-11T10:50:20+00:00,data\raw\sais\offerings\20252\PHYS\20260511T105020Z\program.html
PHYS,20252,2025-2026 Spring,230,Physics/Fizik,2300440,PHYS 440,440,PHYSICS OF SEMICONDUCTOR DEVICES II (YARI İLETKEN ALETLER FİZİĞİ ll ),5.0,"3.00 (3.00,0.00,)",Undergraduate/Lisans,Undergraduate / Lisans,https://student.metu.edu.tr/proxy/View_Program_Course_Details_64/main.php,2026-05-11T10:50:20+00:00,data\raw\sais\offerings\20252\PHYS\20260511T105020Z\program.html
PHYS,20252,2025-2026 Spring,230,Physics/Fizik,2300444,PHYS 444,444,COMPUTATIONAL PHYSICS II (HESAPLAMALI FİZİK ll ),6.0,"4.00 (3.00,2.00,)",Undergraduate/Lisans,Undergraduate / Lisans,https://student.metu.edu.tr/proxy/View_Program_Course_Details_64/main.php,2026-05-11T10:50:20+00:00,data\raw\sais\offerings\20252\PHYS\20260511T105020Z\program.html
PHYS,20252,2025-2026 Spring,230,Physics/Fizik,2300472,PHYS 472,472,SOLAR ENERGY II (GÜNEŞ ENERJİSİ ll ),5.0,"3.00 (3.00,0.00,)",Undergraduate/Lisans,Undergraduate / Lisans,https://student.metu.edu.tr/proxy/View_Program_Course_Details_64/main.php,2026-05-11T10:50:20+00:00,data\raw\sais\offerings\20252\PHYS\20260511T105020Z\program.html
PHYS,20252,2025-2026 Spring,230,Physics/Fizik,2300482,PHYS 482,482,GENERAL RELATIVITY (GENEL GÖRELİLİK ),7.0,"3.00 (3.00,0.00,0.00)",Undergraduate/Lisans,Undergraduate / Lisans,https://student.metu.edu.tr/proxy/View_Program_Course_Details_64/main.php,2026-05-11T10:50:20+00:00,data\raw\sais\offerings\20252\PHYS\20260511T105020Z\program.html
PHYS,20252,2025-2026 Spring,230,Physics/Fizik,2300495,PHYS 495,495,GROUP THEORY IN PHYSICS (FİZİKTE GRUP KURAMI ),5.0,"3.00 (3.00,0.00,0.00)",Undergraduate/Lisans,Undergraduate / Lisans,https://student.metu.edu.tr/proxy/View_Program_Course_Details_64/main.php,2026-05-11T10:50:20+00:00,data\raw\sais\offerings\20252\PHYS\20260511T105020Z\program.html
PHYS,20252,2025-2026 Spring,230,Physics/Fizik,2300500,PHYS 500,500,M.S. THESIS (YÜKSEK LİSANS TEZ ),50.0,"0.00 (0.00,0.00,)",Master`s/Yüksek Lisans,M.S. Thesis / Yüksek Lisans Tez,https://student.metu.edu.tr/proxy/View_Program_Course_Details_64/main.php,2026-05-11T10:50:20+00:00,data\raw\sais\offerings\20252\PHYS\20260511T105020Z\program.html
PHYS,20252,2025-2026 Spring,230,Physics/Fizik,2300502,PHYS 502,502,ANALYTICAL MECHANICS (ANALİTİK MEKANİK ),8.0,"3.00 (3.00,0.00,)",Graduate/Yüksek Lisans+Doktora,Master's / Yüksek Lisans,https://student.metu.edu.tr/proxy/View_Program_Course_Details_64/main.php,2026-05-11T10:50:20+00:00,data\raw\sais\offerings\20252\PHYS\20260511T105020Z\program.html
PHYS,20252,2025-2026 Spring,230,Physics/Fizik,2300503,PHYS 503,503,METHODS OF MATHEMATICAL PHYSICS I (MATEMATİKSEL FİZİĞİN YÖNTEMLERİ l ),8.0,"3.00 (3.00,0.00,)",Graduate/Yüksek Lisans+Doktora,Master's / Yüksek Lisans,https://student.metu.edu.tr/proxy/View_Program_Course_Details_64/main.php,2026-05-11T10:50:20+00:00,data\raw\sais\offerings\20252\PHYS\20260511T105020Z\program.html
PHYS,20252,2025-2026 Spring,230,Physics/Fizik,2300505,PHYS 505,505,ELECTROMAGNETIC THEORY I (ELEKTROMANYETİK KURAMI L ),8.0,"3.00 (3.00,0.00,)",Graduate/Yüksek Lisans+Doktora,Master's / Yüksek Lisans,https://student.metu.edu.tr/proxy/View_Program_Course_Details_64/main.php,2026-05-11T10:50:20+00:00,data\raw\sais\offerings\20252\PHYS\20260511T105020Z\program.html
PHYS,20252,2025-2026 Spring,230,Physics/Fizik,2300506,PHYS 506,506,ELECTROMAGNETIC THEORY II (ELEKTROMANYETİK KURAMI LL ),8.0,"3.00 (3.00,0.00,)",Graduate/Yüksek Lisans+Doktora,Master's / Yüksek Lisans,https://student.metu.edu.tr/proxy/View_Program_Course_Details_64/main.php,2026-05-11T10:50:20+00:00,data\raw\sais\offerings\20252\PHYS\20260511T105020Z\program.html
PHYS,20252,2025-2026 Spring,230,Physics/Fizik,2300507,PHYS 507,507,QUANTUM MECHANICS I (KUANTUM MEKANİĞİ L ),8.0,"3.00 (3.00,0.00,)",Graduate/Yüksek Lisans+Doktora,Master's / Yüksek Lisans,https://student.metu.edu.tr/proxy/View_Program_Course_Details_64/main.php,2026-05-11T10:50:20+00:00,data\raw\sais\offerings\20252\PHYS\20260511T105020Z\program.html
PHYS,20252,2025-2026 Spring,230,Physics/Fizik,2300508,PHYS 508,508,QUANTUM MECHANICS II (KUANTUM MEKANİĞİ LL ),8.0,"3.00 (3.00,0.00,)",Graduate/Yüksek Lisans+Doktora,Master's / Yüksek Lisans,https://student.metu.edu.tr/proxy/View_Program_Course_Details_64/main.php,2026-05-11T10:50:20+00:00,data\raw\sais\offerings\20252\PHYS\20260511T105020Z\program.html
PHYS,20252,2025-2026 Spring,230,Physics/Fizik,2300539,PHYS 539,539,OPTICAL PROPERTIES OF SEMICONDUCTORS (YARI İLETKENLERİN OPTİK ÖZELLİKLERİ ),8.0,"3.00 (3.00,0.00,)",Graduate/Yüksek Lisans+Doktora,Master's / Yüksek Lisans,https://student.metu.edu.tr/proxy/View_Program_Course_Details_64/main.php,2026-05-11T10:50:20+00:00,data\raw\sais\offerings\20252\PHYS\20260511T105020Z\program.html
PHYS,20252,2025-2026 Spring,230,Physics/Fizik,2300540,PHYS 540,540,SEL.TOPICS IN HIGH ENERGY PHYS. (),8.0,"3.00 (0.00,0.00,)",Graduate/Yüksek Lisans+Doktora,Master's / Yüksek Lisans,https://student.metu.edu.tr/proxy/View_Program_Course_Details_64/main.php,2026-05-11T10:50:20+00:00,data\raw\sais\offerings\20252\PHYS\20260511T105020Z\program.html
PHYS,20252,2025-2026 Spring,230,Physics/Fizik,2300542,PHYS 542,542,QUANTUM FIELD THEORY II (KUANTUM ALAN KURAMI LL ),8.0,"3.00 (3.00,0.00,)",Graduate/Yüksek Lisans+Doktora,Master's / Yüksek Lisans,https://student.metu.edu.tr/proxy/View_Program_Course_Details_64/main.php,2026-05-11T10:50:20+00:00,data\raw\sais\offerings\20252\PHYS\20260511T105020Z\program.html
PHYS,20252,2025-2026 Spring,230,Physics/Fizik,2300557,PHYS 557,557,INTRODUCTION TO NANOSCIENCE AND NANOTECHNOLOGY (NANO BİLİM VE NANOTEKNOLOJİYE GİRİŞ ),8.0,"3.00 (3.00,0.00,0.00)",Graduate/Yüksek Lisans+Doktora,Master's / Yüksek Lisans,https://student.metu.edu.tr/proxy/View_Program_Course_Details_64/main.php,2026-05-11T10:50:20+00:00,data\raw\sais\offerings\20252\PHYS\20260511T105020Z\program.html
PHYS,20252,2025-2026 Spring,230,Physics/Fizik,2300562,PHYS 562,562,PLASMA PHYSICS (PLAZMA FİZİĞİ ),8.0,"3.00 (3.00,0.00,)",Graduate/Yüksek Lisans+Doktora,Master's / Yüksek Lisans,https://student.metu.edu.tr/proxy/View_Program_Course_Details_64/main.php,2026-05-11T10:50:20+00:00,data\raw\sais\offerings\20252\PHYS\20260511T105020Z\program.html
PHYS,20252,2025-2026 Spring,230,Physics/Fizik,2300577,PHYS 577,577,X-RAY DIFFRACTION AND ULTRASONICS I (X IŞINI KIRINIM VE ULTRASON FİZİĞİ L ),8.0,"3.00 (2.00,2.00,)",Graduate/Yüksek Lisans+Doktora,Master's / Yüksek Lisans,https://student.metu.edu.tr/proxy/View_Program_Course_Details_64/main.php,2026-05-11T10:50:20+00:00,data\raw\sais\offerings\20252\PHYS\20260511T105020Z\program.html
PHYS,20252,2025-2026 Spring,230,Physics/Fizik,2300586,PHYS 586,586,INTRODUCTION TO NANOOPTICS (NANOOPTİĞE GİRİŞ ),8.0,"3.00 (3.00,0.00,0.00)",Graduate/Yüksek Lisans+Doktora,Master's / Yüksek Lisans,https://student.metu.edu.tr/proxy/View_Program_Course_Details_64/main.php,2026-05-11T10:50:20+00:00,data\raw\sais\offerings\20252\PHYS\20260511T105020Z\program.html
PHYS,20252,2025-2026 Spring,230,Physics/Fizik,2300591,PHYS 591,591,SEMINAR IN PHYSICS (FİZİK SEMİNERİ ),10.0,"0.00 (0.00,2.00,0.00)",Graduate/Yüksek Lisans+Doktora,Seminar / Seminer,https://student.metu.edu.tr/proxy/View_Program_Course_Details_64/main.php,2026-05-11T10:50:20+00:00,data\raw\sais\offerings\20252\PHYS\20260511T105020Z\program.html
PHYS,20252,2025-2026 Spring,230,Physics/Fizik,2300599,PHYS 599,599,RESEARCH METHODS AND ETHICAL ISSUES IN PHYSICS (FİZİKTE ARAŞTIRMA YÖNTEMLERİ VE ETİK ),10.0,"0.00 (1.00,0.00,0.00)",Graduate/Yüksek Lisans+Doktora,Ethics / Etik,https://student.metu.edu.tr/proxy/View_Program_Course_Details_64/main.php,2026-05-11T10:50:20+00:00,data\raw\sais\offerings\20252\PHYS\20260511T105020Z\program.html
PHYS,20252,2025-2026 Spring,230,Physics/Fizik,2300600,PHYS 600,600,PH.D. THESIS (DOKTORA TEZ ),130.0,"0.00 (0.00,0.00,)",Doctoral/Doktora,Ph.D Thesis / Doktora Tez,https://student.metu.edu.tr/proxy/View_Program_Course_Details_64/main.php,2026-05-11T10:50:20+00:00,data\raw\sais\offerings\20252\PHYS\20260511T105020Z\program.html
PHYS,20252,2025-2026 Spring,230,Physics/Fizik,2300691,PHYS 691,691,SEMINAR IN PHYSICS II (FİZİK SEMİNERİ ),10.0,"0.00 (0.00,2.00,0.00)",Graduate/Yüksek Lisans+Doktora,Seminar / Seminer,https://student.metu.edu.tr/proxy/View_Program_Course_Details_64/main.php,2026-05-11T10:50:20+00:00,data\raw\sais\offerings\20252\PHYS\20260511T105020Z\program.html
PHYS,20252,2025-2026 Spring,230,Physics/Fizik,2300701,PHYS 701,701,SPECIAL TOPICS IN PHYSICS (),8.0,"3.00 (3.00,0.00,)",Graduate/Yüksek Lisans+Doktora,Master's / Yüksek Lisans,https://student.metu.edu.tr/proxy/View_Program_Course_Details_64/main.php,2026-05-11T10:50:20+00:00,data\raw\sais\offerings\20252\PHYS\20260511T105020Z\program.html
PHYS,20252,2025-2026 Spring,230,Physics/Fizik,2300715,PHYS 715,715,PARTICLE DATA ANALYSIS IN HIGH ENERGY PHYSICS (YÜKSEK ENERJİ FİZİĞİNDE PARÇACIK VERİ ANALİZİ ),8.0,"3.00 (3.00,0.00,0.00)",Graduate/Yüksek Lisans+Doktora,Master's / Yüksek Lisans,https://student.metu.edu.tr/proxy/View_Program_Course_Details_64/main.php,2026-05-11T10:50:20+00:00,data\raw\sais\offerings\20252\PHYS\20260511T105020Z\program.html
PHYS,20252,2025-2026 Spring,230,Physics/Fizik,2300760,PHYS 760,760,GRAVITATIONAL-WAVE PHYSICS AND ASTRONOMY (YERÇEKİMİ DALGASI FİZİĞİ VE ASTRONOMİ ),8.0,"3.00 (3.00,0.00,0.00)",Graduate/Yüksek Lisans+Doktora,Master's / Yüksek Lisans,https://student.metu.edu.tr/proxy/View_Program_Course_Details_64/main.php,2026-05-11T10:50:20+00:00,data\raw\sais\offerings\20252\PHYS\20260511T105020Z\program.html
PHYS,20252,2025-2026 Spring,230,Physics/Fizik,2300779,PHYS 779,779,EARLY-UNIVERSE COSMOLOGY (ERKEN EVREN KOZMOLOJİSİ ),8.0,"3.00 (3.00,0.00,0.00)",Graduate/Yüksek Lisans+Doktora,Doctoral / Doktora,https://student.metu.edu.tr/proxy/View_Program_Course_Details_64/main.php,2026-05-11T10:50:20+00:00,data\raw\sais\offerings\20252\PHYS\20260511T105020Z\program.html
TURK,20252,2025-2026 Spring,642,Turkish Language/Türk Dili,6420102,TURK 102,102,TURKISH II (TÜRK DİLİ II ),2.0,"0.00 (2.00,0.00,0.00)",Undergraduate/Lisans,Undergraduate / Lisans,https://student.metu.edu.tr/proxy/View_Program_Course_Details_64/main.php,2026-05-11T10:50:20+00:00,data\raw\sais\offerings\20252\TURK\20260511T105020Z\program.html
TURK,20252,2025-2026 Spring,642,Turkish Language/Türk Dili,6420104,TURK 104,104,WRITTEN EXPRESSION (YAZILI ANLATIM ),3.0,"2.00 (2.00,0.00,0.00)",Undergraduate/Lisans,Undergraduate / Lisans,https://student.metu.edu.tr/proxy/View_Program_Course_Details_64/main.php,2026-05-11T10:50:20+00:00,data\raw\sais\offerings\20252\TURK\20260511T105020Z\program.html
TURK,20252,2025-2026 Spring,642,Turkish Language/Türk Dili,6420106,TURK 106,106,TURKISH II (TÜRK DİLİ II ),5.0,"0.00 (4.00,0.00,0.00)",Undergraduate/Lisans,Undergraduate / Lisans,https://student.metu.edu.tr/proxy/View_Program_Course_Details_64/main.php,2026-05-11T10:50:20+00:00,data\raw\sais\offerings\20252\TURK\20260511T105020Z\program.html
TURK,20252,2025-2026 Spring,642,Turkish Language/Türk Dili,6420108,TURK 108,108,TURKISH II (TÜRK DİLİ II ),4.0,"2.00 (2.00,0.00,0.00)",Undergraduate/Lisans,Undergraduate / Lisans,https://student.metu.edu.tr/proxy/View_Program_Course_Details_64/main.php,2026-05-11T10:50:20+00:00,data\raw\sais\offerings\20252\TURK\20260511T105020Z\program.html
TURK,20252,2025-2026 Spring,642,Turkish Language/Türk Dili,6420201,TURK 201,201,ELEMENTARY TURKISH I (TÜRK DİLİ I ),3.0,"0.00 (2.00,0.00,0.00)",Undergraduate/Lisans,Undergraduate / Lisans,https://student.metu.edu.tr/proxy/View_Program_Course_Details_64/main.php,2026-05-11T10:50:20+00:00,data\raw\sais\offerings\20252\TURK\20260511T105020Z\program.html
TURK,20252,2025-2026 Spring,642,Turkish Language/Türk Dili,6420202,TURK 202,202,INTERMEDIATE TURKISH I (TÜRK DİLİ II ),3.0,"0.00 (2.00,0.00,0.00)",Undergraduate/Lisans,Undergraduate / Lisans,https://student.metu.edu.tr/proxy/View_Program_Course_Details_64/main.php,2026-05-11T10:50:20+00:00,data\raw\sais\offerings\20252\TURK\20260511T105020Z\program.html
TURK,20252,2025-2026 Spring,642,Turkish Language/Türk Dili,6420303,TURK 303,303,TURKISH I (TÜRK DİLİ I ),2.0,"0.00 (2.00,0.00,0.00)",Undergraduate/Lisans,Undergraduate / Lisans,https://student.metu.edu.tr/proxy/View_Program_Course_Details_64/main.php,2026-05-11T10:50:20+00:00,data\raw\sais\offerings\20252\TURK\20260511T105020Z\program.html
TURK,20252,2025-2026 Spring,642,Turkish Language/Türk Dili,6420304,TURK 304,304,TURKISH II (TÜRK DİLİ II ),2.0,"0.00 (2.00,0.00,0.00)",Undergraduate/Lisans,Undergraduate / Lisans,https://student.metu.edu.tr/proxy/View_Program_Course_Details_64/main.php,2026-05-11T10:50:20+00:00,data\raw\sais\offerings\20252\TURK\20260511T105020Z\program.html
TURK,20252,2025-2026 Spring,642,Turkish Language/Türk Dili,6420306,TURK 306,306,WRITTEN EXPRESSION (YAZILI ANLATIM ),4.0,"2.00 (2.00,0.00,0.00)",Undergraduate/Lisans,Undergraduate / Lisans,https://student.metu.edu.tr/proxy/View_Program_Course_Details_64/main.php,2026-05-11T10:50:20+00:00,data\raw\sais\offerings\20252\TURK\20260511T105020Z\program.html
TURK,20252,2025-2026 Spring,642,Turkish Language/Türk Dili,6420314,TURK 314,314,CREATIVE WRITING (YARATICI YAZMA ),5.0,"3.00 (3.00,0.00,0.00)",Undergraduate/Lisans,Undergraduate / Lisans,https://student.metu.edu.tr/proxy/View_Program_Course_Details_64/main.php,2026-05-11T10:50:20+00:00,data\raw\sais\offerings\20252\TURK\20260511T105020Z\program.html
TURK,20252,2025-2026 Spring,642,Turkish Language/Türk Dili,6420317,TURK 317,317,SELECTIVE WRITERS FROM TURKISH AND WORLD LITERATURE II (TÜRK VE DÜNYA EDEBİYATINDAN SEÇMELER II ),4.0,"3.00 (3.00,0.00,0.00)",Undergraduate/Lisans,Undergraduate / Lisans,https://student.metu.edu.tr/proxy/View_Program_Course_Details_64/main.php,2026-05-11T10:50:20+00:00,data\raw\sais\offerings\20252\TURK\20260511T105020Z\program.html
TURK,20252,2025-2026 Spring,642,Turkish Language/Türk Dili,6420318,TURK 318,318,TURKISH SIGN LANGUAGE (TÜRK İŞARET DİLİ ),3.0,"3.00 (3.00,0.00,0.00)",Undergraduate/Lisans,Undergraduate / Lisans,https://student.metu.edu.tr/proxy/View_Program_Course_Details_64/main.php,2026-05-11T10:50:20+00:00,data\raw\sais\offerings\20252\TURK\20260511T105020Z\program.html
TURK,20252,2025-2026 Spring,642,Turkish Language/Türk Dili,6420319,TURK 319,319,STORY EDITING AND FICTION (ÖYKÜ KURGUSU VE KURMACA ),6.0,"3.00 (3.00,0.00,0.00)",Undergraduate/Lisans,Undergraduate / Lisans,https://student.metu.edu.tr/proxy/View_Program_Course_Details_64/main.php,2026-05-11T10:50:20+00:00,data\raw\sais\offerings\20252\TURK\20260511T105020Z\program.html
TURK,20252,2025-2026 Spring,642,Turkish Language/Türk Dili,6420322,TURK 322,322,POETRY ANALYSIS II ( ŞİİR İNCELEMELERİ II ),5.0,"3.00 (3.00,0.00,0.00)",Undergraduate/Lisans,Undergraduate / Lisans,https://student.metu.edu.tr/proxy/View_Program_Course_Details_64/main.php,2026-05-11T10:50:20+00:00,data\raw\sais\offerings\20252\TURK\20260511T105020Z\program.html
CHEM,20252,2025-2026 Spring,234,Chemistry/Kimya,2340102,CHEM 102,102,GENERAL CHEMISTRY II (Genel Kimya II ),7.0,"5.00 (4.00,2.00,0.00)",Undergraduate/Lisans,Undergraduate / Lisans,https://student.metu.edu.tr/proxy/View_Program_Course_Details_64/main.php,2026-05-11T10:50:20+00:00,data\raw\sais\offerings\20252\CHEM\20260511T105020Z\program.html
CHEM,20252,2025-2026 Spring,234,Chemistry/Kimya,2340105,CHEM 105,105,GENERAL CHEMISTRY I (GENEL KIMYA I ),9.0,"4.00 (4.00,0.00,0.00)",Undergraduate/Lisans,Undergraduate / Lisans,https://student.metu.edu.tr/proxy/View_Program_Course_Details_64/main.php,2026-05-11T10:50:20+00:00,data\raw\sais\offerings\20252\CHEM\20260511T105020Z\program.html
CHEM,20252,2025-2026 Spring,234,Chemistry/Kimya,2340106,CHEM 106,106,GENERAL CHEMISTRY II (GENEL KIMYA II ),9.0,"4.00 (4.00,0.00,0.00)",Undergraduate/Lisans,Undergraduate / Lisans,https://student.metu.edu.tr/proxy/View_Program_Course_Details_64/main.php,2026-05-11T10:50:20+00:00,data\raw\sais\offerings\20252\CHEM\20260511T105020Z\program.html
CHEM,20252,2025-2026 Spring,234,Chemistry/Kimya,2340107,CHEM 107,107,GENERAL CHEMISTRY (Genel Kimya I ),6.0,"4.00 (3.00,2.00,0.00)",Undergraduate/Lisans,Undergraduate / Lisans,https://student.metu.edu.tr/proxy/View_Program_Course_Details_64/main.php,2026-05-11T10:50:20+00:00,data\raw\sais\offerings\20252\CHEM\20260511T105020Z\program.html
CHEM,20252,2025-2026 Spring,234,Chemistry/Kimya,2340112,CHEM 112,112,GENERAL CHEMISTRY II (Genel Kimya II ),6.0,"4.00 (3.00,2.00,0.00)",Undergraduate/Lisans,Undergraduate / Lisans,https://student.metu.edu.tr/proxy/View_Program_Course_Details_64/main.php,2026-05-11T10:50:20+00:00,data\raw\sais\offerings\20252\CHEM\20260511T105020Z\program.html
CHEM,20252,2025-2026 Spring,234,Chemistry/Kimya,2340115,CHEM 115,115,GENERAL CHEMISTRY LABORATORY I (GENEL KIMYA LABORATUVARI I ),2.0,"2.00 (,,)",Undergraduate/Lisans,Undergraduate / Lisans,https://student.metu.edu.tr/proxy/View_Program_Course_Details_64/main.php,2026-05-11T10:50:20+00:00,data\raw\sais\offerings\20252\CHEM\20260511T105020Z\program.html
CHEM,20252,2025-2026 Spring,234,Chemistry/Kimya,2340116,CHEM 116,116,GENERAL CHEMISTRY LABORATORY II (GENEL KIMYA LABORATUVARI II ),2.0,"2.00 (,,)",Undergraduate/Lisans,Undergraduate / Lisans,https://student.metu.edu.tr/proxy/View_Program_Course_Details_64/main.php,2026-05-11T10:50:20+00:00,data\raw\sais\offerings\20252\CHEM\20260511T105020Z\program.html
CHEM,20252,2025-2026 Spring,234,Chemistry/Kimya,2340220,CHEM 220,220,ORGANIC CHEMISTRY (Organik Kimya ),6.0,"4.00 (3.00,2.00,0.00)",Undergraduate/Lisans,Undergraduate / Lisans,https://student.metu.edu.tr/proxy/View_Program_Course_Details_64/main.php,2026-05-11T10:50:20+00:00,data\raw\sais\offerings\20252\CHEM\20260511T105020Z\program.html
CHEM,20252,2025-2026 Spring,234,Chemistry/Kimya,2340221,CHEM 221,221,ANALYTICAL CHEMISTRY (ANALITIK KIMYA ),7.0,"4.00 (4.00,0.00,0.00)",Undergraduate/Lisans,Undergraduate / Lisans,https://student.metu.edu.tr/proxy/View_Program_Course_Details_64/main.php,2026-05-11T10:50:20+00:00,data\raw\sais\offerings\20252\CHEM\20260511T105020Z\program.html
CHEM,20252,2025-2026 Spring,234,Chemistry/Kimya,2340223,CHEM 223,223,ANALYTICAL CHEMISTRY LABORATORY (ANALITIK KIMYA LABORATUVARI ),5.0,"3.00 (0.00,6.00,0.00)",Undergraduate/Lisans,Labaratory / Laboratuvar,https://student.metu.edu.tr/proxy/View_Program_Course_Details_64/main.php,2026-05-11T10:50:20+00:00,data\raw\sais\offerings\20252\CHEM\20260511T105020Z\program.html
CHEM,20252,2025-2026 Spring,234,Chemistry/Kimya,2340229,CHEM 229,229,ORGANIC CHEMISTRY FOR ENGINEERS (Mühendisler için Organik Kimya ),6.0,"4.00 (3.00,2.00,0.00)",Undergraduate/Lisans,Undergraduate / Lisans,https://student.metu.edu.tr/proxy/View_Program_Course_Details_64/main.php,2026-05-11T10:50:20+00:00,data\raw\sais\offerings\20252\CHEM\20260511T105020Z\program.html
CHEM,20252,2025-2026 Spring,234,Chemistry/Kimya,2340230,CHEM 230,230,ANALYTICAL CHEMISTRY FOR ENGINEERS (Mühendisler için Analitik Kimya ),6.0,"4.00 (3.00,2.00,0.00)",Undergraduate/Lisans,Undergraduate / Lisans,https://student.metu.edu.tr/proxy/View_Program_Course_Details_64/main.php,2026-05-11T10:50:20+00:00,data\raw\sais\offerings\20252\CHEM\20260511T105020Z\program.html
CHEM,20252,2025-2026 Spring,234,Chemistry/Kimya,2340231,CHEM 231,231,ORGANIC CHEMISTRY (Organik Kimya ),7.0,"5.00 (3.00,4.00,0.00)",Undergraduate/Lisans,Undergraduate / Lisans,https://student.metu.edu.tr/proxy/View_Program_Course_Details_64/main.php,2026-05-11T10:50:20+00:00,data\raw\sais\offerings\20252\CHEM\20260511T105020Z\program.html
CHEM,20252,2025-2026 Spring,234,Chemistry/Kimya,2340233,CHEM 233,233,INTRODUCTION TO ORGANIC CHEMISTY (Organik Kimyaya Giriş ),4.0,"2.00 (,,)",Undergraduate/Lisans,Undergraduate / Lisans,https://student.metu.edu.tr/proxy/View_Program_Course_Details_64/main.php,2026-05-11T10:50:20+00:00,data\raw\sais\offerings\20252\CHEM\20260511T105020Z\program.html
CHEM,20252,2025-2026 Spring,234,Chemistry/Kimya,2340234,CHEM 234,234,ORGANIC CHEMISTY I (Organik Kimya I ),7.0,"4.00 (4.00,0.00,0.00)",Undergraduate/Lisans,Undergraduate / Lisans,https://student.metu.edu.tr/proxy/View_Program_Course_Details_64/main.php,2026-05-11T10:50:20+00:00,data\raw\sais\offerings\20252\CHEM\20260511T105020Z\program.html
CHEM,20252,2025-2026 Spring,234,Chemistry/Kimya,2340236,CHEM 236,236,ORGANIC CHEMISTRY LAB. I (Organik Kimya Laboratuvarı I ),4.0,"2.00 (0.00,4.00,0.00)",Undergraduate/Lisans,Labaratory / Laboratuvar,https://student.metu.edu.tr/proxy/View_Program_Course_Details_64/main.php,2026-05-11T10:50:20+00:00,data\raw\sais\offerings\20252\CHEM\20260511T105020Z\program.html
CHEM,20252,2025-2026 Spring,234,Chemistry/Kimya,2340252,CHEM 252,252,PHYSICAL CHEMISTRY I (FIZIKOKIMYA I ),7.0,"4.00 (4.00,0.00,0.00)",Undergraduate/Lisans,Undergraduate / Lisans,https://student.metu.edu.tr/proxy/View_Program_Course_Details_64/main.php,2026-05-11T10:50:20+00:00,data\raw\sais\offerings\20252\CHEM\20260511T105020Z\program.html
CHEM,20252,2025-2026 Spring,234,Chemistry/Kimya,2340254,CHEM 254,254,PHYSICAL CHEMISTRY LABORATORY I (Fizikokimya Laboratuvarı I ),6.0,"2.00 (0.00,4.00,0.00)",Undergraduate/Lisans,Labaratory / Laboratuvar,https://student.metu.edu.tr/proxy/View_Program_Course_Details_64/main.php,2026-05-11T10:50:20+00:00,data\raw\sais\offerings\20252\CHEM\20260511T105020Z\program.html
CHEM,20252,2025-2026 Spring,234,Chemistry/Kimya,2340257,CHEM 257,257,MATHEMATICS FOR CHEMISTS (Kimyagerler için Matematik ),7.0,"4.00 (4.00,0.00,)",Undergraduate/Lisans,Undergraduate / Lisans,https://student.metu.edu.tr/proxy/View_Program_Course_Details_64/main.php,2026-05-11T10:50:20+00:00,data\raw\sais\offerings\20252\CHEM\20260511T105020Z\program.html
CHEM,20252,2025-2026 Spring,234,Chemistry/Kimya,2340282,CHEM 282,282,FUND.OF ORGANIC CHEMISTRY (Organik Kimyanın Temelleri ),5.0,"3.00 (3.00,0.00,0.00)",Undergraduate/Lisans,Undergraduate / Lisans,https://student.metu.edu.tr/proxy/View_Program_Course_Details_64/main.php,2026-05-11T10:50:20+00:00,data\raw\sais\offerings\20252\CHEM\20260511T105020Z\program.html
CHEM,20252,2025-2026 Spring,234,Chemistry/Kimya,2340322,CHEM 322,322,INSTRUMENTAL ANALYSIS I (ENSTRÜMANTAL ANALIZ I ),7.0,"4.00 (4.00,0.00,0.00)",Undergraduate/Lisans,Undergraduate / Lisans,https://student.metu.edu.tr/proxy/View_Program_Course_Details_64/main.php,2026-05-11T10:50:20+00:00,data\raw\sais\offerings\20252\CHEM\20260511T105020Z\program.html
CHEM,20252,2025-2026 Spring,234,Chemistry/Kimya,2340324,CHEM 324,324,INSTRUMENTAL ANALYSIS LABORATORY I (ENSTRÜMANTAL ANALIZ LABORATUVARı I ),4.0,"3.00 (0.00,6.00,0.00)",Undergraduate/Lisans,Labaratory / Laboratuvar,https://student.metu.edu.tr/proxy/View_Program_Course_Details_64/main.php,2026-05-11T10:50:20+00:00,data\raw\sais\offerings\20252\CHEM\20260511T105020Z\program.html
CHEM,20252,2025-2026 Spring,234,Chemistry/Kimya,2340353,CHEM 353,353,PHYSICAL CHEMISTRY II (Fizikokimya II ),7.0,"4.00 (4.00,0.00,)",Undergraduate/Lisans,Undergraduate / Lisans,https://student.metu.edu.tr/proxy/View_Program_Course_Details_64/main.php,2026-05-11T10:50:20+00:00,data\raw\sais\offerings\20252\CHEM\20260511T105020Z\program.html
CHEM,20252,2025-2026 Spring,234,Chemistry/Kimya,2340355,CHEM 355,355,PHYSICAL CHEMISTRY LABORATORY II (Fizikokimya Laboratuvarı II ),4.0,"2.00 (0.00,4.00,0.00)",Undergraduate/Lisans,Labaratory / Laboratuvar,https://student.metu.edu.tr/proxy/View_Program_Course_Details_64/main.php,2026-05-11T10:50:20+00:00,data\raw\sais\offerings\20252\CHEM\20260511T105020Z\program.html
CHEM,20252,2025-2026 Spring,234,Chemistry/Kimya,2340362,CHEM 362,362,INORGANIC CHEMISTRY II (Anorganik Kimya II ),7.0,"4.00 (4.00,0.00,)",Undergraduate/Lisans,Undergraduate / Lisans,https://student.metu.edu.tr/proxy/View_Program_Course_Details_64/main.php,2026-05-11T10:50:20+00:00,data\raw\sais\offerings\20252\CHEM\20260511T105020Z\program.html
CHEM,20252,2025-2026 Spring,234,Chemistry/Kimya,2340364,CHEM 364,364,INORGANIC CHEMISTRY LABORATORY (Anorganik Kimya Laboratuvarı ),4.0,"2.00 (0.00,4.00,0.00)",Undergraduate/Lisans,Labaratory / Laboratuvar,https://student.metu.edu.tr/proxy/View_Program_Course_Details_64/main.php,2026-05-11T10:50:20+00:00,data\raw\sais\offerings\20252\CHEM\20260511T105020Z\program.html
CHEM,20252,2025-2026 Spring,234,Chemistry/Kimya,2340401,CHEM 401,401,SUMMER PRACTICE (STAJ ),8.0,"0.00 (0.00,2.00,0.00)",Undergraduate/Lisans,Undergraduate Practice / Lisans Staj,https://student.metu.edu.tr/proxy/View_Program_Course_Details_64/main.php,2026-05-11T10:50:20+00:00,data\raw\sais\offerings\20252\CHEM\20260511T105020Z\program.html
CHEM,20252,2025-2026 Spring,234,Chemistry/Kimya,2340407,CHEM 407,407,ORGANIC CHEMISTRY III (Organik Kimya III ),7.5,"3.00 (3.00,0.00,0.00)",Undergraduate/Lisans,Undergraduate / Lisans,https://student.metu.edu.tr/proxy/View_Program_Course_Details_64/main.php,2026-05-11T10:50:20+00:00,data\raw\sais\offerings\20252\CHEM\20260511T105020Z\program.html
CHEM,20252,2025-2026 Spring,234,Chemistry/Kimya,2340408,CHEM 408,408,INSTRUMENTAL ANALYSIS II (ENSTRÜMANTAL ANALIZ II ),9.0,"3.00 (3.00,0.00,0.00)",Undergraduate/Lisans,Undergraduate / Lisans,https://student.metu.edu.tr/proxy/View_Program_Course_Details_64/main.php,2026-05-11T10:50:20+00:00,data\raw\sais\offerings\20252\CHEM\20260511T105020Z\program.html
CHEM,20252,2025-2026 Spring,234,Chemistry/Kimya,2340412,CHEM 412,412,SPECIAL TOPICS IN CHEMISTRY: PATENTS IN CHEMICAL INNOVATIONS (Özel Konular: Kimyasal Buluşlarda Patent ),7.5,"3.00 (3.00,0.00,0.00)",Undergraduate/Lisans,Elective / Seçmeli,https://student.metu.edu.tr/proxy/View_Program_Course_Details_64/main.php,2026-05-11T10:50:20+00:00,data\raw\sais\offerings\20252\CHEM\20260511T105020Z\program.html
CHEM,20252,2025-2026 Spring,234,Chemistry/Kimya,2340413,CHEM 413,413,BIOCHEMISTRY (Biyokimya ),7.5,"3.00 (3.00,0.00,0.00)",Undergraduate/Lisans,Undergraduate / Lisans,https://student.metu.edu.tr/proxy/View_Program_Course_Details_64/main.php,2026-05-11T10:50:20+00:00,data\raw\sais\offerings\20252\CHEM\20260511T105020Z\program.html
CHEM,20252,2025-2026 Spring,234,Chemistry/Kimya,2340441,CHEM 441,441,REACTION MECHANISMS IN ORGANIC CHEMISTRY (Organik Kimyada Reaksiyon Mekanizmaları ),7.5,"3.00 (3.00,0.00,0.00)",Undergraduate/Lisans,Undergraduate / Lisans,https://student.metu.edu.tr/proxy/View_Program_Course_Details_64/main.php,2026-05-11T10:50:20+00:00,data\raw\sais\offerings\20252\CHEM\20260511T105020Z\program.html
CHEM,20252,2025-2026 Spring,234,Chemistry/Kimya,2340455,CHEM 455,455,POLYMER CHEMISTRY I (Polimer Kimyası I ),7.5,"3.00 (3.00,0.00,)",Undergraduate/Lisans,Undergraduate / Lisans,https://student.metu.edu.tr/proxy/View_Program_Course_Details_64/main.php,2026-05-11T10:50:20+00:00,data\raw\sais\offerings\20252\CHEM\20260511T105020Z\program.html
CHEM,20252,2025-2026 Spring,234,Chemistry/Kimya,2340465,CHEM 465,465,POLIMER TECHNOLOGY&RELATED INDUSTRIES (Polimer Teknolojisi ve İlgili Endüstrilerin Kimyası ),7.5,"3.00 (3.00,0.00,)",Undergraduate/Lisans,Undergraduate / Lisans,https://student.metu.edu.tr/proxy/View_Program_Course_Details_64/main.php,2026-05-11T10:50:20+00:00,data\raw\sais\offerings\20252\CHEM\20260511T105020Z\program.html
CHEM,20252,2025-2026 Spring,234,Chemistry/Kimya,2340471,CHEM 471,471,SPECTROSCOPIC METHODS IN ORGANIC CHEM. (Organik Kimyada Spektroskopik Yöntemler ),7.5,"3.00 (3.00,0.00,0.00)",Undergraduate/Lisans,Undergraduate / Lisans,https://student.metu.edu.tr/proxy/View_Program_Course_Details_64/main.php,2026-05-11T10:50:20+00:00,data\raw\sais\offerings\20252\CHEM\20260511T105020Z\program.html
CHEM,20252,2025-2026 Spring,234,Chemistry/Kimya,2340481,CHEM 481,481,INORGANIC CHEMISTRY III (Anorganik Kimya III ),9.0,"3.00 (3.00,0.00,0.00)",Undergraduate/Lisans,Undergraduate / Lisans,https://student.metu.edu.tr/proxy/View_Program_Course_Details_64/main.php,2026-05-11T10:50:20+00:00,data\raw\sais\offerings\20252\CHEM\20260511T105020Z\program.html
CHEM,20252,2025-2026 Spring,234,Chemistry/Kimya,2340499,CHEM 499,499,UNDERGRADUATE RESEARCH (Lisans Düzeyinde Araştırma ),10.0,"3.00 (1.00,4.00,0.00)",Undergraduate/Lisans,Seminar / Seminer,https://student.metu.edu.tr/proxy/View_Program_Course_Details_64/main.php,2026-05-11T10:50:20+00:00,data\raw\sais\offerings\20252\CHEM\20260511T105020Z\program.html
CHEM,20252,2025-2026 Spring,234,Chemistry/Kimya,2340500,CHEM 500,500,M.S. THESIS (YUKSEK LISANS TEZI ),50.0,"0.00 (0.00,0.00,)",Master`s/Yüksek Lisans,M.S. Thesis / Yüksek Lisans Tez,https://student.metu.edu.tr/proxy/View_Program_Course_Details_64/main.php,2026-05-11T10:50:20+00:00,data\raw\sais\offerings\20252\CHEM\20260511T105020Z\program.html
CHEM,20252,2025-2026 Spring,234,Chemistry/Kimya,2340502,CHEM 502,502,SEMINAR IN CHEMISTRY II (KIMYA SEMINERI II ),10.0,"0.00 (0.00,2.00,0.00)",Graduate/Yüksek Lisans+Doktora,Seminar / Seminer,https://student.metu.edu.tr/proxy/View_Program_Course_Details_64/main.php,2026-05-11T10:50:20+00:00,data\raw\sais\offerings\20252\CHEM\20260511T105020Z\program.html
CHEM,20252,2025-2026 Spring,234,Chemistry/Kimya,2340510,CHEM 510,510,RESEARCH METHODS AND ETHICS IN CHEMISTRY ( KİMYADA ARAŞTIRMA YÖNTEMLERİ VE ETİK ),10.0,"0.00 (0.00,0.00,0.00)",Graduate/Yüksek Lisans+Doktora,Ethics / Etik,https://student.metu.edu.tr/proxy/View_Program_Course_Details_64/main.php,2026-05-11T10:50:20+00:00,data\raw\sais\offerings\20252\CHEM\20260511T105020Z\program.html
CHEM,20252,2025-2026 Spring,234,Chemistry/Kimya,2340511,CHEM 511,511,RADIATION CHEMISTRY (RADYASYON KIMYASI ),8.0,"3.00 (3.00,0.00,)",Graduate/Yüksek Lisans+Doktora,Master's / Yüksek Lisans,https://student.metu.edu.tr/proxy/View_Program_Course_Details_64/main.php,2026-05-11T10:50:20+00:00,data\raw\sais\offerings\20252\CHEM\20260511T105020Z\program.html
CHEM,20252,2025-2026 Spring,234,Chemistry/Kimya,2340515,CHEM 515,515,PHYSICAL ORGANIC CHEMISTRY (FIZIKSEL ORGANIK KIMYA ),8.0,"3.00 (3.00,0.00,)",Graduate/Yüksek Lisans+Doktora,Master's / Yüksek Lisans,https://student.metu.edu.tr/proxy/View_Program_Course_Details_64/main.php,2026-05-11T10:50:20+00:00,data\raw\sais\offerings\20252\CHEM\20260511T105020Z\program.html
CHEM,20252,2025-2026 Spring,234,Chemistry/Kimya,2340525,CHEM 525,525,MASS SPECTROMETRY (KÜTLE SPEKTROMETRESİ ),8.0,"3.00 (3.00,0.00,0.00)",Graduate/Yüksek Lisans+Doktora,Master's / Yüksek Lisans,https://student.metu.edu.tr/proxy/View_Program_Course_Details_64/main.php,2026-05-11T10:50:20+00:00,data\raw\sais\offerings\20252\CHEM\20260511T105020Z\program.html
CHEM,20252,2025-2026 Spring,234,Chemistry/Kimya,2340533,CHEM 533,533,ORGANOMETALLIC CHEMISTRY (ORANOMETALİK KİMYA ),8.0,"3.00 (3.00,0.00,)",Graduate/Yüksek Lisans+Doktora,Master's / Yüksek Lisans,https://student.metu.edu.tr/proxy/View_Program_Course_Details_64/main.php,2026-05-11T10:50:20+00:00,data\raw\sais\offerings\20252\CHEM\20260511T105020Z\program.html
CHEM,20252,2025-2026 Spring,234,Chemistry/Kimya,2340545,CHEM 545,545,POLYMER SCIENCE AND TECHNOLOGY (),8.0,"3.00 (2.00,2.00,)",Graduate/Yüksek Lisans+Doktora,Master's / Yüksek Lisans,https://student.metu.edu.tr/proxy/View_Program_Course_Details_64/main.php,2026-05-11T10:50:20+00:00,data\raw\sais\offerings\20252\CHEM\20260511T105020Z\program.html
CHEM,20252,2025-2026 Spring,234,Chemistry/Kimya,2340560,CHEM 560,560,INORGANIC REACTION MECHANISMS (ANORGANIK TEPKIME MEKANIZMALARI ),8.0,"3.00 (3.00,0.00,)",Graduate/Yüksek Lisans+Doktora,Master's / Yüksek Lisans,https://student.metu.edu.tr/proxy/View_Program_Course_Details_64/main.php,2026-05-11T10:50:20+00:00,data\raw\sais\offerings\20252\CHEM\20260511T105020Z\program.html
CHEM,20252,2025-2026 Spring,234,Chemistry/Kimya,2340592,CHEM 592,592,ADVANCED CHEM. PERSECTIVES IN BIOCHEM. (BIYOKIMYADA ILERI SEVIYE KIMYASAL PERSPEKTIFLER ),8.0,"3.00 (3.00,0.00,)",Graduate/Yüksek Lisans+Doktora,Master's / Yüksek Lisans,https://student.metu.edu.tr/proxy/View_Program_Course_Details_64/main.php,2026-05-11T10:50:20+00:00,data\raw\sais\offerings\20252\CHEM\20260511T105020Z\program.html
CHEM,20252,2025-2026 Spring,234,Chemistry/Kimya,2340595,CHEM 595,595,ADVANCED TOPICS IN INORGANIC CHEMISTRY (ANORGANIK KIMYADA ILERI DUZEYDE KONULAR ),8.0,"3.00 (3.00,0.00,)",Graduate/Yüksek Lisans+Doktora,Master's / Yüksek Lisans,https://student.metu.edu.tr/proxy/View_Program_Course_Details_64/main.php,2026-05-11T10:50:20+00:00,data\raw\sais\offerings\20252\CHEM\20260511T105020Z\program.html
CHEM,20252,2025-2026 Spring,234,Chemistry/Kimya,2340597,CHEM 597,597,ADVANCED TOPICS IN PHYSICAL CHEMISTRY (ILERI SEVIYE FIZIKSEL KIMYA KONULARI ),8.0,"3.00 (3.00,0.00,)",Graduate/Yüksek Lisans+Doktora,Master's / Yüksek Lisans,https://student.metu.edu.tr/proxy/View_Program_Course_Details_64/main.php,2026-05-11T10:50:20+00:00,data\raw\sais\offerings\20252\CHEM\20260511T105020Z\program.html
CHEM,20252,2025-2026 Spring,234,Chemistry/Kimya,2340600,CHEM 600,600,PH.D. THESIS (DOKTORA TEZI ),130.0,"0.00 (0.00,0.00,)",Doctoral/Doktora,Ph.D Thesis / Doktora Tez,https://student.metu.edu.tr/proxy/View_Program_Course_Details_64/main.php,2026-05-11T10:50:20+00:00,data\raw\sais\offerings\20252\CHEM\20260511T105020Z\program.html
CHEM,20252,2025-2026 Spring,234,Chemistry/Kimya,2340602,CHEM 602,602,SEMINAR IN CHEMISTRY IV (KIMYA SEMINERI IV ),10.0,"0.00 (0.00,2.00,0.00)",Doctoral/Doktora,Seminar / Seminer,https://student.metu.edu.tr/proxy/View_Program_Course_Details_64/main.php,2026-05-11T10:50:20+00:00,data\raw\sais\offerings\20252\CHEM\20260511T105020Z\program.html
CHEM,20252,2025-2026 Spring,234,Chemistry/Kimya,2345555,CHEM 5555,5555,INTERNATIONAL STUDENT PRACTICE (ULUSLARARASI ÖĞRENCİ STAJI ),1.0,"0.00 (0.00,0.00,0.00)",Undergraduate/Lisans,Undergraduate Practice / Lisans Staj,https://student.metu.edu.tr/proxy/View_Program_Course_Details_64/main.php,2026-05-11T10:50:20+00:00,data\raw\sais\offerings\20252\CHEM\20260511T105020Z\program.html
ES,20252,2025-2026 Spring,561,Engineering Sciences/Mühendislik Bilimleri,5610202,ES 202,202,MATHEMATICS FOR ENGINEERS (MÜHENDİSLİK MATEMATİĞİ ),5.0,"3.00 (3.00,0.00,0.00)",Undergraduate/Lisans,Undergraduate / Lisans,https://student.metu.edu.tr/proxy/View_Program_Course_Details_64/main.php,2026-05-11T10:50:20+00:00,data\raw\sais\offerings\20252\ES\20260511T105020Z\program.html
ES,20252,2025-2026 Spring,561,Engineering Sciences/Mühendislik Bilimleri,5610221,ES 221,221,ENGINEERING MECHANICS I (MÜHENDİSLİK MEKANİĞİ-I ),5.0,"3.00 (3.00,0.00,)",Undergraduate/Lisans,Undergraduate / Lisans,https://student.metu.edu.tr/proxy/View_Program_Course_Details_64/main.php,2026-05-11T10:50:20+00:00,data\raw\sais\offerings\20252\ES\20260511T105020Z\program.html
ES,20252,2025-2026 Spring,561,Engineering Sciences/Mühendislik Bilimleri,5610223,ES 223,223,STATICS AND STRENGTH OF MATERIALS (STATİK VE MUKAVEMET ),5.0,"4.00 (,,)",Undergraduate/Lisans,Undergraduate / Lisans,https://student.metu.edu.tr/proxy/View_Program_Course_Details_64/main.php,2026-05-11T10:50:20+00:00,data\raw\sais\offerings\20252\ES\20260511T105020Z\program.html
ES,20252,2025-2026 Spring,561,Engineering Sciences/Mühendislik Bilimleri,5610224,ES 224,224,STRENGTH OF MATERIALS (MUKAVEMET ),5.0,"3.00 (3.00,0.00,0.00)",Undergraduate/Lisans,Undergraduate / Lisans,https://student.metu.edu.tr/proxy/View_Program_Course_Details_64/main.php,2026-05-11T10:50:20+00:00,data\raw\sais\offerings\20252\ES\20260511T105020Z\program.html
ES,20252,2025-2026 Spring,561,Engineering Sciences/Mühendislik Bilimleri,5610303,ES 303,303,STATISTICAL METHODS FOR ENGINEERS (MÜHENDİSLER İÇİN İSTATİSTİKSEL YÖNTEMLER ),5.0,"3.00 (3.00,0.00,0.00)",Undergraduate/Lisans,Undergraduate / Lisans,https://student.metu.edu.tr/proxy/View_Program_Course_Details_64/main.php,2026-05-11T10:50:20+00:00,data\raw\sais\offerings\20252\ES\20260511T105020Z\program.html
ES,20252,2025-2026 Spring,561,Engineering Sciences/Mühendislik Bilimleri,5610361,ES 361,361,COMPUTING METHODS IN ENGINEERING (MÜHENDİSLİKTE HESAPLAMA YÖNTEMLERİ ),5.0,"3.00 (3.00,0.00,0.00)",Undergraduate/Lisans,Undergraduate / Lisans,https://student.metu.edu.tr/proxy/View_Program_Course_Details_64/main.php,2026-05-11T10:50:20+00:00,data\raw\sais\offerings\20252\ES\20260511T105020Z\program.html
ES,20252,2025-2026 Spring,561,Engineering Sciences/Mühendislik Bilimleri,5610500,ES 500,500,M.S. THESIS (YÜKSEK LİSANS TEZİ ),50.0,"0.00 (0.00,0.00,)",Master`s/Yüksek Lisans,M.S. Thesis / Yüksek Lisans Tez,https://student.metu.edu.tr/proxy/View_Program_Course_Details_64/main.php,2026-05-11T10:50:20+00:00,data\raw\sais\offerings\20252\ES\20260511T105020Z\program.html
ES,20252,2025-2026 Spring,561,Engineering Sciences/Mühendislik Bilimleri,5610525,ES 525,525,THEORY OF CONTINUOUS MEDIA I (SÜREKLİ ORTAMLAR MEKANİĞİ I ),8.0,"3.00 (3.00,0.00,)",Graduate/Yüksek Lisans+Doktora,Master's / Yüksek Lisans,https://student.metu.edu.tr/proxy/View_Program_Course_Details_64/main.php,2026-05-11T10:50:20+00:00,data\raw\sais\offerings\20252\ES\20260511T105020Z\program.html
ES,20252,2025-2026 Spring,561,Engineering Sciences/Mühendislik Bilimleri,5610541,ES 541,541,INTRODUCTION TO BIOMECHANICS (BİYOMEKANİĞE GİRİŞ ),8.0,"3.00 (3.00,0.00,)",Graduate/Yüksek Lisans+Doktora,Master's / Yüksek Lisans,https://student.metu.edu.tr/proxy/View_Program_Course_Details_64/main.php,2026-05-11T10:50:20+00:00,data\raw\sais\offerings\20252\ES\20260511T105020Z\program.html
ES,20252,2025-2026 Spring,561,Engineering Sciences/Mühendislik Bilimleri,5610545,ES 545,545,TISSUE ENGINEERING (DOKU MÜHENDİSLİĞİ ),8.0,"3.00 (3.00,0.00,0.00)",Graduate/Yüksek Lisans+Doktora,Master's / Yüksek Lisans,https://student.metu.edu.tr/proxy/View_Program_Course_Details_64/main.php,2026-05-11T10:50:20+00:00,data\raw\sais\offerings\20252\ES\20260511T105020Z\program.html
ES,20252,2025-2026 Spring,561,Engineering Sciences/Mühendislik Bilimleri,5610570,ES 570,570,RESEARCH METHODS AND ETHICS IN ENGINEERING SCIENCES (MÜHENDİSLİK BİLİMLERİNDE ETİK VE ARAŞTIRMA YÖNTEMLERİ ),10.0,"0.00 (0.00,0.00,0.00)",Graduate/Yüksek Lisans+Doktora,Ethics / Etik,https://student.metu.edu.tr/proxy/View_Program_Course_Details_64/main.php,2026-05-11T10:50:20+00:00,data\raw\sais\offerings\20252\ES\20260511T105020Z\program.html
ES,20252,2025-2026 Spring,561,Engineering Sciences/Mühendislik Bilimleri,5610591,ES 591,591,SEMINAR (SEMİNER ),10.0,"0.00 (0.00,2.00,0.00)",Graduate/Yüksek Lisans+Doktora,Seminar / Seminer,https://student.metu.edu.tr/proxy/View_Program_Course_Details_64/main.php,2026-05-11T10:50:20+00:00,data\raw\sais\offerings\20252\ES\20260511T105020Z\program.html
ES,20252,2025-2026 Spring,561,Engineering Sciences/Mühendislik Bilimleri,5610600,ES 600,600,PH.D. THESIS (DOKTORA TEZİ ),130.0,"0.00 (0.00,0.00,)",Doctoral/Doktora,Ph.D Thesis / Doktora Tez,https://student.metu.edu.tr/proxy/View_Program_Course_Details_64/main.php,2026-05-11T10:50:20+00:00,data\raw\sais\offerings\20252\ES\20260511T105020Z\program.html
ES,20252,2025-2026 Spring,561,Engineering Sciences/Mühendislik Bilimleri,5610691,ES 691,691,SEMINAR (SEMİNER ),10.0,"0.00 (0.00,2.00,)",Graduate/Yüksek Lisans+Doktora,Seminar / Seminer,https://student.metu.edu.tr/proxy/View_Program_Course_Details_64/main.php,2026-05-11T10:50:20+00:00,data\raw\sais\offerings\20252\ES\20260511T105020Z\program.html
ES,20252,2025-2026 Spring,561,Engineering Sciences/Mühendislik Bilimleri,5610820,ES 820,820,SPECIAL STUDIES (YÜKSEK LİSANS TEZİ İLERİ ÇALIŞMALAR ),10.0,"0.00 (0.00,0.00,0.00)",Graduate/Yüksek Lisans+Doktora,M.S. Thesis / Yüksek Lisans Tez,https://student.metu.edu.tr/proxy/View_Program_Course_Details_64/main.php,2026-05-11T10:50:20+00:00,data\raw\sais\offerings\20252\ES\20260511T105020Z\program.html
ES,20252,2025-2026 Spring,561,Engineering Sciences/Mühendislik Bilimleri,5610920,ES 920,920,ADVANCED STUDIES (DOKTORA TEZİ İLERİ ÇALIŞMALAR ),70.0,"0.00 (0.00,0.00,0.00)",Graduate/Yüksek Lisans+Doktora,Ph.D Thesis / Doktora Tez,https://student.metu.edu.tr/proxy/View_Program_Course_Details_64/main.php,2026-05-11T10:50:20+00:00,data\raw\sais\offerings\20252\ES\20260511T105020Z\program.html
ECON,20252,2025-2026 Spring,311,Economics/İktisat,3110101,ECON 101,101,INTRODUCTION TO ECONOMICS I (İKTİSADA GİRİŞ I ),8.0,"5.00 (4.00,2.00,)",Undergraduate/Lisans,Undergraduate / Lisans,https://student.metu.edu.tr/proxy/View_Program_Course_Details_64/main.php,2026-05-11T10:50:20+00:00,data\raw\sais\offerings\20252\ECON\20260511T105020Z\program.html
ECON,20252,2025-2026 Spring,311,Economics/İktisat,3110102,ECON 102,102,INTRODUCTION TO ECONOMICS II (İKTİSADA GİRİŞ II ),8.0,"5.00 (4.00,2.00,)",Undergraduate/Lisans,Undergraduate / Lisans,https://student.metu.edu.tr/proxy/View_Program_Course_Details_64/main.php,2026-05-11T10:50:20+00:00,data\raw\sais\offerings\20252\ECON\20260511T105020Z\program.html
ECON,20252,2025-2026 Spring,311,Economics/İktisat,3110106,ECON 106,106,INTRODUCTION TO RESEARCH METHODS II (ARAŞTIRMA METODLARINA GİRİŞ II ),4.0,"3.00 (2.00,2.00,)",Undergraduate/Lisans,Undergraduate / Lisans,https://student.metu.edu.tr/proxy/View_Program_Course_Details_64/main.php,2026-05-11T10:50:20+00:00,data\raw\sais\offerings\20252\ECON\20260511T105020Z\program.html
ECON,20252,2025-2026 Spring,311,Economics/İktisat,3110108,ECON 108,108,"ECONOMY, SOCIETY, AND CIVILIZATION II (İKTİSAT, TOPLUM VE MEDENİYET TARİHİ II )",5.0,"3.00 (3.00,0.00,)",Undergraduate/Lisans,Undergraduate / Lisans,https://student.metu.edu.tr/proxy/View_Program_Course_Details_64/main.php,2026-05-11T10:50:20+00:00,data\raw\sais\offerings\20252\ECON\20260511T105020Z\program.html
ECON,20252,2025-2026 Spring,311,Economics/İktisat,3110122,ECON 122,122,PRINCIPLES OF MACROECONOMICS (MAKROİKTİSADIN TEMELLERİ ),6.0,"3.00 (3.00,0.00,0.00)",Undergraduate/Lisans,Undergraduate / Lisans,https://student.metu.edu.tr/proxy/View_Program_Course_Details_64/main.php,2026-05-11T10:50:20+00:00,data\raw\sais\offerings\20252\ECON\20260511T105020Z\program.html
ECON,20252,2025-2026 Spring,311,Economics/İktisat,3110201,ECON 201,201,MICROECONOMIC THEORY I (MİKROİKTİSAT KURAMI I ),7.0,"4.00 (3.00,2.00,0.00)",Undergraduate/Lisans,Undergraduate / Lisans,https://student.metu.edu.tr/proxy/View_Program_Course_Details_64/main.php,2026-05-11T10:50:20+00:00,data\raw\sais\offerings\20252\ECON\20260511T105020Z\program.html
ECON,20252,2025-2026 Spring,311,Economics/İktisat,3110202,ECON 202,202,MACROECONOMIC THEORY I (MAKROİKTİSAT KURAMI I ),7.0,"4.00 (3.00,2.00,0.00)",Undergraduate/Lisans,Undergraduate / Lisans,https://student.metu.edu.tr/proxy/View_Program_Course_Details_64/main.php,2026-05-11T10:50:20+00:00,data\raw\sais\offerings\20252\ECON\20260511T105020Z\program.html
ECON,20252,2025-2026 Spring,311,Economics/İktisat,3110203,ECON 203,203,MICROECONOMIC THEORY II (MİKROİKTİSAT KURAMI II ),7.0,"4.00 (3.00,2.00,0.00)",Undergraduate/Lisans,Undergraduate / Lisans,https://student.metu.edu.tr/proxy/View_Program_Course_Details_64/main.php,2026-05-11T10:50:20+00:00,data\raw\sais\offerings\20252\ECON\20260511T105020Z\program.html
ECON,20252,2025-2026 Spring,311,Economics/İktisat,3110204,ECON 204,204,MACROECONOMIC THEORY II (MAKROİKTİSAT KURAMI II ),7.0,"4.00 (3.00,2.00,0.00)",Undergraduate/Lisans,Undergraduate / Lisans,https://student.metu.edu.tr/proxy/View_Program_Course_Details_64/main.php,2026-05-11T10:50:20+00:00,data\raw\sais\offerings\20252\ECON\20260511T105020Z\program.html
ECON,20252,2025-2026 Spring,311,Economics/İktisat,3110205,ECON 205,205,STATISTICS FOR ECONOMISTS I (İKTİSATÇILAR İÇİN İSTATİSTİK I ),6.0,"3.00 (3.00,0.00,0.00)",Undergraduate/Lisans,Undergraduate / Lisans,https://student.metu.edu.tr/proxy/View_Program_Course_Details_64/main.php,2026-05-11T10:50:20+00:00,data\raw\sais\offerings\20252\ECON\20260511T105020Z\program.html
ECON,20252,2025-2026 Spring,311,Economics/İktisat,3110206,ECON 206,206,STATISTICS FOR ECONOMISTS II (İKTİSATÇILAR İÇİN İSTATİSTİK II ),6.0,"3.00 (3.00,0.00,0.00)",Undergraduate/Lisans,Undergraduate / Lisans,https://student.metu.edu.tr/proxy/View_Program_Course_Details_64/main.php,2026-05-11T10:50:20+00:00,data\raw\sais\offerings\20252\ECON\20260511T105020Z\program.html
ECON,20252,2025-2026 Spring,311,Economics/İktisat,3110208,ECON 208,208,SOCIAL AND ECONOMIC HISTORY II (SOSYAL VE İKTİSADİ TARİH II ),6.0,"3.00 (3.00,0.00,)",Undergraduate/Lisans,Undergraduate / Lisans,https://student.metu.edu.tr/proxy/View_Program_Course_Details_64/main.php,2026-05-11T10:50:20+00:00,data\raw\sais\offerings\20252\ECON\20260511T105020Z\program.html
ECON,20252,2025-2026 Spring,311,Economics/İktisat,3110210,ECON 210,210,PRINCIPLES OF ECONOMICS (GİRİŞ İKTİSADI ),5.0,"3.00 (3.00,0.00,0.00)",Undergraduate/Lisans,Undergraduate / Lisans,https://student.metu.edu.tr/proxy/View_Program_Course_Details_64/main.php,2026-05-11T10:50:20+00:00,data\raw\sais\offerings\20252\ECON\20260511T105020Z\program.html
ECON,20252,2025-2026 Spring,311,Economics/İktisat,3110212,ECON 212,212,PRINCIPLES OF ECONOMICS II (İKTİSADIN TEMELLERİ II ),6.0,"3.00 (3.00,0.00,0.00)",Undergraduate/Lisans,Undergraduate / Lisans,https://student.metu.edu.tr/proxy/View_Program_Course_Details_64/main.php,2026-05-11T10:50:20+00:00,data\raw\sais\offerings\20252\ECON\20260511T105020Z\program.html
ECON,20252,2025-2026 Spring,311,Economics/İktisat,3110301,ECON 301,301,INTRODUCTION TO ECONOMETRICS I (EKONOMETRİYE GİRİŞ I ),6.0,"4.00 (3.00,2.00,)",Undergraduate/Lisans,Undergraduate / Lisans,https://student.metu.edu.tr/proxy/View_Program_Course_Details_64/main.php,2026-05-11T10:50:20+00:00,data\raw\sais\offerings\20252\ECON\20260511T105020Z\program.html
ECON,20252,2025-2026 Spring,311,Economics/İktisat,3110302,ECON 302,302,INTRODUCTION TO ECONOMETRICS II (EKONOMETRİYE GİRİŞ II ),6.0,"4.00 (3.00,2.00,)",Undergraduate/Lisans,Undergraduate / Lisans,https://student.metu.edu.tr/proxy/View_Program_Course_Details_64/main.php,2026-05-11T10:50:20+00:00,data\raw\sais\offerings\20252\ECON\20260511T105020Z\program.html
ECON,20252,2025-2026 Spring,311,Economics/İktisat,3110312,ECON 312,312,FISCAL POLICY AND PUBLIC FINANCE (KAMU MALİYESİ ),6.5,"3.00 (3.00,0.00,)",Undergraduate/Lisans,Undergraduate / Lisans,https://student.metu.edu.tr/proxy/View_Program_Course_Details_64/main.php,2026-05-11T10:50:20+00:00,data\raw\sais\offerings\20252\ECON\20260511T105020Z\program.html
ECON,20252,2025-2026 Spring,311,Economics/İktisat,3110314,ECON 314,314,ECON.OF GROWTH AND DEVELOPMENT (BÜYÜME VE KALKINMA EKONOMİSİ ),6.0,"3.00 (3.00,0.00,0.00)",Undergraduate/Lisans,Undergraduate / Lisans,https://student.metu.edu.tr/proxy/View_Program_Course_Details_64/main.php,2026-05-11T10:50:20+00:00,data\raw\sais\offerings\20252\ECON\20260511T105020Z\program.html
ECON,20252,2025-2026 Spring,311,Economics/İktisat,3110353,ECON 353,353,INTRODUCT.TO INTERNATIONAL ECONOMICS I (ULUSLARARASI İKTİSAT I ),6.5,"3.00 (3.00,0.00,)",Undergraduate/Lisans,Undergraduate / Lisans,https://student.metu.edu.tr/proxy/View_Program_Course_Details_64/main.php,2026-05-11T10:50:20+00:00,data\raw\sais\offerings\20252\ECON\20260511T105020Z\program.html
ECON,20252,2025-2026 Spring,311,Economics/İktisat,3110354,ECON 354,354,INTRODUCT. TO INTERNATIONAL ECONOMICS II (ULUSLARARASI İKTİSAT II ),6.5,"3.00 (3.00,0.00,)",Undergraduate/Lisans,Undergraduate / Lisans,https://student.metu.edu.tr/proxy/View_Program_Course_Details_64/main.php,2026-05-11T10:50:20+00:00,data\raw\sais\offerings\20252\ECON\20260511T105020Z\program.html
ECON,20252,2025-2026 Spring,311,Economics/İktisat,3110361,ECON 361,361,HISTORY OF ECONOMIC THOUGHT I (İKTİSADİ DÜŞÜNCE TARİHİ I ),6.0,"3.00 (3.00,0.00,0.00)",Undergraduate/Lisans,Undergraduate / Lisans,https://student.metu.edu.tr/proxy/View_Program_Course_Details_64/main.php,2026-05-11T10:50:20+00:00,data\raw\sais\offerings\20252\ECON\20260511T105020Z\program.html
ECON,20252,2025-2026 Spring,311,Economics/İktisat,3110362,ECON 362,362,HISTORY OF ECONOMIC THOUGHT II (İKTİSADİ DÜŞÜNCE TARİHİ II ),6.0,"3.00 (3.00,0.00,0.00)",Undergraduate/Lisans,Undergraduate / Lisans,https://student.metu.edu.tr/proxy/View_Program_Course_Details_64/main.php,2026-05-11T10:50:20+00:00,data\raw\sais\offerings\20252\ECON\20260511T105020Z\program.html
ECON,20252,2025-2026 Spring,311,Economics/İktisat,3110400,ECON 400,400,SEMINAR IN ECONOMICS (EKONOMİ SEMİNERİ ),10.0,"3.00 (0.00,6.00,)",Undergraduate/Lisans,Seminar / Seminer,https://student.metu.edu.tr/proxy/View_Program_Course_Details_64/main.php,2026-05-11T10:50:20+00:00,data\raw\sais\offerings\20252\ECON\20260511T105020Z\program.html
ECON,20252,2025-2026 Spring,311,Economics/İktisat,3110402,ECON 402,402,PRACTICAL TRAINING IN ECONOMICS II (İKTİSATTA PRATİK UYGULAMALAR II ),6.0,"3.00 (3.00,0.00,)",Undergraduate/Lisans,Undergraduate / Lisans,https://student.metu.edu.tr/proxy/View_Program_Course_Details_64/main.php,2026-05-11T10:50:20+00:00,data\raw\sais\offerings\20252\ECON\20260511T105020Z\program.html
ECON,20252,2025-2026 Spring,311,Economics/İktisat,3110411,ECON 411,411,ECON.OF NETWORK AND THE INTERNET (AĞ VE İNTERNET EKONOMİSİ ),6.0,"3.00 (3.00,0.00,0.00)",Undergraduate/Lisans,Undergraduate / Lisans,https://student.metu.edu.tr/proxy/View_Program_Course_Details_64/main.php,2026-05-11T10:50:20+00:00,data\raw\sais\offerings\20252\ECON\20260511T105020Z\program.html
ECON,20252,2025-2026 Spring,311,Economics/İktisat,3110426,ECON 426,426,ECONOMICS OF NATURAL RESOURCES (DOĞAL KAYNAKLAR EKONOMİSİ ),6.0,"3.00 (3.00,0.00,)",Undergraduate/Lisans,Undergraduate / Lisans,https://student.metu.edu.tr/proxy/View_Program_Course_Details_64/main.php,2026-05-11T10:50:20+00:00,data\raw\sais\offerings\20252\ECON\20260511T105020Z\program.html
ECON,20252,2025-2026 Spring,311,Economics/İktisat,3110442,ECON 442,442,TOPICS IN MONETARY MACROECONOMICS (PARASAL MAKROEKONOMİ KONULARI ),6.0,"3.00 (3.00,0.00,)",Undergraduate/Lisans,Undergraduate / Lisans,https://student.metu.edu.tr/proxy/View_Program_Course_Details_64/main.php,2026-05-11T10:50:20+00:00,data\raw\sais\offerings\20252\ECON\20260511T105020Z\program.html
ECON,20252,2025-2026 Spring,311,Economics/İktisat,3110444,ECON 444,444,ECONOMICS OF INNOVATION (İNOVASYON İKTİSADI ),6.0,"3.00 (3.00,0.00,)",Undergraduate/Lisans,Undergraduate / Lisans,https://student.metu.edu.tr/proxy/View_Program_Course_Details_64/main.php,2026-05-11T10:50:20+00:00,data\raw\sais\offerings\20252\ECON\20260511T105020Z\program.html
ECON,20252,2025-2026 Spring,311,Economics/İktisat,3110451,ECON 451,451,INDUSTRIAL ECONOMICS (SANAYİ İKTİSADI ),6.0,"3.00 (3.00,0.00,)",Undergraduate/Lisans,Undergraduate / Lisans,https://student.metu.edu.tr/proxy/View_Program_Course_Details_64/main.php,2026-05-11T10:50:20+00:00,data\raw\sais\offerings\20252\ECON\20260511T105020Z\program.html
ECON,20252,2025-2026 Spring,311,Economics/İktisat,3110460,ECON 460,460,STRUCTURE OF THE TURKISH ECONOMY (TÜRKİYE EKONOMİSİNİN YAPISI ),6.0,"3.00 (3.00,0.00,)",Undergraduate/Lisans,Undergraduate / Lisans,https://student.metu.edu.tr/proxy/View_Program_Course_Details_64/main.php,2026-05-11T10:50:20+00:00,data\raw\sais\offerings\20252\ECON\20260511T105020Z\program.html
ECON,20252,2025-2026 Spring,311,Economics/İktisat,3110465,ECON 465,465,DEVELOPMENT ECONOMICS (KALKINMA İKTİSADI ),6.0,"3.00 (3.00,0.00,)",Undergraduate/Lisans,Undergraduate / Lisans,https://student.metu.edu.tr/proxy/View_Program_Course_Details_64/main.php,2026-05-11T10:50:20+00:00,data\raw\sais\offerings\20252\ECON\20260511T105020Z\program.html
ECON,20252,2025-2026 Spring,311,Economics/İktisat,3110466,ECON 466,466,ECONOMICS OF GROWTH (BÜYÜME İKTİSADI ),6.0,"3.00 (3.00,0.00,)",Undergraduate/Lisans,Undergraduate / Lisans,https://student.metu.edu.tr/proxy/View_Program_Course_Details_64/main.php,2026-05-11T10:50:20+00:00,data\raw\sais\offerings\20252\ECON\20260511T105020Z\program.html
ECON,20252,2025-2026 Spring,311,Economics/İktisat,3110469,ECON 469,469,ECONOMICS OF LABOR (ÇALIŞMA EKONOMİSİ ),6.0,"3.00 (3.00,0.00,0.00)",Undergraduate/Lisans,Undergraduate / Lisans,https://student.metu.edu.tr/proxy/View_Program_Course_Details_64/main.php,2026-05-11T10:50:20+00:00,data\raw\sais\offerings\20252\ECON\20260511T105020Z\program.html
ECON,20252,2025-2026 Spring,311,Economics/İktisat,3110476,ECON 476,476,INTRODUCTION TO MATHEMATICAL ECONOMICS (MATEMATİKSEL İKTİSADA GİRİŞ II ),6.0,"3.00 (3.00,0.00,)",Undergraduate/Lisans,Undergraduate / Lisans,https://student.metu.edu.tr/proxy/View_Program_Course_Details_64/main.php,2026-05-11T10:50:20+00:00,data\raw\sais\offerings\20252\ECON\20260511T105020Z\program.html
ECON,20252,2025-2026 Spring,311,Economics/İktisat,3110487,ECON 487,487,EXPERIMENTAL ECONOMICS (DENEYSEL İKTİSAT ),6.0,"3.00 (3.00,0.00,0.00)",Undergraduate/Lisans,Undergraduate / Lisans,https://student.metu.edu.tr/proxy/View_Program_Course_Details_64/main.php,2026-05-11T10:50:20+00:00,data\raw\sais\offerings\20252\ECON\20260511T105020Z\program.html
ECON,20252,2025-2026 Spring,311,Economics/İktisat,3110496,ECON 496,496,POLITICAL ECON.OF MIDDLE EAST&N.AFRICA (ORTA DOĞU VE KUZEY AFRİKA POLİTİK İKTİSADI ),6.0,"3.00 (3.00,0.00,)",Undergraduate/Lisans,Undergraduate / Lisans,https://student.metu.edu.tr/proxy/View_Program_Course_Details_64/main.php,2026-05-11T10:50:20+00:00,data\raw\sais\offerings\20252\ECON\20260511T105020Z\program.html
ECON,20252,2025-2026 Spring,311,Economics/İktisat,3110499,ECON 499,499,"INTERNATIONAL MONEY, FINANCE AND BANKING (ULUSLARARASI PARA, FİNANS VE BANKACILIK )",6.0,"3.00 (3.00,0.00,0.00)",Undergraduate/Lisans,Undergraduate / Lisans,https://student.metu.edu.tr/proxy/View_Program_Course_Details_64/main.php,2026-05-11T10:50:20+00:00,data\raw\sais\offerings\20252\ECON\20260511T105020Z\program.html
ECON,20252,2025-2026 Spring,311,Economics/İktisat,3110503,ECON 503,503,MICROECONOMIC THEORY II (MİKROİKTİSAT KURAMI II ),8.0,"3.00 (3.00,0.00,)",Graduate/Yüksek Lisans+Doktora,Master's / Yüksek Lisans,https://student.metu.edu.tr/proxy/View_Program_Course_Details_64/main.php,2026-05-11T10:50:20+00:00,data\raw\sais\offerings\20252\ECON\20260511T105020Z\program.html
ECON,20252,2025-2026 Spring,311,Economics/İktisat,3110504,ECON 504,504,MACROECONOMIC THEORY II (MAKROİKTİSAT KURAMI II ),8.0,"3.00 (3.00,0.00,)",Graduate/Yüksek Lisans+Doktora,Master's / Yüksek Lisans,https://student.metu.edu.tr/proxy/View_Program_Course_Details_64/main.php,2026-05-11T10:50:20+00:00,data\raw\sais\offerings\20252\ECON\20260511T105020Z\program.html
ECON,20252,2025-2026 Spring,311,Economics/İktisat,3110508,ECON 508,508,ECONOMETRIC METHODS II (EKONOMETRİK YÖNTEMLER II ),8.0,"3.00 (3.00,0.00,)",Graduate/Yüksek Lisans+Doktora,Master's / Yüksek Lisans,https://student.metu.edu.tr/proxy/View_Program_Course_Details_64/main.php,2026-05-11T10:50:20+00:00,data\raw\sais\offerings\20252\ECON\20260511T105020Z\program.html
ECON,20252,2025-2026 Spring,311,Economics/İktisat,3110589,ECON 589,589,TERM PROJECT (DÖNEM PROJESİ ),20.0,"0.00 (0.00,0.00,0.00)",Graduate/Yüksek Lisans+Doktora,Term Project / Dönem Projesi,https://student.metu.edu.tr/proxy/View_Program_Course_Details_64/main.php,2026-05-11T10:50:20+00:00,data\raw\sais\offerings\20252\ECON\20260511T105020Z\program.html
ECON,20252,2025-2026 Spring,311,Economics/İktisat,3110595,ECON 595,595,SEMINAR (SEMİNER ),10.0,"0.00 (0.00,0.00,0.00)",Graduate/Yüksek Lisans+Doktora,Seminar / Seminer,https://student.metu.edu.tr/proxy/View_Program_Course_Details_64/main.php,2026-05-11T10:50:20+00:00,data\raw\sais\offerings\20252\ECON\20260511T105020Z\program.html
ECON,20252,2025-2026 Spring,311,Economics/İktisat,3110599,ECON 599,599,MASTER'S THESIS (YÜKSEK LİSANS TEZİ ),50.0,"0.00 (0.00,0.00,)",Master`s/Yüksek Lisans,M.S. Thesis / Yüksek Lisans Tez,https://student.metu.edu.tr/proxy/View_Program_Course_Details_64/main.php,2026-05-11T10:50:20+00:00,data\raw\sais\offerings\20252\ECON\20260511T105020Z\program.html
ECON,20252,2025-2026 Spring,311,Economics/İktisat,3110603,ECON 603,603,ECONOMICS OF CLIMATE CHANGE (İKLİM DEĞİŞİKLİĞİNİN EKONOMİSİ ),8.0,"3.00 (3.00,0.00,0.00)",Graduate/Yüksek Lisans+Doktora,Master's / Yüksek Lisans,https://student.metu.edu.tr/proxy/View_Program_Course_Details_64/main.php,2026-05-11T10:50:20+00:00,data\raw\sais\offerings\20252\ECON\20260511T105020Z\program.html
ECON,20252,2025-2026 Spring,311,Economics/İktisat,3110624,ECON 624,624,FINANCIAL ECONOMICS I (FİNANSAL İKTİSAT ),8.0,"3.00 (3.00,0.00,0.00)",Doctoral/Doktora,Doctoral / Doktora,https://student.metu.edu.tr/proxy/View_Program_Course_Details_64/main.php,2026-05-11T10:50:20+00:00,data\raw\sais\offerings\20252\ECON\20260511T105020Z\program.html
ECON,20252,2025-2026 Spring,311,Economics/İktisat,3110691,ECON 691,691,ECONOMICS OF TECHNOLOGY POLICY (TEKNOLOJİ POLİTİKASI İKTİSADI ),8.0,"3.00 (3.00,0.00,)",Graduate/Yüksek Lisans+Doktora,Doctoral / Doktora,https://student.metu.edu.tr/proxy/View_Program_Course_Details_64/main.php,2026-05-11T10:50:20+00:00,data\raw\sais\offerings\20252\ECON\20260511T105020Z\program.html
ECON,20252,2025-2026 Spring,311,Economics/İktisat,3110696,ECON 696,696,GRADUATE SEMINAR IN ECONOMICS (LİSANSÜSTÜ İKTİSAT SEMİNERLERİ ),6.0,"0.00 (4.00,0.00,0.00)",Graduate/Yüksek Lisans+Doktora,Seminar / Seminer,https://student.metu.edu.tr/proxy/View_Program_Course_Details_64/main.php,2026-05-11T10:50:20+00:00,data\raw\sais\offerings\20252\ECON\20260511T105020Z\program.html
ECON,20252,2025-2026 Spring,311,Economics/İktisat,3110699,ECON 699,699,PH.D. DISSERTATION (DOKTORA TEZ SAVUNMASI ),130.0,"0.00 (0.00,0.00,)",Doctoral/Doktora,Ph.D Thesis / Doktora Tez,https://student.metu.edu.tr/proxy/View_Program_Course_Details_64/main.php,2026-05-11T10:50:20+00:00,data\raw\sais\offerings\20252\ECON\20260511T105020Z\program.html
BIOL,20252,2025-2026 Spring,238,Biology/Biyoloji,2380102,BIOL 102,102,GENERAL BIOLOGY II (GENEL BİYOLOJİ II ),9.0,"4.00 (4.00,0.00,0.00)",Undergraduate/Lisans,Undergraduate / Lisans,https://student.metu.edu.tr/proxy/View_Program_Course_Details_64/main.php,2026-05-11T10:50:20+00:00,data\raw\sais\offerings\20252\BIOL\20260511T105020Z\program.html
BIOL,20252,2025-2026 Spring,238,Biology/Biyoloji,2380106,BIOL 106,106,GENERAL BIOLOGY (GENEL BİYOLOJİ ),5.0,"3.00 (3.00,0.00,0.00)",Undergraduate/Lisans,Undergraduate / Lisans,https://student.metu.edu.tr/proxy/View_Program_Course_Details_64/main.php,2026-05-11T10:50:20+00:00,data\raw\sais\offerings\20252\BIOL\20260511T105020Z\program.html
BIOL,20252,2025-2026 Spring,238,Biology/Biyoloji,2380116,BIOL 116,116,GENERAL BIOLOGY LABORATORY II (GENEL BİYOLOJİ LABORATUVARI II ),3.0,"2.00 (0.00,4.00,0.00)",Undergraduate/Lisans,Labaratory / Laboratuvar,https://student.metu.edu.tr/proxy/View_Program_Course_Details_64/main.php,2026-05-11T10:50:20+00:00,data\raw\sais\offerings\20252\BIOL\20260511T105020Z\program.html
BIOL,20252,2025-2026 Spring,238,Biology/Biyoloji,2380140,BIOL 140,140,BIOLOGY I (BİYOLOJİ I ),4.0,"3.00 (2.00,2.00,0.00)",Undergraduate/Lisans,Undergraduate / Lisans,https://student.metu.edu.tr/proxy/View_Program_Course_Details_64/main.php,2026-05-11T10:50:20+00:00,data\raw\sais\offerings\20252\BIOL\20260511T105020Z\program.html
BIOL,20252,2025-2026 Spring,238,Biology/Biyoloji,2380220,BIOL 220,220,INTRODUCTION TO BIOMETRY (BİYOMETRİYE GİRİŞ ),9.0,"4.00 (3.00,2.00,0.00)",Undergraduate/Lisans,Undergraduate / Lisans,https://student.metu.edu.tr/proxy/View_Program_Course_Details_64/main.php,2026-05-11T10:50:20+00:00,data\raw\sais\offerings\20252\BIOL\20260511T105020Z\program.html
BIOL,20252,2025-2026 Spring,238,Biology/Biyoloji,2380242,BIOL 242,242,BIOLOGY III (BİYOLOJİ III ),4.0,"3.00 (2.00,2.00,0.00)",Undergraduate/Lisans,Undergraduate / Lisans,https://student.metu.edu.tr/proxy/View_Program_Course_Details_64/main.php,2026-05-11T10:50:20+00:00,data\raw\sais\offerings\20252\BIOL\20260511T105020Z\program.html
BIOL,20252,2025-2026 Spring,238,Biology/Biyoloji,2380252,BIOL 252,252,PHYSIOLOGY (FİZYOLOJİ ),7.0,"3.00 (3.00,0.00,0.00)",Undergraduate/Lisans,Undergraduate / Lisans,https://student.metu.edu.tr/proxy/View_Program_Course_Details_64/main.php,2026-05-11T10:50:20+00:00,data\raw\sais\offerings\20252\BIOL\20260511T105020Z\program.html
BIOL,20252,2025-2026 Spring,238,Biology/Biyoloji,2380255,BIOL 255,255,MOLECULAR CELL BIOLOGY (MOLEKÜLER HÜCRE BİYOLOJİSİ ),6.0,"3.00 (3.00,0.00,0.00)",Undergraduate/Lisans,Undergraduate / Lisans,https://student.metu.edu.tr/proxy/View_Program_Course_Details_64/main.php,2026-05-11T10:50:20+00:00,data\raw\sais\offerings\20252\BIOL\20260511T105020Z\program.html
BIOL,20252,2025-2026 Spring,238,Biology/Biyoloji,2380306,BIOL 306,306,MOLECULAR GENETICS (MOLEKÜLER GENETİK ),6.0,"3.00 (3.00,0.00,)",Undergraduate/Lisans,Undergraduate / Lisans,https://student.metu.edu.tr/proxy/View_Program_Course_Details_64/main.php,2026-05-11T10:50:20+00:00,data\raw\sais\offerings\20252\BIOL\20260511T105020Z\program.html
BIOL,20252,2025-2026 Spring,238,Biology/Biyoloji,2380308,BIOL 308,308,BIOCHEMISTRY II (BİYOKİMYA II ),8.0,"4.00 (4.00,0.00,0.00)",Undergraduate/Lisans,Undergraduate / Lisans,https://student.metu.edu.tr/proxy/View_Program_Course_Details_64/main.php,2026-05-11T10:50:20+00:00,data\raw\sais\offerings\20252\BIOL\20260511T105020Z\program.html
BIOL,20252,2025-2026 Spring,238,Biology/Biyoloji,2380310,BIOL 310,310,BIOCHEMISTRY LABORATORY (BİYOKİMYA LABORATUVARI ),4.0,"2.00 (0.00,4.00,0.00)",Undergraduate/Lisans,Labaratory / Laboratuvar,https://student.metu.edu.tr/proxy/View_Program_Course_Details_64/main.php,2026-05-11T10:50:20+00:00,data\raw\sais\offerings\20252\BIOL\20260511T105020Z\program.html
BIOL,20252,2025-2026 Spring,238,Biology/Biyoloji,2380317,BIOL 317,317,MOLECULAR BIOLOGY (MOLEKÜLER BİYOLOJİ ),6.0,"3.00 (3.00,0.00,)",Undergraduate/Lisans,Undergraduate / Lisans,https://student.metu.edu.tr/proxy/View_Program_Course_Details_64/main.php,2026-05-11T10:50:20+00:00,data\raw\sais\offerings\20252\BIOL\20260511T105020Z\program.html
BIOL,20252,2025-2026 Spring,238,Biology/Biyoloji,2380322,BIOL 322,322,BACTERIAL DIVERSITY (BAKTERİ ÇEŞİTLİLİĞİ ),6.0,"3.00 (3.00,0.00,0.00)",Undergraduate/Lisans,Elective / Seçmeli,https://student.metu.edu.tr/proxy/View_Program_Course_Details_64/main.php,2026-05-11T10:50:20+00:00,data\raw\sais\offerings\20252\BIOL\20260511T105020Z\program.html
BIOL,20252,2025-2026 Spring,238,Biology/Biyoloji,2380352,BIOL 352,352,GENETICS LABORATORY (GENETİK LABORATUVARI ),4.0,"2.00 (0.00,4.00,0.00)",Undergraduate/Lisans,Labaratory / Laboratuvar,https://student.metu.edu.tr/proxy/View_Program_Course_Details_64/main.php,2026-05-11T10:50:20+00:00,data\raw\sais\offerings\20252\BIOL\20260511T105020Z\program.html
BIOL,20252,2025-2026 Spring,238,Biology/Biyoloji,2380356,BIOL 356,356,PLANT BIOLOGY (BİTKİ BİYOLOJİSİ ),7.0,"4.00 (3.00,2.00,)",Undergraduate/Lisans,Undergraduate / Lisans,https://student.metu.edu.tr/proxy/View_Program_Course_Details_64/main.php,2026-05-11T10:50:20+00:00,data\raw\sais\offerings\20252\BIOL\20260511T105020Z\program.html
BIOL,20252,2025-2026 Spring,238,Biology/Biyoloji,2380360,BIOL 360,360,SUMMER PRACTICE (YAZ STAJI ),9.0,"0.00 (0.00,4.00,0.00)",Undergraduate/Lisans,Undergraduate Practice / Lisans Staj,https://student.metu.edu.tr/proxy/View_Program_Course_Details_64/main.php,2026-05-11T10:50:20+00:00,data\raw\sais\offerings\20252\BIOL\20260511T105020Z\program.html
BIOL,20252,2025-2026 Spring,238,Biology/Biyoloji,2380361,BIOL 361,361,INTERNATIONAL STUDENT PRACTICE (ULUSLARARASI ÖĞRENCİ STAJI ),9.0,"0.00 (0.00,4.00,0.00)",Undergraduate/Lisans,Undergraduate Practice / Lisans Staj,https://student.metu.edu.tr/proxy/View_Program_Course_Details_64/main.php,2026-05-11T10:50:20+00:00,data\raw\sais\offerings\20252\BIOL\20260511T105020Z\program.html
BIOL,20252,2025-2026 Spring,238,Biology/Biyoloji,2380406,BIOL 406,406,ANIMAL BEHAVIOR (HAYVAN DAVRANIŞLARI ),6.0,"3.00 (3.00,0.00,)",Undergraduate/Lisans,Undergraduate / Lisans,https://student.metu.edu.tr/proxy/View_Program_Course_Details_64/main.php,2026-05-11T10:50:20+00:00,data\raw\sais\offerings\20252\BIOL\20260511T105020Z\program.html
BIOL,20252,2025-2026 Spring,238,Biology/Biyoloji,2380407,BIOL 407,407,IMMUNOLOGY (BAĞIŞIKLIK BİLİMİ ),6.0,"3.00 (3.00,0.00,)",Undergraduate/Lisans,Undergraduate / Lisans,https://student.metu.edu.tr/proxy/View_Program_Course_Details_64/main.php,2026-05-11T10:50:20+00:00,data\raw\sais\offerings\20252\BIOL\20260511T105020Z\program.html
BIOL,20252,2025-2026 Spring,238,Biology/Biyoloji,2380410,BIOL 410,410,VIROLOGY (VİROLOJİ ),7.0,"3.00 (3.00,0.00,0.00)",Undergraduate/Lisans,Undergraduate / Lisans,https://student.metu.edu.tr/proxy/View_Program_Course_Details_64/main.php,2026-05-11T10:50:20+00:00,data\raw\sais\offerings\20252\BIOL\20260511T105020Z\program.html
BIOL,20252,2025-2026 Spring,238,Biology/Biyoloji,2380417,BIOL 417,417,NEUROCHEMISTRY (NÖROKİMYA ),6.0,"3.00 (3.00,0.00,)",Undergraduate/Lisans,Undergraduate / Lisans,https://student.metu.edu.tr/proxy/View_Program_Course_Details_64/main.php,2026-05-11T10:50:20+00:00,data\raw\sais\offerings\20252\BIOL\20260511T105020Z\program.html
BIOL,20252,2025-2026 Spring,238,Biology/Biyoloji,2380424,BIOL 424,424,CLINICAL BIOCHEMISTRY (KLİNİK BİYOKİMYA ),9.0,"4.00 (2.00,4.00,)",Undergraduate/Lisans,Undergraduate / Lisans,https://student.metu.edu.tr/proxy/View_Program_Course_Details_64/main.php,2026-05-11T10:50:20+00:00,data\raw\sais\offerings\20252\BIOL\20260511T105020Z\program.html
BIOL,20252,2025-2026 Spring,238,Biology/Biyoloji,2380428,BIOL 428,428,POPULATION BIOLOGY (TOPLUM BİYOLOJİSİ ),6.0,"3.00 (3.00,0.00,)",Undergraduate/Lisans,Undergraduate / Lisans,https://student.metu.edu.tr/proxy/View_Program_Course_Details_64/main.php,2026-05-11T10:50:20+00:00,data\raw\sais\offerings\20252\BIOL\20260511T105020Z\program.html
BIOL,20252,2025-2026 Spring,238,Biology/Biyoloji,2380438,BIOL 438,438,FRESHWATER ECOLOGY (TATLISU EKOLOJİSİ ),6.0,"3.00 (3.00,0.00,0.00)",Undergraduate/Lisans,Undergraduate / Lisans,https://student.metu.edu.tr/proxy/View_Program_Course_Details_64/main.php,2026-05-11T10:50:20+00:00,data\raw\sais\offerings\20252\BIOL\20260511T105020Z\program.html
BIOL,20252,2025-2026 Spring,238,Biology/Biyoloji,2380441,BIOL 441,441,BIOENTREPRENEURSHIP (BİYO-GİRİŞİMCİLİK ),6.0,"3.00 (3.00,0.00,0.00)",Undergraduate/Lisans,Undergraduate / Lisans,https://student.metu.edu.tr/proxy/View_Program_Course_Details_64/main.php,2026-05-11T10:50:20+00:00,data\raw\sais\offerings\20252\BIOL\20260511T105020Z\program.html
BIOL,20252,2025-2026 Spring,238,Biology/Biyoloji,2380445,BIOL 445,445,MICROBIAL PHYSIOLOGY (MİKROP FİZYOLOJİSİ ),6.0,"3.00 (3.00,0.00,)",Undergraduate/Lisans,Undergraduate / Lisans,https://student.metu.edu.tr/proxy/View_Program_Course_Details_64/main.php,2026-05-11T10:50:20+00:00,data\raw\sais\offerings\20252\BIOL\20260511T105020Z\program.html
BIOL,20252,2025-2026 Spring,238,Biology/Biyoloji,2380447,BIOL 447,447,MICROBIAL ECOLOGY (MİKROP EKOLOJİSİ ),6.0,"3.00 (3.00,0.00,0.00)",Undergraduate/Lisans,Undergraduate / Lisans,https://student.metu.edu.tr/proxy/View_Program_Course_Details_64/main.php,2026-05-11T10:50:20+00:00,data\raw\sais\offerings\20252\BIOL\20260511T105020Z\program.html
BIOL,20252,2025-2026 Spring,238,Biology/Biyoloji,2380448,BIOL 448,448,FIELD ECOLOGY (SAHA EKOLOJİSİ ),6.0,"3.00 (2.00,2.00,)",Undergraduate/Lisans,Undergraduate / Lisans,https://student.metu.edu.tr/proxy/View_Program_Course_Details_64/main.php,2026-05-11T10:50:20+00:00,data\raw\sais\offerings\20252\BIOL\20260511T105020Z\program.html
BIOL,20252,2025-2026 Spring,238,Biology/Biyoloji,2380454,BIOL 454,454,ORNITHOLOGY (KUŞBİLİM ),6.0,"3.00 (2.00,2.00,)",Undergraduate/Lisans,Undergraduate / Lisans,https://student.metu.edu.tr/proxy/View_Program_Course_Details_64/main.php,2026-05-11T10:50:20+00:00,data\raw\sais\offerings\20252\BIOL\20260511T105020Z\program.html
BIOL,20252,2025-2026 Spring,238,Biology/Biyoloji,2380460,BIOL 460,460,SPECIAL PROJECT (ÖZEL PROJE ),6.0,"3.00 (0.00,6.00,)",Undergraduate/Lisans,Term Project / Dönem Projesi,https://student.metu.edu.tr/proxy/View_Program_Course_Details_64/main.php,2026-05-11T10:50:20+00:00,data\raw\sais\offerings\20252\BIOL\20260511T105020Z\program.html
BIOL,20252,2025-2026 Spring,238,Biology/Biyoloji,2380463,BIOL 463,463,STRUCTURAL BIOLOGY (YAPISAL BİYOLOJİ ),6.0,"3.00 (3.00,0.00,0.00)",Undergraduate/Lisans,Undergraduate / Lisans,https://student.metu.edu.tr/proxy/View_Program_Course_Details_64/main.php,2026-05-11T10:50:20+00:00,data\raw\sais\offerings\20252\BIOL\20260511T105020Z\program.html
BIOL,20252,2025-2026 Spring,238,Biology/Biyoloji,2380482,BIOL 482,482,BUTTERFLY ECOLOGY AND CONSERVATION (KELEBEK EKOLOJİSİ VE KORUNMASI ),6.0,"3.00 (2.00,2.00,0.00)",Undergraduate/Lisans,Undergraduate / Lisans,https://student.metu.edu.tr/proxy/View_Program_Course_Details_64/main.php,2026-05-11T10:50:20+00:00,data\raw\sais\offerings\20252\BIOL\20260511T105020Z\program.html
BIOL,20252,2025-2026 Spring,238,Biology/Biyoloji,2380500,BIOL 500,500,M.S. THESIS (YÜKSEK LİSANS TEZİ ),50.0,"0.00 (0.00,0.00,)",Master`s/Yüksek Lisans,M.S. Thesis / Yüksek Lisans Tez,https://student.metu.edu.tr/proxy/View_Program_Course_Details_64/main.php,2026-05-11T10:50:20+00:00,data\raw\sais\offerings\20252\BIOL\20260511T105020Z\program.html
BIOL,20252,2025-2026 Spring,238,Biology/Biyoloji,2380501,BIOL 501,501,SEMINAR IN BIOLOGY (BİYOLOJİ SEMİNERLERİ ),10.0,"0.00 (0.00,2.00,0.00)",Graduate/Yüksek Lisans+Doktora,Seminar / Seminer,https://student.metu.edu.tr/proxy/View_Program_Course_Details_64/main.php,2026-05-11T10:50:20+00:00,data\raw\sais\offerings\20252\BIOL\20260511T105020Z\program.html
BIOL,20252,2025-2026 Spring,238,Biology/Biyoloji,2380502,BIOL 502,502,SEMINAR IN BIOLOGY (BİYOLOJİ SEMİNERLERİ ),10.0,"0.00 (0.00,2.00,0.00)",Graduate/Yüksek Lisans+Doktora,Seminar / Seminer,https://student.metu.edu.tr/proxy/View_Program_Course_Details_64/main.php,2026-05-11T10:50:20+00:00,data\raw\sais\offerings\20252\BIOL\20260511T105020Z\program.html
BIOL,20252,2025-2026 Spring,238,Biology/Biyoloji,2380525,BIOL 525,525,POPULATION GENETICS (TOPLUM GENETİĞİ ),8.0,"3.00 (3.00,0.00,)",Graduate/Yüksek Lisans+Doktora,Master's / Yüksek Lisans,https://student.metu.edu.tr/proxy/View_Program_Course_Details_64/main.php,2026-05-11T10:50:20+00:00,data\raw\sais\offerings\20252\BIOL\20260511T105020Z\program.html
BIOL,20252,2025-2026 Spring,238,Biology/Biyoloji,2380545,BIOL 545,545,PRINCIPLES OF FLUORESCENCE SPECTROSCOPY AND MICROSCOPY (FLORESAN SPEKTROSKOPİ VE MİKROSKOPİ İLKELERİ ),8.0,"3.00 (3.00,0.00,0.00)",Graduate/Yüksek Lisans+Doktora,Master's / Yüksek Lisans,https://student.metu.edu.tr/proxy/View_Program_Course_Details_64/main.php,2026-05-11T10:50:20+00:00,data\raw\sais\offerings\20252\BIOL\20260511T105020Z\program.html
BIOL,20252,2025-2026 Spring,238,Biology/Biyoloji,2380558,BIOL 558,558,BIOETHICS AND RESEARCH METHODS (BİYOETİK VE ARAŞTIRMA METOTLARI ),10.0,"0.00 (0.00,2.00,0.00)",Graduate/Yüksek Lisans+Doktora,Ethics / Etik,https://student.metu.edu.tr/proxy/View_Program_Course_Details_64/main.php,2026-05-11T10:50:20+00:00,data\raw\sais\offerings\20252\BIOL\20260511T105020Z\program.html
BIOL,20252,2025-2026 Spring,238,Biology/Biyoloji,2380574,BIOL 574,574,MAJOR CONCEPTS IN ECOLOGY (EKOLOJİDE ANA KAVRAMLAR ),8.0,"3.00 (3.00,0.00,)",Graduate/Yüksek Lisans+Doktora,Master's / Yüksek Lisans,https://student.metu.edu.tr/proxy/View_Program_Course_Details_64/main.php,2026-05-11T10:50:20+00:00,data\raw\sais\offerings\20252\BIOL\20260511T105020Z\program.html
BIOL,20252,2025-2026 Spring,238,Biology/Biyoloji,2380600,BIOL 600,600,PH.D. THESIS (DOKTORA TEZİ ),130.0,"0.00 (0.00,0.00,)",Doctoral/Doktora,Ph.D Thesis / Doktora Tez,https://student.metu.edu.tr/proxy/View_Program_Course_Details_64/main.php,2026-05-11T10:50:20+00:00,data\raw\sais\offerings\20252\BIOL\20260511T105020Z\program.html
BIOL,20252,2025-2026 Spring,238,Biology/Biyoloji,2380601,BIOL 601,601,SEMINAR IN BIOLOGY (BİYOLOJİ SEMİNERLERİ ),10.0,"0.00 (0.00,2.00,0.00)",Doctoral/Doktora,Seminar / Seminer,https://student.metu.edu.tr/proxy/View_Program_Course_Details_64/main.php,2026-05-11T10:50:20+00:00,data\raw\sais\offerings\20252\BIOL\20260511T105020Z\program.html
BIOL,20252,2025-2026 Spring,238,Biology/Biyoloji,2380705,BIOL 705,705,"PROTEIN STRUCTURE, FUNCTION AND STABILITY (PROTEİN YAPI İŞLEV VE KARARLILIĞI )",8.0,"3.00 (3.00,0.00,)",Graduate/Yüksek Lisans+Doktora,Master's / Yüksek Lisans,https://student.metu.edu.tr/proxy/View_Program_Course_Details_64/main.php,2026-05-11T10:50:20+00:00,data\raw\sais\offerings\20252\BIOL\20260511T105020Z\program.html
BIOL,20252,2025-2026 Spring,238,Biology/Biyoloji,2380755,BIOL 755,755,SPECIAL TOPICS: COMPARATIVE GENOMICS AND TRANSCRIPTOMICS (ÖZEL KONULAR: KARŞILAŞTIRMALI GENOMİK VE TRANSKRİPTOMİK ),8.0,"3.00 (3.00,0.00,0.00)",Graduate/Yüksek Lisans+Doktora,Master's / Yüksek Lisans,https://student.metu.edu.tr/proxy/View_Program_Course_Details_64/main.php,2026-05-11T10:50:20+00:00,data\raw\sais\offerings\20252\BIOL\20260511T105020Z\program.html
BIOL,20252,2025-2026 Spring,238,Biology/Biyoloji,2380758,BIOL 758,758,MOLECULAR BIOLOGY OF NEURODEGENERATIVE DISEASES (NÖRODEJENERATİF HASTALIKLARIN MOLEKÜLER BİYOLOJİSİ ),8.0,"3.00 (3.00,0.00,0.00)",Graduate/Yüksek Lisans+Doktora,Master's / Yüksek Lisans,https://student.metu.edu.tr/proxy/View_Program_Course_Details_64/main.php,2026-05-11T10:50:20+00:00,data\raw\sais\offerings\20252\BIOL\20260511T105020Z\program.html
